id,label
0,2
1,5
2,3
3,1
4,0
5,2
6,0
7,0
8,1
9,0
10,1
11,1
12,0
13,1
14,7
15,7
16,1
17,6
18,5
19,7
20,3
21,0
22,3
23,1
24,0
25,0
26,1
27,0
28,1
29,0
30,4
31,6
32,7
33,0
34,1
35,0
36,6
37,0
38,3
39,1
40,3
41,3
42,0
43,1
44,6
45,1
46,0
47,0
48,4
49,0
50,0
51,1
52,2
53,1
54,5
55,0
56,0
57,0
58,1
59,2
60,0
61,2
62,1
63,1
64,7
65,2
66,7
67,5
68,0
69,0
70,3
71,1
72,5
73,0
74,0
75,5
76,0
77,0
78,6
79,6
80,3
81,0
82,0
83,2
84,0
85,3
86,5
87,0
88,0
89,0
90,1
91,2
92,1
93,0
94,0
95,0
96,1
97,1
98,2
99,2
100,2
101,6
102,1
103,7
104,3
105,6
106,0
107,0
108,0
109,0
110,0
111,1
112,0
113,1
114,8
115,1
116,2
117,3
118,0
119,6
120,0
121,6
122,5
123,0
124,1
125,0
126,4
127,6
128,7
129,0
130,1
131,5
132,6
133,1
134,4
135,0
136,2
137,5
138,6
139,0
140,0
141,1
142,1
143,0
144,0
145,0
146,0
147,7
148,3
149,0
150,1
151,4
152,3
153,3
154,0
155,1
156,0
157,0
158,1
159,1
160,5
161,1
162,0
163,3
164,3
165,1
166,0
167,0
168,5
169,0
170,0
171,0
172,1
173,3
174,1
175,0
176,1
177,0
178,0
179,1
180,0
181,0
182,5
183,6
184,0
185,0
186,8
187,3
188,4
189,2
190,0
191,0
192,1
193,0
194,1
195,1
196,0
197,0
198,3
199,0
200,0
201,0
202,0
203,5
204,0
205,6
206,0
207,6
208,1
209,7
210,2
211,0
212,7
213,1
214,3
215,7
216,6
217,0
218,7
219,0
220,7
221,1
222,2
223,3
224,3
225,5
226,0
227,6
228,0
229,1
230,3
231,2
232,3
233,0
234,3
235,5
236,0
237,1
238,2
239,1
240,0
241,0
242,0
243,2
244,0
245,2
246,0
247,2
248,0
249,1
250,0
251,7
252,0
253,0
254,4
255,7
256,1
257,8
258,8
259,0
260,1
261,0
262,5
263,6
264,0
265,1
266,0
267,0
268,0
269,1
270,0
271,0
272,1
273,1
274,3
275,0
276,7
277,0
278,2
279,0
280,0
281,1
282,2
283,3
284,0
285,1
286,1
287,0
288,2
289,0
290,1
291,0
292,1
293,3
294,3
295,1
296,6
297,0
298,1
299,0
300,0
301,6
302,1
303,4
304,1
305,1
306,5
307,0
308,3
309,6
310,1
311,0
312,3
313,0
314,4
315,5
316,0
317,3
318,2
319,0
320,0
321,1
322,5
323,1
324,5
325,5
326,3
327,3
328,7
329,3
330,4
331,0
332,3
333,7
334,3
335,0
336,1
337,0
338,1
339,6
340,6
341,2
342,1
343,6
344,0
345,4
346,5
347,3
348,2
349,1
350,3
351,0
352,5
353,3
354,3
355,1
356,0
357,1
358,0
359,1
360,2
361,1
362,5
363,6
364,0
365,3
366,1
367,3
368,2
369,2
370,0
371,1
372,1
373,6
374,1
375,2
376,0
377,1
378,0
379,4
380,0
381,3
382,5
383,0
384,5
385,0
386,3
387,0
388,2
389,0
390,4
391,1
392,3
393,1
394,0
395,2
396,5
397,7
398,3
399,0
400,7
401,0
402,6
403,1
404,0
405,1
406,1
407,0
408,1
409,0
410,1
411,2
412,0
413,3
414,2
415,1
416,3
417,0
418,2
419,3
420,0
421,1
422,0
423,0
424,6
425,2
426,6
427,1
428,0
429,1
430,0
431,3
432,3
433,0
434,0
435,0
436,0
437,0
438,0
439,0
440,0
441,2
442,0
443,6
444,1
445,5
446,1
447,1
448,3
449,5
450,1
451,1
452,6
453,1
454,0
455,3
456,0
457,6
458,1
459,7
460,5
461,1
462,8
463,4
464,0
465,2
466,6
467,0
468,7
469,1
470,0
471,0
472,3
473,1
474,5
475,1
476,5
477,1
478,6
479,1
480,0
481,0
482,0
483,8
484,3
485,2
486,0
487,1
488,0
489,3
490,0
491,1
492,3
493,0
494,1
495,0
496,1
497,4
498,1
499,0
500,1
501,1
502,0
503,2
504,0
505,5
506,1
507,0
508,0
509,0
510,7
511,0
512,3
513,0
514,3
515,2
516,2
517,6
518,7
519,3
520,0
521,2
522,0
523,3
524,1
525,0
526,6
527,7
528,0
529,1
530,1
531,1
532,2
533,3
534,2
535,1
536,1
537,0
538,1
539,0
540,1
541,0
542,1
543,2
544,1
545,1
546,0
547,0
548,0
549,0
550,3
551,3
552,5
553,0
554,0
555,2
556,2
557,1
558,6
559,2
560,7
561,3
562,0
563,2
564,3
565,0
566,5
567,2
568,6
569,0
570,0
571,3
572,7
573,0
574,1
575,1
576,3
577,3
578,0
579,1
580,0
581,4
582,2
583,3
584,0
585,0
586,1
587,1
588,0
589,5
590,3
591,0
592,1
593,0
594,3
595,6
596,1
597,5
598,0
599,1
600,3
601,0
602,0
603,3
604,1
605,0
606,2
607,0
608,0
609,0
610,3
611,0
612,3
613,1
614,5
615,6
616,6
617,0
618,7
619,0
620,0
621,2
622,0
623,5
624,1
625,3
626,1
627,6
628,3
629,2
630,8
631,7
632,1
633,0
634,0
635,3
636,6
637,5
638,6
639,0
640,2
641,7
642,6
643,0
644,1
645,0
646,3
647,2
648,0
649,0
650,2
651,0
652,2
653,7
654,5
655,6
656,0
657,3
658,3
659,2
660,0
661,1
662,2
663,1
664,3
665,7
666,1
667,5
668,0
669,7
670,0
671,2
672,6
673,6
674,2
675,2
676,5
677,0
678,0
679,3
680,4
681,2
682,3
683,5
684,2
685,3
686,3
687,6
688,0
689,1
690,1
691,2
692,3
693,7
694,2
695,0
696,2
697,1
698,1
699,0
700,3
701,0
702,0
703,5
704,0
705,1
706,1
707,0
708,0
709,0
710,7
711,0
712,5
713,4
714,0
715,2
716,2
717,0
718,0
719,1
720,1
721,1
722,0
723,2
724,1
725,1
726,2
727,0
728,3
729,3
730,3
731,6
732,5
733,0
734,1
735,1
736,3
737,3
738,2
739,3
740,0
741,0
742,3
743,0
744,0
745,3
746,1
747,1
748,1
749,0
750,7
751,1
752,1
753,2
754,0
755,0
756,1
757,5
758,0
759,0
760,1
761,0
762,0
763,1
764,0
765,2
766,3
767,1
768,6
769,4
770,0
771,0
772,3
773,3
774,1
775,1
776,0
777,0
778,7
779,0
780,0
781,0
782,4
783,4
784,1
785,1
786,0
787,1
788,3
789,3
790,1
791,0
792,3
793,0
794,0
795,0
796,7
797,5
798,3
799,6
800,1
801,0
802,1
803,6
804,1
805,1
806,6
807,1
808,0
809,0
810,1
811,3
812,1
813,0
814,1
815,1
816,2
817,6
818,0
819,1
820,1
821,3
822,3
823,0
824,5
825,5
826,5
827,1
828,0
829,3
830,0
831,1
832,1
833,1
834,0
835,2
836,0
837,0
838,0
839,1
840,1
841,1
842,3
843,1
844,2
845,0
846,1
847,2
848,3
849,1
850,3
851,2
852,1
853,6
854,1
855,0
856,0
857,1
858,4
859,0
860,1
861,1
862,0
863,0
864,0
865,1
866,0
867,7
868,0
869,0
870,3
871,0
872,0
873,5
874,1
875,1
876,0
877,2
878,0
879,5
880,1
881,0
882,1
883,0
884,6
885,1
886,0
887,3
888,0
889,0
890,1
891,5
892,2
893,0
894,0
895,1
896,0
897,3
898,0
899,0
900,7
901,0
902,1
903,2
904,1
905,5
906,7
907,5
908,0
909,3
910,2
911,2
912,1
913,6
914,1
915,1
916,0
917,1
918,2
919,5
920,2
921,6
922,1
923,0
924,0
925,5
926,3
927,2
928,1
929,0
930,1
931,3
932,0
933,4
934,3
935,7
936,2
937,0
938,0
939,1
940,0
941,2
942,7
943,5
944,5
945,1
946,5
947,3
948,1
949,0
950,0
951,1
952,3
953,6
954,1
955,1
956,1
957,0
958,5
959,2
960,4
961,3
962,0
963,7
964,1
965,0
966,2
967,1
968,1
969,2
970,0
971,0
972,3
973,0
974,3
975,0
976,0
977,4
978,0
979,0
980,0
981,0
982,1
983,1
984,1
985,3
986,2
987,6
988,1
989,1
990,6
991,5
992,3
993,1
994,0
995,0
996,0
997,0
998,0
999,1
1000,7
1001,0
1002,4
1003,6
1004,1
1005,4
1006,5
1007,1
1008,0
1009,1
1010,6
1011,0
1012,0
1013,1
1014,0
1015,1
1016,1
1017,3
1018,0
1019,0
1020,1
1021,1
1022,1
1023,4
1024,2
1025,0
1026,0
1027,5
1028,2
1029,0
1030,7
1031,7
1032,2
1033,0
1034,1
1035,7
1036,3
1037,1
1038,0
1039,0
1040,1
1041,2
1042,6
1043,3
1044,1
1045,5
1046,6
1047,0
1048,0
1049,0
1050,0
1051,1
1052,3
1053,0
1054,1
1055,5
1056,1
1057,7
1058,2
1059,1
1060,0
1061,1
1062,3
1063,0
1064,0
1065,7
1066,1
1067,0
1068,0
1069,7
1070,1
1071,0
1072,1
1073,3
1074,1
1075,7
1076,2
1077,7
1078,1
1079,6
1080,1
1081,1
1082,3
1083,0
1084,2
1085,3
1086,5
1087,0
1088,1
1089,0
1090,0
1091,8
1092,3
1093,3
1094,3
1095,3
1096,0
1097,6
1098,2
1099,1
1100,2
1101,6
1102,6
1103,1
1104,7
1105,0
1106,3
1107,6
1108,3
1109,1
1110,1
1111,3
1112,1
1113,3
1114,1
1115,2
1116,1
1117,0
1118,3
1119,0
1120,0
1121,0
1122,0
1123,0
1124,0
1125,4
1126,7
1127,6
1128,2
1129,0
1130,5
1131,8
1132,2
1133,0
1134,0
1135,1
1136,1
1137,1
1138,0
1139,1
1140,2
1141,1
1142,2
1143,3
1144,1
1145,6
1146,0
1147,3
1148,7
1149,1
1150,3
1151,1
1152,3
1153,5
1154,0
1155,1
1156,8
1157,3
1158,0
1159,3
1160,8
1161,5
1162,2
1163,0
1164,0
1165,7
1166,0
1167,0
1168,6
1169,3
1170,4
1171,6
1172,0
1173,7
1174,0
1175,2
1176,6
1177,1
1178,5
1179,3
1180,3
1181,2
1182,7
1183,0
1184,3
1185,0
1186,0
1187,0
1188,5
1189,1
1190,5
1191,0
1192,0
1193,3
1194,3
1195,1
1196,0
1197,0
1198,0
1199,0
1200,0
1201,4
1202,0
1203,0
1204,2
1205,2
1206,6
1207,7
1208,7
1209,6
1210,0
1211,2
1212,0
1213,1
1214,1
1215,3
1216,3
1217,1
1218,1
1219,7
1220,0
1221,1
1222,0
1223,2
1224,0
1225,6
1226,0
1227,1
1228,3
1229,1
1230,5
1231,5
1232,7
1233,2
1234,0
1235,0
1236,0
1237,1
1238,1
1239,1
1240,0
1241,5
1242,6
1243,1
1244,6
1245,0
1246,0
1247,1
1248,1
1249,1
1250,1
1251,1
1252,7
1253,2
1254,0
1255,2
1256,7
1257,1
1258,1
1259,3
1260,4
1261,0
1262,7
1263,1
1264,1
1265,0
1266,5
1267,1
1268,1
1269,0
1270,6
1271,1
1272,1
1273,5
1274,5
1275,3
1276,2
1277,1
1278,0
1279,1
1280,7
1281,0
1282,1
1283,0
1284,6
1285,0
1286,5
1287,3
1288,4
1289,7
1290,6
1291,2
1292,1
1293,0
1294,3
1295,1
1296,3
1297,0
1298,0
1299,0
1300,0
1301,5
1302,1
1303,0
1304,6
1305,3
1306,0
1307,0
1308,5
1309,6
1310,0
1311,0
1312,3
1313,0
1314,6
1315,1
1316,3
1317,0
1318,6
1319,3
1320,1
1321,0
1322,3
1323,5
1324,0
1325,0
1326,1
1327,0
1328,0
1329,0
1330,1
1331,2
1332,0
1333,0
1334,0
1335,3
1336,0
1337,1
1338,7
1339,5
1340,1
1341,4
1342,0
1343,4
1344,3
1345,4
1346,1
1347,3
1348,1
1349,0
1350,1
1351,6
1352,7
1353,1
1354,3
1355,1
1356,4
1357,0
1358,1
1359,0
1360,1
1361,2
1362,3
1363,1
1364,3
1365,3
1366,4
1367,5
1368,0
1369,0
1370,0
1371,3
1372,0
1373,0
1374,1
1375,3
1376,2
1377,0
1378,4
1379,7
1380,7
1381,6
1382,0
1383,7
1384,5
1385,3
1386,3
1387,1
1388,1
1389,1
1390,0
1391,1
1392,0
1393,1
1394,2
1395,0
1396,2
1397,3
1398,2
1399,1
1400,6
1401,2
1402,1
1403,1
1404,2
1405,3
1406,0
1407,1
1408,0
1409,0
1410,0
1411,6
1412,0
1413,0
1414,0
1415,0
1416,0
1417,1
1418,0
1419,2
1420,2
1421,0
1422,7
1423,0
1424,1
1425,0
1426,5
1427,1
1428,0
1429,6
1430,0
1431,0
1432,7
1433,0
1434,1
1435,1
1436,1
1437,0
1438,7
1439,3
1440,1
1441,0
1442,0
1443,5
1444,2
1445,2
1446,6
1447,7
1448,1
1449,5
1450,2
1451,0
1452,2
1453,1
1454,1
1455,8
1456,7
1457,0
1458,1
1459,8
1460,5
1461,8
1462,1
1463,3
1464,3
1465,2
1466,2
1467,6
1468,0
1469,0
1470,2
1471,0
1472,2
1473,7
1474,1
1475,6
1476,5
1477,6
1478,7
1479,0
1480,6
1481,1
1482,0
1483,3
1484,0
1485,3
1486,0
1487,5
1488,5
1489,0
1490,2
1491,7
1492,3
1493,7
1494,3
1495,2
1496,3
1497,1
1498,0
1499,2
1500,1
1501,0
1502,2
1503,2
1504,3
1505,1
1506,4
1507,3
1508,0
1509,1
1510,4
1511,1
1512,0
1513,6
1514,2
1515,4
1516,3
1517,1
1518,2
1519,3
1520,0
1521,2
1522,2
1523,8
1524,1
1525,1
1526,1
1527,0
1528,3
1529,0
1530,2
1531,4
1532,0
1533,0
1534,3
1535,7
1536,1
1537,0
1538,2
1539,0
1540,7
1541,0
1542,0
1543,1
1544,7
1545,0
1546,0
1547,0
1548,5
1549,6
1550,0
1551,1
1552,0
1553,7
1554,5
1555,0
1556,2
1557,1
1558,0
1559,0
1560,1
1561,0
1562,0
1563,4
1564,0
1565,3
1566,7
1567,0
1568,0
1569,0
1570,2
1571,2
1572,1
1573,6
1574,5
1575,6
1576,1
1577,0
1578,2
1579,2
1580,1
1581,0
1582,0
1583,1
1584,0
1585,4
1586,1
1587,4
1588,4
1589,0
1590,0
1591,0
1592,3
1593,5
1594,1
1595,0
1596,0
1597,6
1598,1
1599,0
1600,0
1601,3
1602,0
1603,3
1604,0
1605,5
1606,5
1607,0
1608,2
1609,0
1610,6
1611,7
1612,1
1613,0
1614,0
1615,0
1616,3
1617,0
1618,2
1619,5
1620,1
1621,1
1622,1
1623,0
1624,3
1625,2
1626,1
1627,0
1628,2
1629,0
1630,3
1631,0
1632,6
1633,0
1634,0
1635,0
1636,0
1637,1
1638,8
1639,3
1640,1
1641,3
1642,0
1643,3
1644,2
1645,7
1646,5
1647,0
1648,7
1649,1
1650,0
1651,4
1652,0
1653,0
1654,3
1655,2
1656,7
1657,0
1658,0
1659,6
1660,0
1661,1
1662,1
1663,3
1664,3
1665,3
1666,0
1667,1
1668,1
1669,3
1670,0
1671,1
1672,0
1673,0
1674,2
1675,1
1676,4
1677,4
1678,0
1679,1
1680,3
1681,0
1682,2
1683,1
1684,4
1685,0
1686,6
1687,0
1688,1
1689,1
1690,1
1691,1
1692,1
1693,1
1694,0
1695,6
1696,0
1697,0
1698,1
1699,6
1700,1
1701,1
1702,5
1703,1
1704,1
1705,6
1706,4
1707,3
1708,5
1709,0
1710,0
1711,7
1712,2
1713,5
1714,1
1715,1
1716,3
1717,2
1718,6
1719,0
1720,3
1721,0
1722,3
1723,0
1724,0
1725,3
1726,3
1727,4
1728,3
1729,2
1730,1
1731,0
1732,0
1733,1
1734,1
1735,0
1736,2
1737,6
1738,1
1739,0
1740,1
1741,6
1742,4
1743,1
1744,0
1745,2
1746,0
1747,0
1748,6
1749,1
1750,0
1751,1
1752,3
1753,3
1754,2
1755,2
1756,2
1757,1
1758,6
1759,0
1760,1
1761,2
1762,6
1763,1
1764,6
1765,4
1766,0
1767,0
1768,5
1769,2
1770,7
1771,3
1772,0
1773,0
1774,0
1775,1
1776,1
1777,7
1778,6
1779,2
1780,3
1781,2
1782,3
1783,0
1784,0
1785,1
1786,1
1787,0
1788,1
1789,1
1790,1
1791,5
1792,3
1793,1
1794,3
1795,0
1796,0
1797,3
1798,3
1799,2
1800,4
1801,1
1802,0
1803,7
1804,5
1805,0
1806,1
1807,0
1808,3
1809,0
1810,2
1811,0
1812,6
1813,1
1814,0
1815,5
1816,1
1817,3
1818,8
1819,0
1820,0
1821,2
1822,0
1823,3
1824,1
1825,3
1826,3
1827,7
1828,0
1829,0
1830,1
1831,4
1832,1
1833,0
1834,1
1835,0
1836,6
1837,3
1838,0
1839,2
1840,6
1841,0
1842,2
1843,6
1844,6
1845,1
1846,7
1847,1
1848,0
1849,1
1850,5
1851,3
1852,0
1853,4
1854,1
1855,1
1856,1
1857,0
1858,3
1859,0
1860,0
1861,0
1862,0
1863,0
1864,7
1865,7
1866,1
1867,3
1868,1
1869,1
1870,6
1871,1
1872,1
1873,0
1874,6
1875,0
1876,0
1877,0
1878,7
1879,0
1880,3
1881,1
1882,2
1883,5
1884,2
1885,6
1886,1
1887,0
1888,0
1889,2
1890,0
1891,1
1892,1
1893,2
1894,0
1895,0
1896,0
1897,3
1898,2
1899,0
1900,0
1901,3
1902,1
1903,0
1904,5
1905,1
1906,1
1907,4
1908,2
1909,1
1910,1
1911,7
1912,3
1913,0
1914,3
1915,6
1916,2
1917,3
1918,0
1919,5
1920,0
1921,0
1922,6
1923,0
1924,3
1925,5
1926,6
1927,0
1928,3
1929,0
1930,4
1931,3
1932,2
1933,3
1934,1
1935,0
1936,3
1937,0
1938,1
1939,1
1940,0
1941,2
1942,0
1943,2
1944,0
1945,4
1946,1
1947,1
1948,0
1949,0
1950,4
1951,0
1952,3
1953,3
1954,1
1955,2
1956,6
1957,2
1958,3
1959,4
1960,0
1961,0
1962,1
1963,3
1964,1
1965,2
1966,6
1967,1
1968,1
1969,5
1970,0
1971,3
1972,1
1973,0
1974,0
1975,2
1976,3
1977,1
1978,0
1979,0
1980,1
1981,6
1982,0
1983,1
1984,2
1985,1
1986,3
1987,7
1988,1
1989,3
1990,0
1991,2
1992,1
1993,4
1994,3
1995,0
1996,0
1997,3
1998,7
1999,0
2000,2
2001,1
2002,7
2003,1
2004,0
2005,1
2006,2
2007,3
2008,0
2009,3
2010,3
2011,3
2012,5
2013,0
2014,8
2015,0
2016,0
2017,3
2018,3
2019,1
2020,7
2021,1
2022,1
2023,0
2024,7
2025,2
2026,0
2027,0
2028,0
2029,1
2030,0
2031,1
2032,3
2033,7
2034,1
2035,3
2036,0
2037,1
2038,3
2039,6
2040,1
2041,0
2042,0
2043,1
2044,0
2045,1
2046,7
2047,6
2048,0
2049,1
2050,1
2051,4
2052,0
2053,3
2054,0
2055,0
2056,0
2057,1
2058,0
2059,0
2060,0
2061,3
2062,3
2063,7
2064,7
2065,9
2066,1
2067,1
2068,4
2069,0
2070,0
2071,1
2072,0
2073,2
2074,6
2075,7
2076,0
2077,2
2078,3
2079,1
2080,3
2081,0
2082,0
2083,3
2084,1
2085,1
2086,0
2087,1
2088,7
2089,6
2090,1
2091,1
2092,3
2093,0
2094,3
2095,1
2096,0
2097,7
2098,2
2099,0
2100,0
2101,0
2102,8
2103,2
2104,1
2105,3
2106,3
2107,4
2108,2
2109,4
2110,1
2111,6
2112,6
2113,0
2114,4
2115,1
2116,0
2117,0
2118,3
2119,2
2120,0
2121,0
2122,3
2123,2
2124,0
2125,2
2126,0
2127,4
2128,0
2129,6
2130,0
2131,2
2132,4
2133,1
2134,0
2135,0
2136,5
2137,4
2138,7
2139,0
2140,1
2141,0
2142,1
2143,0
2144,0
2145,3
2146,6
2147,1
2148,0
2149,3
2150,1
2151,1
2152,1
2153,1
2154,3
2155,2
2156,1
2157,0
2158,1
2159,1
2160,1
2161,0
2162,1
2163,0
2164,3
2165,1
2166,0
2167,6
2168,0
2169,4
2170,1
2171,1
2172,0
2173,2
2174,1
2175,1
2176,5
2177,0
2178,7
2179,0
2180,0
2181,5
2182,1
2183,1
2184,3
2185,0
2186,5
2187,1
2188,6
2189,1
2190,3
2191,0
2192,1
2193,3
2194,1
2195,2
2196,1
2197,1
2198,2
2199,1
2200,0
2201,2
2202,7
2203,0
2204,2
2205,2
2206,0
2207,1
2208,2
2209,6
2210,0
2211,6
2212,0
2213,0
2214,3
2215,4
2216,0
2217,6
2218,7
2219,6
2220,3
2221,2
2222,4
2223,7
2224,5
2225,0
2226,0
2227,0
2228,0
2229,5
2230,0
2231,1
2232,2
2233,4
2234,0
2235,1
2236,7
2237,7
2238,0
2239,0
2240,6
2241,1
2242,4
2243,1
2244,5
2245,5
2246,1
2247,3
2248,1
2249,3
2250,0
2251,1
2252,1
2253,1
2254,6
2255,0
2256,1
2257,6
2258,0
2259,4
2260,6
2261,6
2262,0
2263,0
2264,1
2265,2
2266,0
2267,3
2268,1
2269,0
2270,0
2271,6
2272,1
2273,1
2274,3
2275,0
2276,1
2277,3
2278,1
2279,3
2280,6
2281,6
2282,0
2283,3
2284,2
2285,2
2286,7
2287,1
2288,5
2289,7
2290,0
2291,6
2292,1
2293,3
2294,0
2295,0
2296,7
2297,0
2298,6
2299,0
2300,0
2301,1
2302,0
2303,4
2304,4
2305,5
2306,0
2307,3
2308,0
2309,3
2310,2
2311,0
2312,0
2313,1
2314,2
2315,2
2316,0
2317,1
2318,1
2319,5
2320,2
2321,0
2322,0
2323,7
2324,3
2325,1
2326,1
2327,2
2328,7
2329,0
2330,3
2331,3
2332,7
2333,1
2334,0
2335,2
2336,1
2337,1
2338,7
2339,6
2340,1
2341,1
2342,1
2343,0
2344,0
2345,2
2346,7
2347,1
2348,1
2349,1
2350,0
2351,2
2352,5
2353,0
2354,2
2355,4
2356,5
2357,8
2358,1
2359,6
2360,3
2361,1
2362,2
2363,0
2364,1
2365,7
2366,0
2367,2
2368,1
2369,2
2370,1
2371,0
2372,8
2373,7
2374,2
2375,1
2376,2
2377,0
2378,0
2379,2
2380,0
2381,0
2382,2
2383,0
2384,0
2385,0
2386,0
2387,2
2388,0
2389,0
2390,3
2391,1
2392,0
2393,0
2394,1
2395,1
2396,1
2397,7
2398,1
2399,4
2400,2
2401,2
2402,2
2403,2
2404,0
2405,4
2406,4
2407,0
2408,0
2409,8
2410,2
2411,1
2412,5
2413,5
2414,1
2415,0
2416,0
2417,3
2418,2
2419,2
2420,0
2421,2
2422,1
2423,3
2424,2
2425,2
2426,1
2427,2
2428,2
2429,0
2430,0
2431,3
2432,1
2433,0
2434,0
2435,0
2436,1
2437,4
2438,2
2439,1
2440,1
2441,0
2442,0
2443,1
2444,7
2445,1
2446,1
2447,0
2448,6
2449,0
2450,4
2451,2
2452,1
2453,5
2454,0
2455,2
2456,3
2457,1
2458,3
2459,0
2460,1
2461,0
2462,2
2463,2
2464,0
2465,3
2466,1
2467,1
2468,0
2469,0
2470,0
2471,1
2472,0
2473,0
2474,1
2475,5
2476,6
2477,0
2478,0
2479,0
2480,3
2481,0
2482,0
2483,0
2484,2
2485,0
2486,1
2487,5
2488,1
2489,0
2490,3
2491,2
2492,2
2493,1
2494,3
2495,3
2496,2
2497,2
2498,4
2499,0
2500,7
2501,7
2502,2
2503,0
2504,6
2505,0
2506,0
2507,5
2508,1
2509,0
2510,0
2511,6
2512,0
2513,5
2514,0
2515,4
2516,3
2517,3
2518,0
2519,3
2520,4
2521,0
2522,0
2523,2
2524,0
2525,6
2526,2
2527,8
2528,3
2529,3
2530,6
2531,6
2532,2
2533,1
2534,5
2535,6
2536,0
2537,0
2538,2
2539,6
2540,0
2541,0
2542,4
2543,3
2544,1
2545,7
2546,0
2547,1
2548,2
2549,0
2550,0
2551,0
2552,0
2553,6
2554,0
2555,0
2556,0
2557,1
2558,1
2559,0
2560,4
2561,4
2562,7
2563,0
2564,1
2565,1
2566,0
2567,5
2568,1
2569,2
2570,1
2571,2
2572,0
2573,1
2574,1
2575,5
2576,0
2577,2
2578,0
2579,1
2580,5
2581,4
2582,7
2583,0
2584,7
2585,1
2586,2
2587,0
2588,0
2589,2
2590,1
2591,0
2592,0
2593,1
2594,3
2595,3
2596,1
2597,0
2598,0
2599,1
2600,6
2601,0
2602,1
2603,3
2604,7
2605,3
2606,7
2607,0
2608,3
2609,1
2610,6
2611,0
2612,2
2613,0
2614,5
2615,0
2616,1
2617,1
2618,1
2619,0
2620,3
2621,3
2622,0
2623,0
2624,0
2625,2
2626,0
2627,0
2628,1
2629,0
2630,7
2631,4
2632,0
2633,6
2634,1
2635,0
2636,0
2637,3
2638,2
2639,1
2640,0
2641,0
2642,0
2643,0
2644,0
2645,6
2646,3
2647,1
2648,0
2649,6
2650,0
2651,1
2652,1
2653,3
2654,1
2655,1
2656,1
2657,7
2658,6
2659,5
2660,5
2661,3
2662,1
2663,0
2664,0
2665,1
2666,6
2667,3
2668,0
2669,1
2670,1
2671,1
2672,0
2673,0
2674,1
2675,3
2676,0
2677,0
2678,0
2679,6
2680,3
2681,0
2682,3
2683,0
2684,1
2685,0
2686,0
2687,2
2688,0
2689,0
2690,0
2691,0
2692,0
2693,0
2694,0
2695,3
2696,0
2697,3
2698,0
2699,0
2700,3
2701,2
2702,0
2703,0
2704,3
2705,0
2706,0
2707,1
2708,3
2709,4
2710,0
2711,3
2712,7
2713,2
2714,7
2715,7
2716,0
2717,1
2718,1
2719,1
2720,0
2721,2
2722,3
2723,3
2724,3
2725,6
2726,0
2727,3
2728,0
2729,0
2730,0
2731,0
2732,8
2733,5
2734,5
2735,2
2736,0
2737,3
2738,3
2739,2
2740,0
2741,3
2742,0
2743,0
2744,0
2745,7
2746,6
2747,1
2748,5
2749,2
2750,5
2751,3
2752,7
2753,2
2754,0
2755,3
2756,3
2757,7
2758,7
2759,3
2760,0
2761,5
2762,5
2763,6
2764,1
2765,2
2766,6
2767,0
2768,1
2769,0
2770,0
2771,5
2772,0
2773,2
2774,7
2775,7
2776,4
2777,1
2778,0
2779,7
2780,6
2781,2
2782,0
2783,1
2784,7
2785,1
2786,1
2787,7
2788,0
2789,2
2790,6
2791,3
2792,3
2793,2
2794,0
2795,5
2796,2
2797,4
2798,0
2799,0
2800,1
2801,2
2802,4
2803,1
2804,4
2805,3
2806,0
2807,0
2808,2
2809,1
2810,1
2811,6
2812,7
2813,1
2814,5
2815,4
2816,1
2817,6
2818,0
2819,2
2820,6
2821,1
2822,6
2823,2
2824,0
2825,0
2826,0
2827,2
2828,1
2829,6
2830,0
2831,0
2832,1
2833,4
2834,0
2835,0
2836,0
2837,6
2838,0
2839,3
2840,1
2841,2
2842,3
2843,6
2844,1
2845,2
2846,0
2847,0
2848,0
2849,1
2850,0
2851,1
2852,0
2853,6
2854,7
2855,0
2856,0
2857,1
2858,0
2859,1
2860,0
2861,1
2862,8
2863,3
2864,2
2865,6
2866,7
2867,0
2868,0
2869,1
2870,0
2871,0
2872,7
2873,0
2874,1
2875,4
2876,3
2877,2
2878,1
2879,0
2880,0
2881,6
2882,1
2883,6
2884,2
2885,1
2886,1
2887,5
2888,2
2889,2
2890,0
2891,4
2892,1
2893,7
2894,3
2895,2
2896,3
2897,0
2898,0
2899,0
2900,5
2901,0
2902,3
2903,0
2904,1
2905,0
2906,6
2907,0
2908,6
2909,7
2910,3
2911,1
2912,7
2913,0
2914,3
2915,0
2916,1
2917,3
2918,0
2919,1
2920,2
2921,0
2922,2
2923,7
2924,4
2925,3
2926,1
2927,1
2928,6
2929,4
2930,1
2931,0
2932,1
2933,1
2934,1
2935,1
2936,1
2937,6
2938,2
2939,1
2940,1
2941,7
2942,1
2943,0
2944,5
2945,0
2946,0
2947,0
2948,7
2949,3
2950,1
2951,0
2952,0
2953,1
2954,3
2955,2
2956,2
2957,2
2958,1
2959,6
2960,2
2961,0
2962,3
2963,1
2964,0
2965,1
2966,2
2967,0
2968,3
2969,0
2970,0
2971,6
2972,2
2973,0
2974,1
2975,0
2976,3
2977,1
2978,1
2979,1
2980,6
2981,5
2982,7
2983,0
2984,1
2985,0
2986,0
2987,3
2988,0
2989,1
2990,3
2991,7
2992,3
2993,0
2994,4
2995,0
2996,0
2997,1
2998,1
2999,0
3000,6
3001,0
3002,2
3003,0
3004,2
3005,0
3006,7
3007,4
3008,6
3009,7
3010,1
3011,0
3012,0
3013,6
3014,1
3015,1
3016,3
3017,1
3018,0
3019,0
3020,1
3021,0
3022,0
3023,0
3024,3
3025,0
3026,1
3027,4
3028,0
3029,3
3030,0
3031,1
3032,1
3033,1
3034,0
3035,3
3036,4
3037,5
3038,1
3039,3
3040,0
3041,0
3042,3
3043,1
3044,3
3045,1
3046,0
3047,0
3048,2
3049,7
3050,0
3051,7
3052,1
3053,0
3054,4
3055,0
3056,1
3057,3
3058,2
3059,0
3060,5
3061,0
3062,7
3063,1
3064,8
3065,3
3066,3
3067,0
3068,0
3069,7
3070,1
3071,3
3072,3
3073,1
3074,0
3075,6
3076,0
3077,1
3078,7
3079,1
3080,4
3081,8
3082,0
3083,1
3084,5
3085,3
3086,1
3087,2
3088,0
3089,1
3090,4
3091,0
3092,2
3093,7
3094,5
3095,0
3096,6
3097,0
3098,0
3099,1
3100,0
3101,6
3102,4
3103,6
3104,2
3105,6
3106,4
3107,0
3108,1
3109,0
3110,1
3111,3
3112,2
3113,0
3114,3
3115,0
3116,1
3117,3
3118,4
3119,7
3120,2
3121,4
3122,0
3123,2
3124,0
3125,1
3126,1
3127,0
3128,5
3129,6
3130,6
3131,5
3132,1
3133,0
3134,2
3135,0
3136,7
3137,0
3138,1
3139,0
3140,3
3141,0
3142,0
3143,1
3144,1
3145,0
3146,0
3147,0
3148,1
3149,0
3150,2
3151,0
3152,3
3153,3
3154,0
3155,1
3156,6
3157,0
3158,0
3159,2
3160,2
3161,3
3162,1
3163,1
3164,3
3165,1
3166,0
3167,0
3168,0
3169,1
3170,1
3171,0
3172,3
3173,1
3174,3
3175,4
3176,1
3177,0
3178,0
3179,2
3180,0
3181,0
3182,4
3183,3
3184,0
3185,4
3186,5
3187,7
3188,3
3189,3
3190,1
3191,1
3192,0
3193,0
3194,6
3195,2
3196,0
3197,6
3198,3
3199,1
3200,2
3201,6
3202,0
3203,3
3204,0
3205,2
3206,0
3207,0
3208,3
3209,0
3210,0
3211,6
3212,0
3213,0
3214,2
3215,1
3216,1
3217,4
3218,5
3219,0
3220,1
3221,0
3222,7
3223,0
3224,3
3225,0
3226,0
3227,1
3228,7
3229,3
3230,0
3231,3
3232,6
3233,0
3234,0
3235,0
3236,0
3237,1
3238,7
3239,1
3240,0
3241,1
3242,0
3243,5
3244,2
3245,0
3246,6
3247,1
3248,1
3249,0
3250,0
3251,2
3252,4
3253,3
3254,2
3255,5
3256,4
3257,1
3258,1
3259,7
3260,0
3261,0
3262,3
3263,1
3264,0
3265,7
3266,7
3267,1
3268,1
3269,1
3270,2
3271,1
3272,3
3273,3
3274,0
3275,6
3276,4
3277,5
3278,1
3279,6
3280,0
3281,1
3282,0
3283,0
3284,0
3285,0
3286,0
3287,2
3288,1
3289,0
3290,7
3291,3
3292,3
3293,6
3294,0
3295,6
3296,0
3297,0
3298,7
3299,1
3300,0
3301,7
3302,1
3303,0
3304,3
3305,0
3306,3
3307,1
3308,1
3309,7
3310,6
3311,4
3312,1
3313,3
3314,6
3315,1
3316,1
3317,3
3318,1
3319,2
3320,1
3321,2
3322,0
3323,3
3324,0
3325,0
3326,3
3327,0
3328,1
3329,2
3330,8
3331,0
3332,0
3333,3
3334,5
3335,7
3336,1
3337,0
3338,0
3339,0
3340,3
3341,4
3342,1
3343,0
3344,1
3345,6
3346,0
3347,1
3348,2
3349,5
3350,0
3351,0
3352,6
3353,3
3354,1
3355,1
3356,1
3357,2
3358,0
3359,4
3360,0
3361,0
3362,4
3363,1
3364,0
3365,2
3366,5
3367,1
3368,3
3369,0
3370,1
3371,8
3372,0
3373,0
3374,7
3375,0
3376,6
3377,2
3378,3
3379,5
3380,6
3381,5
3382,0
3383,0
3384,0
3385,2
3386,2
3387,7
3388,1
3389,1
3390,0
3391,0
3392,1
3393,0
3394,3
3395,1
3396,1
3397,0
3398,0
3399,3
3400,7
3401,0
3402,1
3403,0
3404,1
3405,3
3406,1
3407,0
3408,1
3409,3
3410,1
3411,5
3412,1
3413,6
3414,3
3415,1
3416,1
3417,2
3418,0
3419,1
3420,1
3421,0
3422,1
3423,2
3424,1
3425,1
3426,4
3427,2
3428,5
3429,2
3430,0
3431,0
3432,2
3433,2
3434,5
3435,0
3436,1
3437,6
3438,3
3439,1
3440,0
3441,1
3442,1
3443,0
3444,4
3445,2
3446,6
3447,3
3448,0
3449,6
3450,0
3451,3
3452,2
3453,5
3454,6
3455,2
3456,0
3457,1
3458,1
3459,7
3460,1
3461,2
3462,6
3463,3
3464,2
3465,0
3466,0
3467,1
3468,3
3469,1
3470,0
3471,3
3472,1
3473,7
3474,2
3475,0
3476,3
3477,0
3478,2
3479,0
3480,0
3481,0
3482,0
3483,0
3484,6
3485,0
3486,2
3487,0
3488,0
3489,2
3490,2
3491,2
3492,1
3493,0
3494,2
3495,2
3496,2
3497,3
3498,0
3499,5
3500,6
3501,3
3502,1
3503,1
3504,2
3505,3
3506,0
3507,0
3508,0
3509,1
3510,1
3511,0
3512,3
3513,6
3514,1
3515,1
3516,7
3517,0
3518,0
3519,3
3520,4
3521,3
3522,1
3523,4
3524,0
3525,1
3526,1
3527,6
3528,2
3529,1
3530,7
3531,1
3532,1
3533,1
3534,7
3535,3
3536,1
3537,0
3538,3
3539,2
3540,2
3541,2
3542,6
3543,3
3544,2
3545,5
3546,1
3547,0
3548,2
3549,1
3550,0
3551,0
3552,0
3553,1
3554,0
3555,4
3556,0
3557,1
3558,1
3559,0
3560,3
3561,7
3562,2
3563,0
3564,3
3565,1
3566,1
3567,2
3568,3
3569,0
3570,3
3571,3
3572,0
3573,0
3574,1
3575,0
3576,7
3577,1
3578,2
3579,0
3580,0
3581,1
3582,6
3583,2
3584,1
3585,0
3586,3
3587,0
3588,0
3589,0
3590,0
3591,2
3592,4
3593,6
3594,5
3595,1
3596,2
3597,1
3598,1
3599,0
3600,6
3601,5
3602,0
3603,0
3604,1
3605,0
3606,3
3607,0
3608,6
3609,2
3610,2
3611,1
3612,0
3613,0
3614,7
3615,2
3616,5
3617,6
3618,1
3619,8
3620,1
3621,2
3622,1
3623,3
3624,0
3625,0
3626,6
3627,0
3628,3
3629,3
3630,0
3631,0
3632,1
3633,0
3634,3
3635,4
3636,0
3637,1
3638,0
3639,5
3640,0
3641,6
3642,3
3643,5
3644,1
3645,1
3646,6
3647,1
3648,1
3649,1
3650,0
3651,6
3652,0
3653,3
3654,5
3655,3
3656,7
3657,0
3658,0
3659,5
3660,2
3661,0
3662,1
3663,2
3664,1
3665,2
3666,0
3667,6
3668,0
3669,6
3670,4
3671,3
3672,3
3673,0
3674,1
3675,6
3676,0
3677,2
3678,2
3679,1
3680,3
3681,0
3682,7
3683,3
3684,0
3685,5
3686,3
3687,2
3688,7
3689,3
3690,1
3691,0
3692,1
3693,0
3694,1
3695,6
3696,0
3697,5
3698,0
3699,3
3700,3
3701,1
3702,1
3703,0
3704,0
3705,1
3706,0
3707,0
3708,3
3709,0
3710,3
3711,2
3712,6
3713,1
3714,3
3715,7
3716,0
3717,2
3718,3
3719,0
3720,0
3721,2
3722,0
3723,5
3724,6
3725,1
3726,0
3727,0
3728,0
3729,2
3730,1
3731,3
3732,0
3733,1
3734,0
3735,0
3736,0
3737,2
3738,0
3739,1
3740,0
3741,1
3742,2
3743,0
3744,0
3745,2
3746,0
3747,5
3748,6
3749,5
3750,0
3751,0
3752,3
3753,0
3754,0
3755,2
3756,1
3757,0
3758,7
3759,0
3760,1
3761,3
3762,0
3763,1
3764,0
3765,3
3766,1
3767,0
3768,5
3769,3
3770,1
3771,0
3772,2
3773,3
3774,1
3775,1
3776,0
3777,3
3778,1
3779,2
3780,5
3781,7
3782,7
3783,6
3784,5
3785,3
3786,3
3787,0
3788,5
3789,1
3790,1
3791,8
3792,1
3793,2
3794,7
3795,0
3796,6
3797,0
3798,3
3799,6
3800,0
3801,4
3802,1
3803,1
3804,8
3805,0
3806,0
3807,1
3808,5
3809,1
3810,0
3811,2
3812,1
3813,0
3814,3
3815,2
3816,0
3817,7
3818,0
3819,2
3820,7
3821,0
3822,5
3823,0
3824,0
3825,2
3826,0
3827,3
3828,1
3829,0
3830,1
3831,1
3832,3
3833,0
3834,3
3835,0
3836,0
3837,2
3838,1
3839,3
3840,6
3841,7
3842,3
3843,1
3844,6
3845,1
3846,0
3847,0
3848,5
3849,7
3850,3
3851,3
3852,3
3853,7
3854,0
3855,0
3856,3
3857,7
3858,7
3859,1
3860,6
3861,4
3862,1
3863,3
3864,0
3865,0
3866,2
3867,0
3868,5
3869,1
3870,7
3871,3
3872,0
3873,0
3874,3
3875,0
3876,0
3877,0
3878,1
3879,0
3880,7
3881,2
3882,0
3883,0
3884,1
3885,1
3886,1
3887,5
3888,1
3889,5
3890,5
3891,0
3892,1
3893,0
3894,1
3895,0
3896,4
3897,2
3898,0
3899,6
3900,0
3901,7
3902,1
3903,0
3904,8
3905,3
3906,5
3907,0
3908,1
3909,1
3910,1
3911,4
3912,0
3913,2
3914,1
3915,0
3916,0
3917,2
3918,1
3919,2
3920,0
3921,0
3922,3
3923,1
3924,3
3925,0
3926,3
3927,0
3928,2
3929,3
3930,2
3931,2
3932,2
3933,4
3934,0
3935,7
3936,7
3937,1
3938,6
3939,0
3940,3
3941,1
3942,0
3943,2
3944,0
3945,6
3946,0
3947,3
3948,8
3949,3
3950,0
3951,0
3952,7
3953,5
3954,1
3955,2
3956,7
3957,7
3958,3
3959,2
3960,1
3961,1
3962,0
3963,0
3964,0
3965,1
3966,1
3967,0
3968,7
3969,2
3970,6
3971,2
3972,3
3973,3
3974,0
3975,1
3976,0
3977,1
3978,0
3979,6
3980,0
3981,2
3982,7
3983,1
3984,6
3985,0
3986,0
3987,6
3988,4
3989,5
3990,0
3991,2
3992,1
3993,3
3994,3
3995,5
3996,2
3997,5
3998,0
3999,3
4000,0
4001,1
4002,3
4003,1
4004,0
4005,3
4006,5
4007,8
4008,3
4009,1
4010,1
4011,7
4012,1
4013,2
4014,7
4015,3
4016,0
4017,3
4018,1
4019,3
4020,0
4021,1
4022,0
4023,2
4024,0
4025,0
4026,1
4027,1
4028,2
4029,2
4030,2
4031,2
4032,5
4033,8
4034,0
4035,0
4036,0
4037,1
4038,1
4039,0
4040,5
4041,1
4042,6
4043,1
4044,6
4045,6
4046,0
4047,5
4048,3
4049,6
4050,0
4051,6
4052,2
4053,1
4054,0
4055,1
4056,0
4057,7
4058,0
4059,0
4060,7
4061,1
4062,1
4063,3
4064,9
4065,5
4066,0
4067,0
4068,7
4069,0
4070,5
4071,0
4072,0
4073,6
4074,3
4075,3
4076,1
4077,0
4078,0
4079,3
4080,3
4081,0
4082,3
4083,0
4084,1
4085,1
4086,2
4087,0
4088,6
4089,0
4090,2
4091,2
4092,0
4093,2
4094,3
4095,3
4096,0
4097,3
4098,0
4099,1
4100,6
4101,3
4102,1
4103,0
4104,2
4105,2
4106,0
4107,1
4108,2
4109,3
4110,0
4111,1
4112,1
4113,3
4114,0
4115,2
4116,0
4117,3
4118,6
4119,2
4120,3
4121,0
4122,2
4123,1
4124,0
4125,3
4126,0
4127,7
4128,1
4129,1
4130,6
4131,0
4132,4
4133,6
4134,1
4135,0
4136,0
4137,2
4138,5
4139,3
4140,2
4141,4
4142,0
4143,5
4144,2
4145,0
4146,7
4147,1
4148,0
4149,4
4150,0
4151,1
4152,1
4153,5
4154,7
4155,6
4156,6
4157,3
4158,6
4159,1
4160,5
4161,0
4162,1
4163,1
4164,0
4165,5
4166,0
4167,7
4168,1
4169,1
4170,3
4171,0
4172,0
4173,3
4174,2
4175,6
4176,1
4177,3
4178,5
4179,3
4180,2
4181,5
4182,7
4183,6
4184,1
4185,5
4186,3
4187,5
4188,1
4189,3
4190,7
4191,0
4192,3
4193,1
4194,6
4195,1
4196,3
4197,0
4198,3
4199,1
4200,0
4201,6
4202,0
4203,5
4204,0
4205,1
4206,3
4207,1
4208,0
4209,7
4210,1
4211,6
4212,0
4213,3
4214,0
4215,3
4216,2
4217,0
4218,3
4219,3
4220,1
4221,0
4222,7
4223,0
4224,6
4225,0
4226,3
4227,2
4228,5
4229,7
4230,1
4231,1
4232,5
4233,0
4234,6
4235,1
4236,2
4237,1
4238,0
4239,7
4240,7
4241,0
4242,3
4243,3
4244,6
4245,5
4246,1
4247,6
4248,0
4249,1
4250,0
4251,3
4252,1
4253,0
4254,1
4255,5
4256,1
4257,0
4258,1
4259,7
4260,1
4261,3
4262,2
4263,1
4264,4
4265,6
4266,1
4267,7
4268,1
4269,0
4270,0
4271,2
4272,4
4273,1
4274,0
4275,3
4276,1
4277,1
4278,7
4279,3
4280,3
4281,1
4282,1
4283,0
4284,1
4285,5
4286,2
4287,2
4288,0
4289,0
4290,2
4291,1
4292,0
4293,2
4294,3
4295,1
4296,1
4297,3
4298,1
4299,1
4300,7
4301,0
4302,1
4303,1
4304,0
4305,3
4306,0
4307,5
4308,1
4309,1
4310,0
4311,1
4312,0
4313,4
4314,5
4315,2
4316,0
4317,6
4318,0
4319,8
4320,0
4321,1
4322,1
4323,1
4324,0
4325,3
4326,1
4327,0
4328,2
4329,1
4330,7
4331,1
4332,0
4333,5
4334,4
4335,1
4336,0
4337,2
4338,1
4339,3
4340,2
4341,3
4342,0
4343,5
4344,0
4345,1
4346,3
4347,0
4348,6
4349,1
4350,0
4351,1
4352,0
4353,2
4354,0
4355,7
4356,4
4357,5
4358,1
4359,1
4360,0
4361,7
4362,3
4363,1
4364,3
4365,0
4366,2
4367,1
4368,0
4369,3
4370,3
4371,7
4372,1
4373,2
4374,3
4375,0
4376,0
4377,0
4378,0
4379,0
4380,0
4381,0
4382,0
4383,0
4384,3
4385,1
4386,1
4387,0
4388,2
4389,7
4390,0
4391,0
4392,1
4393,7
4394,3
4395,5
4396,1
4397,1
4398,3
4399,0
4400,1
4401,4
4402,7
4403,3
4404,4
4405,4
4406,6
4407,7
4408,6
4409,1
4410,0
4411,0
4412,7
4413,0
4414,3
4415,1
4416,6
4417,5
4418,1
4419,0
4420,1
4421,0
4422,6
4423,0
4424,0
4425,0
4426,0
4427,1
4428,1
4429,1
4430,0
4431,5
4432,0
4433,0
4434,1
4435,3
4436,7
4437,4
4438,1
4439,2
4440,0
4441,0
4442,1
4443,0
4444,2
4445,3
4446,1
4447,0
4448,2
4449,1
4450,0
4451,1
4452,6
4453,6
4454,1
4455,3
4456,0
4457,0
4458,2
4459,6
4460,0
4461,1
4462,0
4463,6
4464,1
4465,0
4466,1
4467,0
4468,6
4469,2
4470,1
4471,2
4472,2
4473,1
4474,2
4475,3
4476,7
4477,0
4478,4
4479,6
4480,3
4481,0
4482,1
4483,5
4484,0
4485,0
4486,0
4487,0
4488,0
4489,0
4490,6
4491,2
4492,1
4493,0
4494,7
4495,1
4496,0
4497,1
4498,0
4499,3
4500,1
4501,3
4502,6
4503,0
4504,1
4505,1
4506,3
4507,1
4508,1
4509,2
4510,1
4511,1
4512,1
4513,5
4514,0
4515,1
4516,7
4517,7
4518,1
4519,0
4520,0
4521,1
4522,6
4523,7
4524,1
4525,1
4526,0
4527,8
4528,1
4529,0
4530,0
4531,5
4532,6
4533,0
4534,0
4535,1
4536,2
4537,2
4538,2
4539,1
4540,0
4541,1
4542,3
4543,2
4544,2
4545,7
4546,3
4547,6
4548,3
4549,5
4550,4
4551,0
4552,0
4553,1
4554,2
4555,1
4556,2
4557,1
4558,5
4559,1
4560,4
4561,1
4562,5
4563,1
4564,4
4565,1
4566,2
4567,5
4568,5
4569,0
4570,3
4571,0
4572,6
4573,2
4574,4
4575,0
4576,0
4577,5
4578,2
4579,1
4580,0
4581,4
4582,0
4583,6
4584,0
4585,3
4586,2
4587,2
4588,0
4589,1
4590,1
4591,0
4592,2
4593,5
4594,2
4595,1
4596,3
4597,6
4598,0
4599,0
4600,0
4601,1
4602,0
4603,1
4604,0
4605,0
4606,0
4607,0
4608,6
4609,0
4610,4
4611,0
4612,0
4613,3
4614,3
4615,1
4616,0
4617,2
4618,7
4619,1
4620,0
4621,2
4622,2
4623,0
4624,1
4625,1
4626,1
4627,3
4628,0
4629,2
4630,7
4631,0
4632,0
4633,0
4634,0
4635,6
4636,2
4637,6
4638,8
4639,3
4640,2
4641,6
4642,0
4643,4
4644,7
4645,2
4646,0
4647,0
4648,1
4649,2
4650,2
4651,4
4652,2
4653,3
4654,1
4655,2
4656,2
4657,0
4658,7
4659,6
4660,0
4661,3
4662,1
4663,5
4664,0
4665,2
4666,0
4667,1
4668,3
4669,3
4670,0
4671,4
4672,5
4673,1
4674,0
4675,3
4676,0
4677,3
4678,2
4679,2
4680,5
4681,5
4682,0
4683,2
4684,0
4685,0
4686,0
4687,3
4688,2
4689,0
4690,3
4691,1
4692,3
4693,3
4694,0
4695,1
4696,1
4697,0
4698,2
4699,0
4700,6
4701,3
4702,6
4703,0
4704,3
4705,0
4706,7
4707,0
4708,0
4709,3
4710,5
4711,1
4712,3
4713,5
4714,0
4715,0
4716,0
4717,0
4718,1
4719,2
4720,2
4721,2
4722,0
4723,4
4724,0
4725,2
4726,1
4727,0
4728,7
4729,1
4730,0
4731,6
4732,1
4733,0
4734,5
4735,0
4736,1
4737,0
4738,5
4739,1
4740,7
4741,7
4742,6
4743,2
4744,1
4745,0
4746,1
4747,7
4748,1
4749,1
4750,1
4751,4
4752,2
4753,0
4754,2
4755,1
4756,3
4757,3
4758,1
4759,1
4760,0
4761,4
4762,5
4763,4
4764,5
4765,0
4766,2
4767,0
4768,6
4769,3
4770,1
4771,3
4772,0
4773,0
4774,2
4775,2
4776,4
4777,1
4778,0
4779,5
4780,0
4781,9
4782,0
4783,2
4784,1
4785,7
4786,1
4787,4
4788,3
4789,0
4790,0
4791,5
4792,6
4793,0
4794,3
4795,0
4796,2
4797,4
4798,5
4799,3
4800,1
4801,0
4802,6
4803,2
4804,2
4805,6
4806,6
4807,0
4808,1
4809,1
4810,1
4811,7
4812,3
4813,6
4814,3
4815,1
4816,7
4817,3
4818,5
4819,0
4820,7
4821,5
4822,0
4823,0
4824,4
4825,1
4826,1
4827,1
4828,6
4829,0
4830,6
4831,2
4832,1
4833,2
4834,1
4835,4
4836,3
4837,1
4838,0
4839,0
4840,7
4841,1
4842,0
4843,0
4844,6
4845,0
4846,0
4847,2
4848,7
4849,2
4850,0
4851,4
4852,0
4853,7
4854,6
4855,0
4856,0
4857,5
4858,1
4859,1
4860,2
4861,0
4862,0
4863,0
4864,5
4865,0
4866,3
4867,0
4868,4
4869,0
4870,7
4871,1
4872,7
4873,5
4874,1
4875,7
4876,4
4877,5
4878,7
4879,0
4880,0
4881,3
4882,7
4883,5
4884,0
4885,1
4886,2
4887,0
4888,6
4889,1
4890,0
4891,1
4892,0
4893,2
4894,1
4895,3
4896,2
4897,3
4898,0
4899,6
4900,5
4901,1
4902,0
4903,6
4904,1
4905,6
4906,0
4907,2
4908,4
4909,3
4910,8
4911,3
4912,0
4913,1
4914,0
4915,4
4916,3
4917,1
4918,1
4919,3
4920,1
4921,4
4922,4
4923,1
4924,4
4925,3
4926,4
4927,1
4928,0
4929,3
4930,7
4931,2
4932,7
4933,6
4934,5
4935,0
4936,1
4937,1
4938,6
4939,5
4940,3
4941,4
4942,1
4943,0
4944,2
4945,0
4946,0
4947,6
4948,0
4949,5
4950,1
4951,0
4952,5
4953,3
4954,0
4955,0
4956,1
4957,4
4958,0
4959,1
4960,7
4961,1
4962,1
4963,2
4964,3
4965,1
4966,1
4967,3
4968,1
4969,1
4970,4
4971,1
4972,2
4973,0
4974,1
4975,1
4976,1
4977,1
4978,1
4979,3
4980,2
4981,2
4982,3
4983,0
4984,1
4985,0
4986,1
4987,0
4988,0
4989,0
4990,7
4991,1
4992,0
4993,3
4994,0
4995,0
4996,0
4997,1
4998,3
4999,0
5000,2
5001,0
5002,6
5003,4
5004,0
5005,3
5006,1
5007,6
5008,5
5009,2
5010,0
5011,5
5012,0
5013,5
5014,8
5015,1
5016,1
5017,0
5018,5
5019,3
5020,4
5021,0
5022,0
5023,1
5024,1
5025,0
5026,0
5027,1
5028,8
5029,0
5030,6
5031,0
5032,3
5033,2
5034,1
5035,2
5036,3
5037,1
5038,1
5039,3
5040,3
5041,2
5042,6
5043,0
5044,0
5045,2
5046,0
5047,6
5048,5
5049,0
5050,1
5051,1
5052,0
5053,2
5054,0
5055,6
5056,0
5057,1
5058,1
5059,1
5060,4
5061,2
5062,8
5063,2
5064,5
5065,0
5066,0
5067,1
5068,3
5069,3
5070,0
5071,3
5072,0
5073,2
5074,1
5075,0
5076,1
5077,0
5078,4
5079,2
5080,0
5081,2
5082,3
5083,0
5084,3
5085,1
5086,0
5087,5
5088,0
5089,5
5090,0
5091,1
5092,3
5093,0
5094,1
5095,0
5096,0
5097,1
5098,5
5099,0
5100,1
5101,0
5102,1
5103,0
5104,0
5105,7
5106,1
5107,3
5108,0
5109,2
5110,6
5111,0
5112,0
5113,0
5114,5
5115,2
5116,0
5117,0
5118,0
5119,0
5120,3
5121,7
5122,2
5123,0
5124,0
5125,1
5126,0
5127,1
5128,5
5129,3
5130,1
5131,0
5132,6
5133,2
5134,8
5135,1
5136,6
5137,7
5138,0
5139,3
5140,2
5141,6
5142,0
5143,1
5144,6
5145,3
5146,6
5147,1
5148,5
5149,0
5150,7
5151,3
5152,0
5153,1
5154,4
5155,3
5156,5
5157,1
5158,6
5159,1
5160,6
5161,1
5162,6
5163,3
5164,1
5165,7
5166,3
5167,3
5168,0
5169,4
5170,0
5171,6
5172,1
5173,6
5174,6
5175,4
5176,2
5177,0
5178,1
5179,1
5180,5
5181,0
5182,4
5183,2
5184,6
5185,2
5186,1
5187,3
5188,1
5189,2
5190,0
5191,3
5192,0
5193,0
5194,3
5195,0
5196,6
5197,0
5198,2
5199,4
5200,2
5201,7
5202,7
5203,5
5204,1
5205,2
5206,2
5207,1
5208,2
5209,0
5210,7
5211,2
5212,1
5213,3
5214,5
5215,1
5216,0
5217,3
5218,3
5219,2
5220,0
5221,4
5222,7
5223,2
5224,3
5225,1
5226,5
5227,0
5228,3
5229,6
5230,0
5231,0
5232,3
5233,6
5234,6
5235,0
5236,2
5237,0
5238,4
5239,0
5240,0
5241,0
5242,1
5243,0
5244,3
5245,1
5246,6
5247,1
5248,1
5249,3
5250,0
5251,0
5252,1
5253,7
5254,1
5255,0
5256,5
5257,4
5258,0
5259,0
5260,1
5261,3
5262,0
5263,3
5264,1
5265,3
5266,1
5267,0
5268,3
5269,0
5270,0
5271,1
5272,0
5273,0
5274,6
5275,1
5276,1
5277,6
5278,0
5279,2
5280,0
5281,5
5282,0
5283,3
5284,1
5285,1
5286,3
5287,0
5288,1
5289,0
5290,1
5291,0
5292,0
5293,2
5294,1
5295,3
5296,1
5297,6
5298,3
5299,5
5300,2
5301,1
5302,0
5303,7
5304,1
5305,1
5306,0
5307,3
5308,0
5309,1
5310,7
5311,2
5312,3
5313,3
5314,1
5315,0
5316,3
5317,6
5318,3
5319,0
5320,3
5321,0
5322,3
5323,1
5324,5
5325,1
5326,1
5327,1
5328,0
5329,3
5330,2
5331,3
5332,5
5333,8
5334,4
5335,0
5336,2
5337,4
5338,1
5339,6
5340,3
5341,0
5342,2
5343,7
5344,0
5345,1
5346,2
5347,2
5348,1
5349,4
5350,6
5351,3
5352,2
5353,0
5354,1
5355,4
5356,4
5357,0
5358,0
5359,0
5360,5
5361,2
5362,0
5363,1
5364,0
5365,1
5366,0
5367,7
5368,0
5369,6
5370,0
5371,0
5372,1
5373,0
5374,0
5375,5
5376,2
5377,5
5378,6
5379,0
5380,4
5381,6
5382,4
5383,2
5384,1
5385,4
5386,0
5387,1
5388,1
5389,0
5390,1
5391,1
5392,6
5393,0
5394,8
5395,4
5396,7
5397,7
5398,5
5399,1
5400,3
5401,0
5402,5
5403,5
5404,1
5405,3
5406,0
5407,2
5408,7
5409,6
5410,3
5411,0
5412,0
5413,0
5414,0
5415,6
5416,1
5417,7
5418,1
5419,1
5420,2
5421,4
5422,6
5423,2
5424,0
5425,0
5426,1
5427,0
5428,1
5429,0
5430,3
5431,1
5432,7
5433,1
5434,0
5435,0
5436,7
5437,3
5438,1
5439,0
5440,0
5441,3
5442,1
5443,1
5444,3
5445,8
5446,2
5447,0
5448,0
5449,0
5450,0
5451,0
5452,0
5453,3
5454,0
5455,0
5456,5
5457,6
5458,1
5459,4
5460,3
5461,0
5462,0
5463,0
5464,3
5465,3
5466,0
5467,2
5468,1
5469,3
5470,5
5471,0
5472,2
5473,2
5474,2
5475,4
5476,3
5477,3
5478,1
5479,1
5480,2
5481,4
5482,3
5483,1
5484,1
5485,1
5486,0
5487,6
5488,3
5489,4
5490,1
5491,1
5492,1
5493,1
5494,2
5495,1
5496,1
5497,0
5498,0
5499,2
5500,0
5501,2
5502,1
5503,0
5504,0
5505,7
5506,0
5507,3
5508,2
5509,0
5510,1
5511,2
5512,1
5513,1
5514,0
5515,0
5516,5
5517,2
5518,1
5519,0
5520,0
5521,0
5522,2
5523,7
5524,6
5525,0
5526,1
5527,3
5528,0
5529,1
5530,1
5531,0
5532,0
5533,0
5534,3
5535,1
5536,0
5537,0
5538,1
5539,2
5540,1
5541,1
5542,0
5543,0
5544,2
5545,0
5546,0
5547,0
5548,1
5549,0
5550,0
5551,5
5552,0
5553,7
5554,7
5555,0
5556,1
5557,2
5558,5
5559,0
5560,0
5561,5
5562,3
5563,3
5564,4
5565,1
5566,3
5567,3
5568,1
5569,8
5570,1
5571,1
5572,0
5573,4
5574,4
5575,0
5576,0
5577,0
5578,1
5579,7
5580,5
5581,1
5582,0
5583,7
5584,2
5585,3
5586,3
5587,1
5588,0
5589,1
5590,0
5591,0
5592,2
5593,6
5594,0
5595,1
5596,2
5597,7
5598,0
5599,6
5600,2
5601,6
5602,5
5603,0
5604,3
5605,3
5606,1
5607,1
5608,1
5609,3
5610,2
5611,0
5612,0
5613,3
5614,7
5615,1
5616,2
5617,2
5618,5
5619,5
5620,8
5621,0
5622,0
5623,0
5624,5
5625,0
5626,0
5627,0
5628,0
5629,0
5630,0
5631,6
5632,0
5633,0
5634,4
5635,5
5636,3
5637,6
5638,6
5639,0
5640,2
5641,7
5642,0
5643,0
5644,1
5645,0
5646,1
5647,3
5648,2
5649,5
5650,0
5651,1
5652,1
5653,0
5654,0
5655,1
5656,4
5657,1
5658,5
5659,0
5660,3
5661,0
5662,2
5663,0
5664,4
5665,4
5666,0
5667,0
5668,0
5669,2
5670,3
5671,1
5672,3
5673,1
5674,0
5675,4
5676,7
5677,2
5678,1
5679,0
5680,1
5681,6
5682,6
5683,6
5684,7
5685,0
5686,0
5687,1
5688,8
5689,1
5690,1
5691,1
5692,2
5693,0
5694,2
5695,6
5696,0
5697,4
5698,1
5699,0
5700,1
5701,0
5702,0
5703,0
5704,0
5705,1
5706,7
5707,1
5708,6
5709,3
5710,2
5711,7
5712,1
5713,1
5714,0
5715,0
5716,4
5717,0
5718,0
5719,0
5720,2
5721,3
5722,6
5723,6
5724,0
5725,1
5726,2
5727,1
5728,2
5729,6
5730,0
5731,2
5732,6
5733,0
5734,0
5735,0
5736,0
5737,3
5738,2
5739,2
5740,6
5741,1
5742,0
5743,0
5744,2
5745,2
5746,0
5747,6
5748,1
5749,0
5750,1
5751,1
5752,0
5753,1
5754,0
5755,5
5756,5
5757,0
5758,1
5759,5
5760,3
5761,5
5762,1
5763,0
5764,1
5765,0
5766,2
5767,3
5768,4
5769,0
5770,0
5771,6
5772,0
5773,2
5774,0
5775,0
5776,1
5777,0
5778,1
5779,0
5780,3
5781,3
5782,0
5783,1
5784,0
5785,0
5786,2
5787,1
5788,1
5789,6
5790,0
5791,1
5792,2
5793,6
5794,2
5795,0
5796,6
5797,3
5798,7
5799,1
5800,1
5801,7
5802,0
5803,0
5804,6
5805,6
5806,1
5807,0
5808,2
5809,1
5810,1
5811,6
5812,2
5813,4
5814,5
5815,1
5816,3
5817,3
5818,0
5819,1
5820,0
5821,0
5822,2
5823,5
5824,1
5825,0
5826,6
5827,0
5828,3
5829,1
5830,2
5831,7
5832,1
5833,3
5834,0
5835,1
5836,2
5837,0
5838,0
5839,0
5840,1
5841,2
5842,1
5843,3
5844,0
5845,0
5846,0
5847,0
5848,1
5849,0
5850,3
5851,1
5852,0
5853,1
5854,1
5855,6
5856,0
5857,3
5858,8
5859,1
5860,5
5861,1
5862,1
5863,6
5864,3
5865,0
5866,5
5867,3
5868,0
5869,3
5870,1
5871,0
5872,0
5873,2
5874,6
5875,5
5876,0
5877,1
5878,7
5879,0
5880,3
5881,8
5882,1
5883,1
5884,0
5885,6
5886,1
5887,7
5888,3
5889,1
5890,1
5891,0
5892,1
5893,4
5894,3
5895,1
5896,3
5897,1
5898,3
5899,1
5900,0
5901,2
5902,1
5903,3
5904,3
5905,2
5906,4
5907,0
5908,6
5909,3
5910,0
5911,1
5912,3
5913,1
5914,4
5915,3
5916,0
5917,0
5918,2
5919,1
5920,6
5921,1
5922,2
5923,1
5924,0
5925,0
5926,4
5927,6
5928,0
5929,0
5930,6
5931,1
5932,6
5933,1
5934,0
5935,0
5936,3
5937,3
5938,0
5939,3
5940,3
5941,0
5942,1
5943,0
5944,1
5945,2
5946,7
5947,0
5948,6
5949,0
5950,0
5951,1
5952,0
5953,2
5954,3
5955,1
5956,2
5957,2
5958,6
5959,0
5960,0
5961,5
5962,0
5963,1
5964,0
5965,1
5966,1
5967,4
5968,3
5969,2
5970,0
5971,5
5972,0
5973,6
5974,0
5975,1
5976,4
5977,0
5978,1
5979,0
5980,1
5981,6
5982,2
5983,2
5984,7
5985,7
5986,3
5987,1
5988,0
5989,5
5990,1
5991,0
5992,7
5993,6
5994,1
5995,0
5996,3
5997,0
5998,2
5999,7
6000,6
6001,2
6002,2
6003,1
6004,1
6005,1
6006,2
6007,1
6008,0
6009,1
6010,1
6011,4
6012,3
6013,0
6014,0
6015,2
6016,3
6017,1
6018,1
6019,6
6020,1
6021,5
6022,9
6023,0
6024,3
6025,0
6026,0
6027,0
6028,5
6029,1
6030,2
6031,7
6032,1
6033,0
6034,0
6035,3
6036,3
6037,0
6038,3
6039,0
6040,0
6041,0
6042,5
6043,0
6044,0
6045,0
6046,6
6047,2
6048,2
6049,6
6050,1
6051,3
6052,1
6053,0
6054,3
6055,8
6056,1
6057,1
6058,3
6059,0
6060,1
6061,3
6062,0
6063,0
6064,1
6065,6
6066,6
6067,0
6068,0
6069,1
6070,2
6071,3
6072,1
6073,1
6074,0
6075,7
6076,6
6077,1
6078,1
6079,4
6080,3
6081,3
6082,0
6083,1
6084,1
6085,1
6086,1
6087,1
6088,1
6089,5
6090,8
6091,1
6092,2
6093,0
6094,1
6095,3
6096,2
6097,3
6098,3
6099,7
6100,1
6101,5
6102,6
6103,3
6104,6
6105,5
6106,7
6107,0
6108,1
6109,0
6110,0
6111,1
6112,1
6113,0
6114,1
6115,2
6116,0
6117,0
6118,0
6119,2
6120,1
6121,2
6122,0
6123,0
6124,2
6125,6
6126,0
6127,3
6128,0
6129,1
6130,0
6131,0
6132,1
6133,0
6134,2
6135,7
6136,1
6137,7
6138,3
6139,6
6140,0
6141,0
6142,0
6143,2
6144,3
6145,0
6146,1
6147,1
6148,1
6149,7
6150,4
6151,3
6152,2
6153,1
6154,8
6155,0
6156,1
6157,3
6158,3
6159,1
6160,0
6161,0
6162,2
6163,1
6164,3
6165,0
6166,3
6167,3
6168,0
6169,0
6170,8
6171,7
6172,7
6173,0
6174,2
6175,3
6176,0
6177,5
6178,0
6179,0
6180,1
6181,1
6182,3
6183,0
6184,3
6185,5
6186,1
6187,3
6188,0
6189,3
6190,0
6191,3
6192,3
6193,0
6194,1
6195,7
6196,0
6197,3
6198,4
6199,0
6200,6
6201,6
6202,1
6203,1
6204,1
6205,7
6206,0
6207,6
6208,3
6209,7
6210,6
6211,0
6212,6
6213,1
6214,3
6215,0
6216,2
6217,4
6218,1
6219,0
6220,7
6221,0
6222,6
6223,3
6224,6
6225,0
6226,1
6227,3
6228,2
6229,5
6230,6
6231,5
6232,0
6233,0
6234,1
6235,5
6236,1
6237,1
6238,2
6239,3
6240,0
6241,7
6242,2
6243,8
6244,6
6245,0
6246,0
6247,0
6248,0
6249,7
6250,7
6251,2
6252,0
6253,1
6254,7
6255,0
6256,7
6257,0
6258,3
6259,0
6260,6
6261,1
6262,0
6263,1
6264,3
6265,6
6266,1
6267,0
6268,1
6269,0
6270,4
6271,3
6272,0
6273,3
6274,1
6275,0
6276,6
6277,3
6278,1
6279,1
6280,0
6281,3
6282,1
6283,3
6284,0
6285,7
6286,4
6287,6
6288,1
6289,1
6290,5
6291,6
6292,2
6293,0
6294,3
6295,6
6296,0
6297,0
6298,3
6299,7
6300,1
6301,2
6302,0
6303,0
6304,0
6305,3
6306,3
6307,2
6308,3
6309,1
6310,3
6311,4
6312,0
6313,2
6314,0
6315,1
6316,6
6317,0
6318,3
6319,6
6320,0
6321,4
6322,0
6323,2
6324,0
6325,0
6326,1
6327,1
6328,0
6329,4
6330,0
6331,0
6332,0
6333,0
6334,2
6335,1
6336,7
6337,3
6338,7
6339,0
6340,3
6341,3
6342,1
6343,0
6344,6
6345,0
6346,5
6347,1
6348,5
6349,3
6350,7
6351,0
6352,3
6353,0
6354,1
6355,2
6356,7
6357,0
6358,5
6359,0
6360,1
6361,5
6362,2
6363,1
6364,0
6365,1
6366,0
6367,2
6368,1
6369,2
6370,1
6371,2
6372,3
6373,0
6374,0
6375,1
6376,0
6377,5
6378,7
6379,0
6380,1
6381,0
6382,2
6383,4
6384,0
6385,1
6386,2
6387,0
6388,0
6389,0
6390,0
6391,4
6392,0
6393,0
6394,1
6395,0
6396,0
6397,3
6398,0
6399,1
6400,3
6401,0
6402,1
6403,0
6404,2
6405,5
6406,0
6407,6
6408,0
6409,3
6410,0
6411,0
6412,0
6413,1
6414,3
6415,1
6416,2
6417,5
6418,0
6419,2
6420,3
6421,5
6422,5
6423,6
6424,0
6425,1
6426,3
6427,2
6428,2
6429,4
6430,0
6431,3
6432,6
6433,0
6434,3
6435,0
6436,7
6437,0
6438,7
6439,3
6440,7
6441,7
6442,5
6443,0
6444,2
6445,6
6446,2
6447,1
6448,1
6449,0
6450,0
6451,1
6452,3
6453,5
6454,0
6455,1
6456,1
6457,0
6458,0
6459,3
6460,1
6461,0
6462,3
6463,2
6464,0
6465,0
6466,6
6467,0
6468,3
6469,1
6470,1
6471,4
6472,1
6473,4
6474,0
6475,0
6476,1
6477,8
6478,0
6479,1
6480,2
6481,4
6482,1
6483,2
6484,4
6485,2
6486,1
6487,6
6488,1
6489,0
6490,6
6491,0
6492,0
6493,0
6494,4
6495,6
6496,1
6497,3
6498,2
6499,0
6500,0
6501,1
6502,0
6503,2
6504,0
6505,2
6506,0
6507,4
6508,5
6509,5
6510,3
6511,7
6512,1
6513,0
6514,0
6515,1
6516,0
6517,0
6518,0
6519,2
6520,0
6521,2
6522,3
6523,1
6524,7
6525,1
6526,3
6527,2
6528,5
6529,7
6530,0
6531,1
6532,3
6533,0
6534,0
6535,1
6536,1
6537,1
6538,0
6539,1
6540,0
6541,2
6542,0
6543,3
6544,3
6545,4
6546,1
6547,4
6548,3
6549,0
6550,1
6551,1
6552,5
6553,0
6554,6
6555,1
6556,7
6557,1
6558,1
6559,0
6560,1
6561,2
6562,4
6563,3
6564,3
6565,1
6566,5
6567,7
6568,2
6569,5
6570,0
6571,0
6572,3
6573,0
6574,1
6575,0
6576,0
6577,0
6578,2
6579,0
6580,3
6581,4
6582,0
6583,1
6584,2
6585,6
6586,3
6587,0
6588,2
6589,2
6590,0
6591,1
6592,6
6593,0
6594,0
6595,1
6596,7
6597,6
6598,5
6599,4
6600,0
6601,7
6602,0
6603,0
6604,0
6605,2
6606,1
6607,0
6608,0
6609,7
6610,7
6611,5
6612,1
6613,0
6614,5
6615,2
6616,0
6617,1
6618,1
6619,0
6620,0
6621,0
6622,5
6623,3
6624,7
6625,0
6626,7
6627,7
6628,3
6629,0
6630,0
6631,2
6632,2
6633,0
6634,0
6635,1
6636,2
6637,0
6638,0
6639,2
6640,5
6641,3
6642,2
6643,3
6644,5
6645,1
6646,7
6647,1
6648,5
6649,7
6650,0
6651,0
6652,3
6653,3
6654,1
6655,0
6656,3
6657,3
6658,2
6659,7
6660,3
6661,6
6662,1
6663,1
6664,3
6665,1
6666,3
6667,0
6668,2
6669,1
6670,0
6671,1
6672,2
6673,5
6674,7
6675,0
6676,5
6677,8
6678,0
6679,0
6680,3
6681,0
6682,1
6683,7
6684,0
6685,3
6686,2
6687,1
6688,1
6689,1
6690,4
6691,0
6692,2
6693,1
6694,1
6695,0
6696,7
6697,1
6698,6
6699,0
6700,2
6701,0
6702,0
6703,1
6704,0
6705,1
6706,1
6707,2
6708,1
6709,2
6710,3
6711,3
6712,6
6713,7
6714,0
6715,0
6716,3
6717,2
6718,0
6719,6
6720,0
6721,1
6722,1
6723,1
6724,4
6725,1
6726,2
6727,0
6728,0
6729,3
6730,0
6731,3
6732,0
6733,5
6734,1
6735,1
6736,0
6737,0
6738,8
6739,0
6740,1
6741,2
6742,1
6743,0
6744,3
6745,0
6746,0
6747,3
6748,0
6749,0
6750,0
6751,0
6752,7
6753,3
6754,3
6755,7
6756,4
6757,2
6758,0
6759,0
6760,0
6761,1
6762,1
6763,3
6764,3
6765,7
6766,7
6767,2
6768,3
6769,0
6770,1
6771,3
6772,1
6773,7
6774,1
6775,1
6776,2
6777,0
6778,0
6779,0
6780,3
6781,0
6782,0
6783,1
6784,6
6785,4
6786,1
6787,2
6788,6
6789,0
6790,1
6791,0
6792,5
6793,2
6794,5
6795,2
6796,1
6797,0
6798,2
6799,0
6800,0
6801,1
6802,0
6803,7
6804,0
6805,1
6806,4
6807,0
6808,1
6809,1
6810,0
6811,0
6812,0
6813,0
6814,1
6815,5
6816,1
6817,2
6818,1
6819,7
6820,6
6821,1
6822,9
6823,0
6824,1
6825,0
6826,0
6827,5
6828,0
6829,3
6830,7
6831,1
6832,2
6833,1
6834,3
6835,1
6836,5
6837,2
6838,0
6839,0
6840,1
6841,0
6842,0
6843,0
6844,5
6845,1
6846,1
6847,0
6848,3
6849,7
6850,1
6851,7
6852,6
6853,3
6854,0
6855,2
6856,1
6857,1
6858,6
6859,1
6860,3
6861,0
6862,6
6863,1
6864,2
6865,1
6866,2
6867,0
6868,0
6869,2
6870,6
6871,0
6872,7
6873,1
6874,3
6875,0
6876,0
6877,4
6878,7
6879,0
6880,3
6881,0
6882,1
6883,0
6884,0
6885,3
6886,5
6887,1
6888,0
6889,1
6890,6
6891,3
6892,6
6893,2
6894,1
6895,6
6896,6
6897,3
6898,1
6899,0
6900,0
6901,7
6902,0
6903,1
6904,2
6905,3
6906,1
6907,1
6908,6
6909,0
6910,4
6911,0
6912,5
6913,0
6914,0
6915,7
6916,0
6917,7
6918,3
6919,0
6920,2
6921,2
6922,6
6923,0
6924,6
6925,1
6926,0
6927,0
6928,1
6929,0
6930,0
6931,1
6932,6
6933,6
6934,0
6935,3
6936,3
6937,3
6938,7
6939,3
6940,4
6941,0
6942,1
6943,1
6944,6
6945,3
6946,1
6947,1
6948,0
6949,3
6950,7
6951,1
6952,7
6953,0
6954,0
6955,1
6956,3
6957,1
6958,6
6959,0
6960,7
6961,3
6962,2
6963,4
6964,1
6965,0
6966,0
6967,1
6968,1
6969,0
6970,2
6971,2
6972,0
6973,2
6974,7
6975,0
6976,1
6977,5
6978,3
6979,2
6980,0
6981,0
6982,0
6983,0
6984,1
6985,3
6986,7
6987,7
6988,1
6989,0
6990,5
6991,0
6992,1
6993,3
6994,0
6995,3
6996,1
6997,0
6998,0
6999,7
7000,0
7001,4
7002,1
7003,1
7004,1
7005,0
7006,1
7007,0
7008,7
7009,7
7010,3
7011,1
7012,1
7013,1
7014,7
7015,2
7016,3
7017,0
7018,1
7019,2
7020,2
7021,1
7022,0
7023,4
7024,1
7025,2
7026,1
7027,6
7028,1
7029,0
7030,0
7031,1
7032,7
7033,0
7034,6
7035,0
7036,0
7037,5
7038,3
7039,0
7040,1
7041,1
7042,8
7043,2
7044,5
7045,2
7046,1
7047,1
7048,0
7049,6
7050,7
7051,2
7052,1
7053,3
7054,3
7055,2
7056,1
7057,2
7058,0
7059,0
7060,1
7061,5
7062,6
7063,4
7064,0
7065,1
7066,0
7067,4
7068,3
7069,2
7070,0
7071,6
7072,3
7073,0
7074,6
7075,0
7076,1
7077,1
7078,2
7079,0
7080,7
7081,1
7082,0
7083,1
7084,6
7085,2
7086,5
7087,0
7088,7
7089,2
7090,3
7091,2
7092,0
7093,1
7094,5
7095,0
7096,4
7097,0
7098,0
7099,0
7100,3
7101,0
7102,3
7103,0
7104,2
7105,7
7106,0
7107,0
7108,1
7109,0
7110,0
7111,1
7112,3
7113,6
7114,1
7115,0
7116,2
7117,1
7118,6
7119,6
7120,0
7121,4
7122,1
7123,1
7124,0
7125,3
7126,0
7127,6
7128,0
7129,1
7130,0
7131,0
7132,0
7133,1
7134,6
7135,2
7136,2
7137,2
7138,0
7139,6
7140,1
7141,1
7142,3
7143,6
7144,7
7145,3
7146,0
7147,4
7148,2
7149,2
7150,1
7151,1
7152,5
7153,0
7154,0
7155,0
7156,5
7157,0
7158,6
7159,2
7160,1
7161,0
7162,6
7163,1
7164,3
7165,1
7166,3
7167,3
7168,2
7169,0
7170,4
7171,0
7172,1
7173,4
7174,7
7175,6
7176,0
7177,0
7178,1
7179,0
7180,0
7181,5
7182,5
7183,9
7184,6
7185,0
7186,7
7187,3
7188,0
7189,0
7190,0
7191,1
7192,6
7193,4
7194,2
7195,0
7196,1
7197,3
7198,3
7199,1
7200,3
7201,1
7202,0
7203,6
7204,2
7205,0
7206,2
7207,7
7208,3
7209,0
7210,0
7211,0
7212,8
7213,2
7214,0
7215,6
7216,0
7217,0
7218,0
7219,0
7220,0
7221,0
7222,1
7223,0
7224,0
7225,3
7226,2
7227,7
7228,6
7229,1
7230,1
7231,2
7232,3
7233,0
7234,1
7235,8
7236,2
7237,2
7238,1
7239,1
7240,0
7241,3
7242,1
7243,3
7244,1
7245,1
7246,4
7247,3
7248,1
7249,1
7250,0
7251,1
7252,3
7253,6
7254,3
7255,2
7256,7
7257,1
7258,1
7259,0
7260,1
7261,0
7262,0
7263,0
7264,7
7265,4
7266,1
7267,7
7268,5
7269,1
7270,1
7271,6
7272,1
7273,8
7274,0
7275,0
7276,0
7277,1
7278,1
7279,1
7280,0
7281,0
7282,0
7283,0
7284,2
7285,6
7286,7
7287,3
7288,0
7289,4
7290,1
7291,1
7292,0
7293,0
7294,2
7295,3
7296,6
7297,0
7298,4
7299,4
7300,4
7301,2
7302,0
7303,1
7304,0
7305,0
7306,5
7307,0
7308,1
7309,2
7310,7
7311,7
7312,0
7313,7
7314,1
7315,0
7316,6
7317,7
7318,0
7319,6
7320,2
7321,6
7322,2
7323,1
7324,0
7325,2
7326,1
7327,1
7328,0
7329,0
7330,0
7331,0
7332,3
7333,0
7334,1
7335,0
7336,3
7337,0
7338,1
7339,0
7340,3
7341,0
7342,7
7343,7
7344,3
7345,6
7346,1
7347,6
7348,3
7349,3
7350,1
7351,1
7352,0
7353,2
7354,2
7355,1
7356,3
7357,7
7358,6
7359,1
7360,0
7361,2
7362,4
7363,0
7364,1
7365,6
7366,1
7367,2
7368,0
7369,5
7370,6
7371,1
7372,0
7373,1
7374,0
7375,0
7376,1
7377,6
7378,3
7379,3
7380,1
7381,0
7382,0
7383,0
7384,7
7385,1
7386,0
7387,3
7388,1
7389,6
7390,1
7391,7
7392,0
7393,0
7394,7
7395,0
7396,3
7397,0
7398,1
7399,6
7400,0
7401,0
7402,0
7403,4
7404,4
7405,0
7406,1
7407,0
7408,1
7409,1
7410,4
7411,5
7412,0
7413,0
7414,7
7415,3
7416,6
7417,0
7418,1
7419,8
7420,4
7421,1
7422,4
7423,0
7424,1
7425,0
7426,0
7427,6
7428,1
7429,5
7430,0
7431,1
7432,2
7433,0
7434,6
7435,3
7436,6
7437,0
7438,1
7439,0
7440,1
7441,0
7442,0
7443,0
7444,1
7445,0
7446,1
7447,1
7448,1
7449,7
7450,1
7451,5
7452,6
7453,0
7454,0
7455,1
7456,0
7457,9
7458,0
7459,6
7460,2
7461,6
7462,2
7463,1
7464,5
7465,1
7466,6
7467,1
7468,0
7469,1
7470,0
7471,3
7472,0
7473,2
7474,2
7475,2
7476,1
7477,1
7478,3
7479,2
7480,1
7481,2
7482,7
7483,1
7484,3
7485,1
7486,0
7487,6
7488,0
7489,2
7490,1
7491,1
7492,6
7493,1
7494,0
7495,1
7496,0
7497,5
7498,0
7499,0
7500,1
7501,2
7502,1
7503,1
7504,5
7505,2
7506,3
7507,0
7508,3
7509,3
7510,3
7511,2
7512,2
7513,0
7514,1
7515,5
7516,1
7517,0
7518,6
7519,1
7520,7
7521,1
7522,0
7523,0
7524,3
7525,7
7526,6
7527,2
7528,6
7529,1
7530,0
7531,1
7532,0
7533,1
7534,1
7535,5
7536,7
7537,0
7538,0
7539,6
7540,0
7541,0
7542,3
7543,0
7544,6
7545,0
7546,5
7547,2
7548,5
7549,0
7550,1
7551,7
7552,6
7553,3
7554,6
7555,0
7556,2
7557,0
7558,6
7559,1
7560,1
7561,2
7562,1
7563,0
7564,5
7565,0
7566,0
7567,0
7568,3
7569,7
7570,3
7571,2
7572,0
7573,7
7574,1
7575,7
7576,0
7577,5
7578,0
7579,0
7580,0
7581,0
7582,1
7583,5
7584,2
7585,3
7586,1
7587,6
7588,0
7589,0
7590,3
7591,2
7592,1
7593,3
7594,2
7595,1
7596,1
7597,6
7598,6
7599,0
7600,0
7601,0
7602,3
7603,0
7604,7
7605,1
7606,0
7607,0
7608,7
7609,5
7610,0
7611,5
7612,2
7613,2
7614,3
7615,1
7616,1
7617,3
7618,3
7619,0
7620,0
7621,4
7622,0
7623,6
7624,1
7625,7
7626,0
7627,3
7628,5
7629,0
7630,0
7631,1
7632,1
7633,7
7634,7
7635,0
7636,2
7637,2
7638,2
7639,3
7640,1
7641,4
7642,0
7643,3
7644,0
7645,0
7646,7
7647,0
7648,3
7649,7
7650,6
7651,3
7652,3
7653,2
7654,3
7655,2
7656,0
7657,0
7658,3
7659,0
7660,0
7661,6
7662,6
7663,2
7664,5
7665,6
7666,0
7667,3
7668,6
7669,2
7670,2
7671,6
7672,1
7673,1
7674,0
7675,0
7676,0
7677,1
7678,3
7679,2
7680,3
7681,0
7682,0
7683,5
7684,2
7685,0
7686,2
7687,2
7688,1
7689,3
7690,5
7691,1
7692,5
7693,6
7694,3
7695,0
7696,2
7697,3
7698,3
7699,2
7700,2
7701,1
7702,3
7703,1
7704,1
7705,0
7706,2
7707,2
7708,3
7709,5
7710,6
7711,2
7712,0
7713,6
7714,0
7715,2
7716,0
7717,5
7718,1
7719,2
7720,0
7721,3
7722,7
7723,2
7724,0
7725,7
7726,4
7727,0
7728,1
7729,2
7730,1
7731,3
7732,0
7733,2
7734,2
7735,4
7736,3
7737,1
7738,0
7739,5
7740,1
7741,7
7742,0
7743,0
7744,6
7745,2
7746,1
7747,6
7748,3
7749,0
7750,0
7751,1
7752,1
7753,1
7754,4
7755,1
7756,1
7757,2
7758,1
7759,0
7760,8
7761,1
7762,1
7763,5
7764,0
7765,0
7766,2
7767,0
7768,0
7769,1
7770,0
7771,0
7772,0
7773,0
7774,7
7775,1
7776,3
7777,0
7778,7
7779,1
7780,3
7781,1
7782,4
7783,7
7784,6
7785,1
7786,1
7787,0
7788,0
7789,3
7790,0
7791,0
7792,0
7793,1
7794,0
7795,1
7796,2
7797,1
7798,1
7799,3
7800,3
7801,0
7802,0
7803,3
7804,7
7805,0
7806,1
7807,6
7808,1
7809,7
7810,1
7811,0
7812,3
7813,4
7814,1
7815,0
7816,3
7817,5
7818,0
7819,2
7820,5
7821,3
7822,0
7823,2
7824,1
7825,1
7826,3
7827,5
7828,0
7829,0
7830,0
7831,0
7832,1
7833,1
7834,0
7835,0
7836,0
7837,1
7838,0
7839,1
7840,1
7841,2
7842,6
7843,0
7844,0
7845,2
7846,2
7847,0
7848,6
7849,4
7850,2
7851,3
7852,0
7853,1
7854,3
7855,0
7856,4
7857,2
7858,7
7859,3
7860,0
7861,7
7862,6
7863,1
7864,1
7865,5
7866,0
7867,0
7868,1
7869,8
7870,1
7871,2
7872,1
7873,2
7874,3
7875,7
7876,0
7877,1
7878,6
7879,0
7880,0
7881,3
7882,7
7883,0
7884,0
7885,7
7886,5
7887,0
7888,0
7889,3
7890,2
7891,5
7892,0
7893,0
7894,1
7895,1
7896,1
7897,0
7898,0
7899,0
7900,3
7901,3
7902,3
7903,7
7904,4
7905,2
7906,1
7907,3
7908,1
7909,1
7910,3
7911,0
7912,2
7913,0
7914,3
7915,2
7916,6
7917,3
7918,0
7919,0
7920,4
7921,1
7922,2
7923,5
7924,3
7925,2
7926,6
7927,0
7928,1
7929,6
7930,1
7931,1
7932,1
7933,3
7934,1
7935,1
7936,2
7937,7
7938,2
7939,3
7940,1
7941,1
7942,1
7943,4
7944,1
7945,2
7946,8
7947,0
7948,2
7949,2
7950,0
7951,0
7952,2
7953,6
7954,1
7955,1
7956,3
7957,1
7958,0
7959,1
7960,2
7961,7
7962,6
7963,1
7964,0
7965,2
7966,2
7967,2
7968,0
7969,5
7970,0
7971,2
7972,5
7973,2
7974,9
7975,6
7976,3
7977,0
7978,8
7979,3
7980,0
7981,1
7982,4
7983,7
7984,1
7985,0
7986,1
7987,1
7988,0
7989,0
7990,1
7991,3
7992,1
7993,1
7994,2
7995,2
7996,3
7997,2
7998,0
7999,0
8000,6
8001,0
8002,1
8003,5
8004,0
8005,1
8006,0
8007,6
8008,1
8009,1
8010,7
8011,2
8012,0
8013,3
8014,3
8015,2
8016,0
8017,1
8018,4
8019,5
8020,3
8021,5
8022,2
8023,1
8024,2
8025,0
8026,0
8027,0
8028,3
8029,1
8030,0
8031,2
8032,0
8033,2
8034,0
8035,0
8036,3
8037,2
8038,3
8039,1
8040,6
8041,1
8042,4
8043,0
8044,0
8045,1
8046,0
8047,1
8048,0
8049,2
8050,1
8051,3
8052,2
8053,0
8054,0
8055,2
8056,6
8057,1
8058,3
8059,1
8060,0
8061,2
8062,1
8063,0
8064,0
8065,1
8066,0
8067,5
8068,1
8069,1
8070,0
8071,0
8072,0
8073,2
8074,0
8075,1
8076,0
8077,2
8078,1
8079,0
8080,4
8081,7
8082,1
8083,0
8084,2
8085,3
8086,2
8087,3
8088,5
8089,1
8090,7
8091,2
8092,0
8093,3
8094,3
8095,6
8096,2
8097,1
8098,2
8099,0
8100,1
8101,1
8102,5
8103,6
8104,5
8105,1
8106,2
8107,6
8108,3
8109,9
8110,7
8111,8
8112,0
8113,7
8114,0
8115,0
8116,3
8117,5
8118,7
8119,2
8120,2
8121,2
8122,2
8123,0
8124,2
8125,0
8126,3
8127,1
8128,0
8129,2
8130,6
8131,4
8132,2
8133,0
8134,0
8135,8
8136,0
8137,1
8138,3
8139,0
8140,3
8141,0
8142,1
8143,0
8144,1
8145,6
8146,0
8147,3
8148,2
8149,1
8150,0
8151,0
8152,0
8153,2
8154,0
8155,1
8156,4
8157,2
8158,0
8159,1
8160,2
8161,3
8162,1
8163,1
8164,1
8165,1
8166,1
8167,6
8168,3
8169,0
8170,4
8171,3
8172,1
8173,0
8174,1
8175,6
8176,1
8177,6
8178,0
8179,0
8180,5
8181,5
8182,0
8183,1
8184,5
8185,1
8186,1
8187,6
8188,3
8189,1
8190,0
8191,0
8192,7
8193,0
8194,0
8195,3
8196,1
8197,5
8198,5
8199,0
8200,3
8201,7
8202,1
8203,8
8204,0
8205,2
8206,2
8207,5
8208,0
8209,0
8210,7
8211,6
8212,3
8213,0
8214,6
8215,2
8216,0
8217,1
8218,0
8219,0
8220,0
8221,6
8222,3
8223,1
8224,0
8225,0
8226,6
8227,1
8228,0
8229,0
8230,0
8231,6
8232,0
8233,7
8234,1
8235,6
8236,6
8237,1
8238,1
8239,4
8240,0
8241,0
8242,5
8243,2
8244,1
8245,0
8246,1
8247,3
8248,7
8249,3
8250,3
8251,3
8252,0
8253,0
8254,3
8255,6
8256,2
8257,0
8258,0
8259,1
8260,0
8261,5
8262,6
8263,1
8264,0
8265,2
8266,6
8267,6
8268,0
8269,3
8270,4
8271,3
8272,0
8273,0
8274,4
8275,4
8276,0
8277,7
8278,2
8279,0
8280,2
8281,3
8282,2
8283,3
8284,0
8285,0
8286,2
8287,6
8288,5
8289,1
8290,1
8291,5
8292,5
8293,2
8294,6
8295,0
8296,0
8297,1
8298,1
8299,2
8300,0
8301,0
8302,2
8303,1
8304,2
8305,0
8306,0
8307,0
8308,1
8309,4
8310,0
8311,7
8312,1
8313,0
8314,5
8315,0
8316,1
8317,2
8318,3
8319,0
8320,1
8321,7
8322,3
8323,1
8324,2
8325,4
8326,1
8327,0
8328,1
8329,1
8330,3
8331,2
8332,3
8333,0
8334,1
8335,6
8336,3
8337,2
8338,2
8339,3
8340,6
8341,3
8342,1
8343,0
8344,0
8345,0
8346,3
8347,3
8348,1
8349,0
8350,0
8351,1
8352,0
8353,4
8354,0
8355,0
8356,4
8357,0
8358,0
8359,0
8360,3
8361,5
8362,1
8363,4
8364,7
8365,1
8366,8
8367,4
8368,0
8369,1
8370,7
8371,0
8372,3
8373,5
8374,6
8375,7
8376,6
8377,4
8378,1
8379,1
8380,1
8381,7
8382,5
8383,1
8384,1
8385,5
8386,0
8387,1
8388,1
8389,6
8390,1
8391,3
8392,8
8393,3
8394,2
8395,1
8396,3
8397,3
8398,0
8399,0
8400,0
8401,2
8402,0
8403,1
8404,1
8405,5
8406,0
8407,0
8408,4
8409,1
8410,1
8411,0
8412,2
8413,0
8414,2
8415,1
8416,5
8417,5
8418,1
8419,1
8420,1
8421,3
8422,0
8423,2
8424,0
8425,3
8426,1
8427,1
8428,8
8429,0
8430,0
8431,3
8432,2
8433,6
8434,3
8435,2
8436,2
8437,0
8438,0
8439,1
8440,1
8441,0
8442,5
8443,0
8444,1
8445,3
8446,5
8447,2
8448,0
8449,1
8450,6
8451,1
8452,1
8453,0
8454,0
8455,4
8456,0
8457,0
8458,2
8459,5
8460,0
8461,5
8462,0
8463,3
8464,0
8465,3
8466,2
8467,5
8468,1
8469,0
8470,2
8471,3
8472,0
8473,0
8474,2
8475,3
8476,0
8477,1
8478,1
8479,0
8480,0
8481,0
8482,2
8483,0
8484,4
8485,1
8486,0
8487,0
8488,1
8489,2
8490,3
8491,0
8492,3
8493,0
8494,1
8495,1
8496,2
8497,1
8498,1
8499,2
8500,0
8501,1
8502,2
8503,2
8504,1
8505,1
8506,0
8507,3
8508,5
8509,0
8510,7
8511,0
8512,1
8513,1
8514,7
8515,2
8516,0
8517,0
8518,0
8519,2
8520,0
8521,3
8522,0
8523,1
8524,2
8525,5
8526,3
8527,5
8528,1
8529,7
8530,1
8531,1
8532,6
8533,2
8534,1
8535,0
8536,1
8537,5
8538,3
8539,0
8540,0
8541,0
8542,7
8543,2
8544,6
8545,1
8546,3
8547,1
8548,2
8549,6
8550,2
8551,4
8552,7
8553,5
8554,1
8555,0
8556,1
8557,7
8558,1
8559,1
8560,2
8561,2
8562,1
8563,1
8564,0
8565,2
8566,5
8567,7
8568,0
8569,1
8570,1
8571,8
8572,3
8573,1
8574,4
8575,2
8576,0
8577,7
8578,0
8579,0
8580,0
8581,0
8582,5
8583,2
8584,0
8585,1
8586,3
8587,5
8588,7
8589,1
8590,6
8591,1
8592,7
8593,1
8594,3
8595,0
8596,1
8597,6
8598,3
8599,3
8600,2
8601,3
8602,4
8603,0
8604,0
8605,3
8606,0
8607,3
8608,3
8609,1
8610,1
8611,7
8612,2
8613,3
8614,0
8615,0
8616,0
8617,1
8618,7
8619,2
8620,2
8621,0
8622,1
8623,1
8624,1
8625,6
8626,1
8627,1
8628,6
8629,5
8630,5
8631,3
8632,0
8633,3
8634,1
8635,0
8636,6
8637,3
8638,2
8639,2
8640,6
8641,0
8642,1
8643,7
8644,3
8645,1
8646,0
8647,6
8648,2
8649,2
8650,2
8651,2
8652,6
8653,0
8654,8
8655,6
8656,0
8657,1
8658,2
8659,0
8660,3
8661,4
8662,0
8663,1
8664,3
8665,1
8666,5
8667,1
8668,1
8669,7
8670,0
8671,3
8672,0
8673,2
8674,0
8675,0
8676,2
8677,0
8678,0
8679,5
8680,1
8681,4
8682,3
8683,1
8684,0
8685,4
8686,1
8687,3
8688,1
8689,4
8690,1
8691,3
8692,1
8693,0
8694,3
8695,0
8696,2
8697,0
8698,0
8699,0
8700,0
8701,0
8702,1
8703,0
8704,2
8705,0
8706,1
8707,1
8708,0
8709,0
8710,0
8711,7
8712,6
8713,0
8714,2
8715,2
8716,1
8717,1
8718,1
8719,2
8720,3
8721,7
8722,3
8723,6
8724,2
8725,3
8726,7
8727,0
8728,5
8729,2
8730,0
8731,7
8732,1
8733,2
8734,6
8735,2
8736,4
8737,3
8738,1
8739,6
8740,0
8741,1
8742,3
8743,0
8744,0
8745,1
8746,6
8747,7
8748,2
8749,6
8750,0
8751,0
8752,0
8753,7
8754,0
8755,0
8756,3
8757,2
8758,8
8759,1
8760,1
8761,0
8762,6
8763,6
8764,5
8765,2
8766,1
8767,0
8768,3
8769,6
8770,1
8771,1
8772,3
8773,1
8774,3
8775,3
8776,1
8777,0
8778,1
8779,0
8780,1
8781,3
8782,1
8783,0
8784,0
8785,1
8786,5
8787,1
8788,5
8789,0
8790,1
8791,0
8792,0
8793,1
8794,0
8795,1
8796,7
8797,0
8798,0
8799,2
8800,7
8801,5
8802,4
8803,0
8804,6
8805,4
8806,0
8807,1
8808,1
8809,2
8810,1
8811,8
8812,1
8813,0
8814,0
8815,0
8816,7
8817,1
8818,5
8819,0
8820,2
8821,2
8822,5
8823,2
8824,1
8825,3
8826,2
8827,1
8828,3
8829,3
8830,1
8831,3
8832,0
8833,0
8834,0
8835,1
8836,1
8837,0
8838,2
8839,1
8840,1
8841,0
8842,1
8843,4
8844,1
8845,0
8846,1
8847,3
8848,6
8849,0
8850,0
8851,8
8852,1
8853,1
8854,3
8855,1
8856,0
8857,0
8858,1
8859,1
8860,0
8861,7
8862,3
8863,5
8864,2
8865,1
8866,5
8867,3
8868,0
8869,0
8870,0
8871,4
8872,3
8873,3
8874,2
8875,0
8876,3
8877,0
8878,0
8879,2
8880,2
8881,1
8882,6
8883,2
8884,0
8885,1
8886,2
8887,1
8888,0
8889,0
8890,1
8891,0
8892,2
8893,0
8894,1
8895,1
8896,0
8897,3
8898,0
8899,1
8900,1
8901,0
8902,1
8903,0
8904,3
8905,0
8906,0
8907,3
8908,0
8909,2
8910,1
8911,0
8912,0
8913,2
8914,1
8915,1
8916,0
8917,0
8918,1
8919,0
8920,0
8921,0
8922,1
8923,4
8924,0
8925,7
8926,7
8927,1
8928,0
8929,6
8930,2
8931,2
8932,0
8933,3
8934,0
8935,0
8936,0
8937,5
8938,3
8939,1
8940,2
8941,0
8942,0
8943,0
8944,0
8945,0
8946,6
8947,0
8948,2
8949,0
8950,0
8951,2
8952,0
8953,2
8954,2
8955,0
8956,7
8957,0
8958,3
8959,6
8960,1
8961,0
8962,2
8963,5
8964,1
8965,0
8966,0
8967,0
8968,0
8969,1
8970,6
8971,3
8972,6
8973,3
8974,3
8975,3
8976,7
8977,1
8978,2
8979,6
8980,0
8981,1
8982,0
8983,3
8984,0
8985,2
8986,2
8987,3
8988,4
8989,1
8990,3
8991,0
8992,0
8993,1
8994,1
8995,1
8996,0
8997,0
8998,5
8999,0
9000,0
9001,0
9002,2
9003,1
9004,3
9005,1
9006,1
9007,0
9008,3
9009,0
9010,6
9011,0
9012,1
9013,0
9014,3
9015,0
9016,5
9017,2
9018,1
9019,1
9020,1
9021,7
9022,1
9023,3
9024,6
9025,1
9026,1
9027,1
9028,3
9029,3
9030,0
9031,5
9032,0
9033,1
9034,0
9035,6
9036,0
9037,5
9038,0
9039,0
9040,7
9041,0
9042,3
9043,2
9044,1
9045,0
9046,4
9047,1
9048,1
9049,0
9050,0
9051,0
9052,4
9053,3
9054,2
9055,0
9056,1
9057,1
9058,1
9059,7
9060,0
9061,0
9062,3
9063,5
9064,4
9065,1
9066,1
9067,3
9068,4
9069,1
9070,2
9071,7
9072,1
9073,6
9074,0
9075,6
9076,0
9077,3
9078,1
9079,1
9080,0
9081,3
9082,7
9083,0
9084,4
9085,0
9086,0
9087,6
9088,0
9089,0
9090,1
9091,0
9092,1
9093,0
9094,1
9095,5
9096,6
9097,3
9098,3
9099,1
9100,0
9101,0
9102,0
9103,1
9104,1
9105,0
9106,0
9107,3
9108,0
9109,3
9110,3
9111,0
9112,3
9113,1
9114,1
9115,2
9116,6
9117,1
9118,6
9119,0
9120,5
9121,7
9122,3
9123,0
9124,0
9125,1
9126,0
9127,0
9128,1
9129,0
9130,3
9131,0
9132,3
9133,0
9134,2
9135,5
9136,6
9137,5
9138,0
9139,5
9140,2
9141,1
9142,1
9143,7
9144,0
9145,0
9146,5
9147,0
9148,0
9149,3
9150,5
9151,1
9152,6
9153,7
9154,0
9155,0
9156,0
9157,3
9158,2
9159,8
9160,2
9161,0
9162,1
9163,6
9164,1
9165,1
9166,0
9167,5
9168,0
9169,6
9170,0
9171,2
9172,0
9173,2
9174,6
9175,0
9176,0
9177,0
9178,1
9179,0
9180,6
9181,2
9182,3
9183,0
9184,1
9185,0
9186,3
9187,1
9188,2
9189,6
9190,0
9191,5
9192,2
9193,3
9194,1
9195,3
9196,0
9197,0
9198,7
9199,5
9200,5
9201,6
9202,1
9203,1
9204,5
9205,0
9206,3
9207,1
9208,7
9209,3
9210,0
9211,3
9212,2
9213,0
9214,3
9215,7
9216,0
9217,2
9218,6
9219,0
9220,0
9221,7
9222,1
9223,6
9224,7
9225,0
9226,1
9227,5
9228,1
9229,2
9230,0
9231,2
9232,4
9233,0
9234,0
9235,5
9236,7
9237,3
9238,3
9239,0
9240,2
9241,3
9242,1
9243,0
9244,5
9245,3
9246,0
9247,0
9248,0
9249,0
9250,2
9251,6
9252,6
9253,2
9254,5
9255,1
9256,5
9257,1
9258,7
9259,5
9260,1
9261,0
9262,2
9263,1
9264,7
9265,3
9266,1
9267,0
9268,1
9269,0
9270,3
9271,2
9272,7
9273,3
9274,3
9275,0
9276,1
9277,3
9278,3
9279,2
9280,6
9281,5
9282,3
9283,0
9284,1
9285,0
9286,1
9287,1
9288,1
9289,2
9290,2
9291,2
9292,3
9293,8
9294,0
9295,0
9296,1
9297,5
9298,0
9299,5
9300,0
9301,0
9302,1
9303,5
9304,5
9305,0
9306,3
9307,3
9308,0
9309,0
9310,1
9311,0
9312,1
9313,0
9314,0
9315,4
9316,6
9317,1
9318,9
9319,1
9320,7
9321,0
9322,0
9323,1
9324,0
9325,6
9326,1
9327,4
9328,6
9329,2
9330,1
9331,0
9332,3
9333,6
9334,7
9335,0
9336,0
9337,3
9338,2
9339,7
9340,1
9341,0
9342,0
9343,2
9344,2
9345,5
9346,0
9347,0
9348,0
9349,2
9350,4
9351,0
9352,2
9353,1
9354,0
9355,7
9356,1
9357,7
9358,1
9359,0
9360,1
9361,0
9362,1
9363,3
9364,0
9365,6
9366,0
9367,3
9368,1
9369,1
9370,0
9371,7
9372,1
9373,0
9374,2
9375,6
9376,0
9377,0
9378,0
9379,0
9380,7
9381,2
9382,1
9383,1
9384,1
9385,0
9386,6
9387,6
9388,7
9389,1
9390,1
9391,1
9392,0
9393,4
9394,0
9395,2
9396,2
9397,5
9398,0
9399,0
9400,2
9401,0
9402,0
9403,1
9404,2
9405,3
9406,2
9407,2
9408,2
9409,6
9410,5
9411,0
9412,0
9413,4
9414,6
9415,2
9416,3
9417,1
9418,2
9419,0
9420,2
9421,3
9422,2
9423,0
9424,0
9425,3
9426,6
9427,1
9428,6
9429,0
9430,1
9431,0
9432,1
9433,2
9434,3
9435,1
9436,2
9437,6
9438,8
9439,5
9440,1
9441,4
9442,0
9443,7
9444,1
9445,6
9446,5
9447,7
9448,2
9449,7
9450,0
9451,1
9452,0
9453,7
9454,0
9455,3
9456,0
9457,3
9458,6
9459,0
9460,0
9461,1
9462,3
9463,2
9464,6
9465,3
9466,7
9467,5
9468,3
9469,1
9470,4
9471,5
9472,1
9473,3
9474,1
9475,2
9476,5
9477,0
9478,0
9479,2
9480,0
9481,3
9482,0
9483,0
9484,1
9485,7
9486,5
9487,6
9488,3
9489,3
9490,2
9491,0
9492,1
9493,1
9494,0
9495,1
9496,1
9497,1
9498,0
9499,2
9500,0
9501,3
9502,1
9503,1
9504,1
9505,1
9506,0
9507,0
9508,6
9509,0
9510,1
9511,3
9512,3
9513,6
9514,7
9515,7
9516,0
9517,3
9518,4
9519,3
9520,0
9521,4
9522,0
9523,0
9524,2
9525,1
9526,0
9527,0
9528,0
9529,2
9530,1
9531,5
9532,1
9533,3
9534,0
9535,0
9536,7
9537,3
9538,1
9539,0
9540,1
9541,6
9542,0
9543,2
9544,0
9545,1
9546,3
9547,0
9548,3
9549,1
9550,0
9551,3
9552,7
9553,0
9554,5
9555,0
9556,2
9557,0
9558,1
9559,1
9560,0
9561,3
9562,1
9563,2
9564,1
9565,3
9566,0
9567,6
9568,7
9569,0
9570,3
9571,6
9572,5
9573,0
9574,2
9575,5
9576,1
9577,0
9578,0
9579,1
9580,3
9581,1
9582,0
9583,0
9584,7
9585,0
9586,0
9587,1
9588,0
9589,0
9590,1
9591,6
9592,3
9593,0
9594,0
9595,2
9596,2
9597,6
9598,3
9599,3
9600,7
9601,1
9602,3
9603,3
9604,1
9605,7
9606,3
9607,1
9608,2
9609,0
9610,1
9611,3
9612,2
9613,1
9614,0
9615,0
9616,3
9617,3
9618,2
9619,6
9620,6
9621,0
9622,0
9623,0
9624,0
9625,3
9626,1
9627,4
9628,1
9629,4
9630,3
9631,1
9632,4
9633,1
9634,1
9635,2
9636,1
9637,6
9638,3
9639,5
9640,2
9641,7
9642,0
9643,0
9644,6
9645,0
9646,6
9647,4
9648,2
9649,0
9650,5
9651,6
9652,2
9653,3
9654,2
9655,1
9656,0
9657,1
9658,1
9659,5
9660,1
9661,3
9662,4
9663,0
9664,1
9665,6
9666,0
9667,1
9668,2
9669,0
9670,3
9671,3
9672,3
9673,7
9674,0
9675,6
9676,3
9677,0
9678,1
9679,0
9680,5
9681,1
9682,0
9683,6
9684,5
9685,1
9686,0
9687,3
9688,1
9689,0
9690,0
9691,1
9692,0
9693,0
9694,2
9695,1
9696,0
9697,1
9698,2
9699,0
9700,2
9701,5
9702,0
9703,3
9704,2
9705,6
9706,1
9707,2
9708,5
9709,4
9710,0
9711,6
9712,6
9713,7
9714,6
9715,1
9716,0
9717,0
9718,0
9719,2
9720,1
9721,1
9722,1
9723,1
9724,0
9725,1
9726,0
9727,3
9728,0
9729,0
9730,2
9731,1
9732,1
9733,1
9734,0
9735,2
9736,1
9737,0
9738,5
9739,5
9740,5
9741,0
9742,0
9743,8
9744,2
9745,0
9746,2
9747,0
9748,3
9749,0
9750,1
9751,0
9752,5
9753,6
9754,0
9755,3
9756,0
9757,2
9758,0
9759,0
9760,1
9761,4
9762,0
9763,7
9764,5
9765,2
9766,0
9767,0
9768,1
9769,2
9770,1
9771,1
9772,4
9773,2
9774,0
9775,3
9776,0
9777,7
9778,3
9779,5
9780,8
9781,4
9782,0
9783,2
9784,0
9785,6
9786,0
9787,4
9788,7
9789,2
9790,0
9791,2
9792,1
9793,3
9794,3
9795,0
9796,4
9797,0
9798,4
9799,0
9800,1
9801,1
9802,1
9803,0
9804,3
9805,0
9806,1
9807,6
9808,0
9809,0
9810,0
9811,0
9812,1
9813,3
9814,1
9815,1
9816,0
9817,1
9818,1
9819,3
9820,0
9821,1
9822,7
9823,0
9824,6
9825,1
9826,3
9827,0
9828,0
9829,1
9830,0
9831,1
9832,0
9833,0
9834,6
9835,6
9836,0
9837,3
9838,7
9839,6
9840,1
9841,1
9842,6
9843,1
9844,3
9845,6
9846,7
9847,0
9848,1
9849,6
9850,6
9851,1
9852,0
9853,0
9854,2
9855,0
9856,6
9857,6
9858,1
9859,0
9860,2
9861,0
9862,1
9863,3
9864,0
9865,0
9866,2
9867,0
9868,0
9869,0
9870,1
9871,7
9872,3
9873,0
9874,0
9875,0
9876,0
9877,0
9878,6
9879,0
9880,0
9881,3
9882,0
9883,4
9884,1
9885,6
9886,0
9887,1
9888,0
9889,3
9890,1
9891,1
9892,1
9893,2
9894,0
9895,3
9896,0
9897,7
9898,0
9899,1
9900,6
9901,2
9902,0
9903,0
9904,0
9905,0
9906,6
9907,2
9908,1
9909,0
9910,5
9911,0
9912,0
9913,1
9914,6
9915,0
9916,1
9917,1
9918,0
9919,3
9920,0
9921,1
9922,3
9923,0
9924,2
9925,3
9926,1
9927,2
9928,2
9929,1
9930,1
9931,4
9932,0
9933,5
9934,0
9935,2
9936,2
9937,0
9938,1
9939,0
9940,2
9941,1
9942,0
9943,6
9944,0
9945,0
9946,2
9947,8
9948,0
9949,1
9950,0
9951,5
9952,1
9953,0
9954,0
9955,0
9956,0
9957,0
9958,0
9959,1
9960,5
9961,1
9962,1
9963,3
9964,3
9965,1
9966,4
9967,1
9968,3
9969,0
9970,0
9971,7
9972,3
9973,6
9974,0
9975,3
9976,0
9977,0
9978,3
9979,4
9980,0
9981,6
9982,1
9983,5
9984,2
9985,1
9986,6
9987,3
9988,7
9989,1
9990,6
9991,4
9992,2
9993,1
9994,0
9995,5
9996,1
9997,0
9998,2
9999,4
10000,0
10001,5
10002,0
10003,4
10004,3
10005,7
10006,0
10007,3
10008,7
10009,1
10010,7
10011,1
10012,0
10013,0
10014,0
10015,0
10016,2
10017,1
10018,0
10019,1
10020,0
10021,0
10022,1
10023,0
10024,1
10025,4
10026,0
10027,1
10028,6
10029,1
10030,0
10031,0
10032,5
10033,0
10034,3
10035,2
10036,0
10037,0
10038,0
10039,3
10040,6
10041,0
10042,3
10043,0
10044,2
10045,7
10046,0
10047,0
10048,6
10049,1
10050,7
10051,1
10052,5
10053,7
10054,1
10055,3
10056,1
10057,3
10058,3
10059,1
10060,4
10061,0
10062,0
10063,0
10064,0
10065,6
10066,3
10067,0
10068,4
10069,3
10070,1
10071,1
10072,3
10073,7
10074,0
10075,1
10076,7
10077,0
10078,2
10079,1
10080,0
10081,4
10082,0
10083,1
10084,0
10085,1
10086,1
10087,4
10088,0
10089,3
10090,0
10091,1
10092,1
10093,7
10094,1
10095,0
10096,2
10097,0
10098,0
10099,1
10100,7
10101,6
10102,3
10103,3
10104,1
10105,1
10106,5
10107,3
10108,0
10109,3
10110,0
10111,0
10112,1
10113,7
10114,5
10115,2
10116,0
10117,6
10118,1
10119,2
10120,1
10121,3
10122,5
10123,1
10124,0
10125,3
10126,1
10127,1
10128,5
10129,0
10130,3
10131,3
10132,3
10133,0
10134,7
10135,0
10136,4
10137,2
10138,2
10139,0
10140,4
10141,1
10142,0
10143,0
10144,0
10145,1
10146,1
10147,5
10148,0
10149,0
10150,4
10151,3
10152,0
10153,5
10154,0
10155,6
10156,2
10157,1
10158,2
10159,3
10160,1
10161,0
10162,5
10163,3
10164,1
10165,1
10166,1
10167,0
10168,3
10169,3
10170,0
10171,1
10172,0
10173,0
10174,0
10175,0
10176,5
10177,0
10178,0
10179,1
10180,1
10181,3
10182,7
10183,1
10184,0
10185,0
10186,1
10187,1
10188,1
10189,0
10190,0
10191,0
10192,1
10193,0
10194,2
10195,3
10196,4
10197,3
10198,1
10199,6
10200,6
10201,3
10202,2
10203,1
10204,3
10205,2
10206,7
10207,4
10208,1
10209,0
10210,0
10211,0
10212,1
10213,0
10214,7
10215,1
10216,3
10217,0
10218,0
10219,0
10220,0
10221,5
10222,5
10223,0
10224,1
10225,1
10226,1
10227,1
10228,0
10229,0
10230,6
10231,3
10232,0
10233,0
10234,0
10235,1
10236,0
10237,1
10238,0
10239,5
10240,5
10241,0
10242,0
10243,0
10244,0
10245,2
10246,6
10247,1
10248,0
10249,5
10250,3
10251,0
10252,7
10253,3
10254,0
10255,0
10256,3
10257,0
10258,7
10259,2
10260,4
10261,0
10262,1
10263,4
10264,7
10265,2
10266,0
10267,1
10268,7
10269,0
10270,2
10271,3
10272,0
10273,0
10274,7
10275,7
10276,7
10277,0
10278,1
10279,5
10280,3
10281,0
10282,3
10283,1
10284,1
10285,0
10286,3
10287,0
10288,2
10289,2
10290,1
10291,1
10292,0
10293,0
10294,1
10295,2
10296,1
10297,6
10298,3
10299,0
10300,3
10301,0
10302,3
10303,4
10304,5
10305,1
10306,0
10307,1
10308,7
10309,2
10310,3
10311,2
10312,0
10313,7
10314,1
10315,2
10316,0
10317,0
10318,0
10319,7
10320,0
10321,5
10322,1
10323,0
10324,2
10325,2
10326,0
10327,1
10328,0
10329,0
10330,5
10331,2
10332,1
10333,7
10334,2
10335,0
10336,0
10337,3
10338,6
10339,1
10340,4
10341,2
10342,5
10343,3
10344,0
10345,6
10346,7
10347,5
10348,6
10349,1
10350,1
10351,1
10352,0
10353,3
10354,1
10355,4
10356,0
10357,1
10358,2
10359,0
10360,5
10361,0
10362,1
10363,1
10364,2
10365,1
10366,0
10367,6
10368,4
10369,1
10370,1
10371,0
10372,1
10373,6
10374,1
10375,2
10376,0
10377,0
10378,2
10379,1
10380,0
10381,3
10382,0
10383,3
10384,3
10385,1
10386,7
10387,1
10388,0
10389,0
10390,0
10391,0
10392,3
10393,1
10394,3
10395,0
10396,1
10397,7
10398,3
10399,1
10400,0
10401,0
10402,0
10403,7
10404,6
10405,5
10406,7
10407,0
10408,0
10409,5
10410,3
10411,5
10412,1
10413,4
10414,1
10415,2
10416,7
10417,1
10418,0
10419,1
10420,7
10421,3
10422,1
10423,3
10424,0
10425,2
10426,0
10427,0
10428,0
10429,0
10430,5
10431,0
10432,0
10433,0
10434,1
10435,3
10436,2
10437,1
10438,1
10439,0
10440,5
10441,6
10442,3
10443,1
10444,7
10445,6
10446,4
10447,1
10448,0
10449,0
10450,1
10451,1
10452,1
10453,0
10454,2
10455,6
10456,1
10457,0
10458,5
10459,5
10460,1
10461,0
10462,0
10463,6
10464,1
10465,8
10466,4
10467,7
10468,3
10469,2
10470,3
10471,6
10472,0
10473,0
10474,6
10475,1
10476,3
10477,4
10478,3
10479,4
10480,1
10481,0
10482,3
10483,1
10484,1
10485,1
10486,3
10487,0
10488,0
10489,0
10490,0
10491,0
10492,3
10493,0
10494,0
10495,5
10496,6
10497,2
10498,3
10499,1
10500,4
10501,2
10502,0
10503,4
10504,4
10505,5
10506,0
10507,3
10508,6
10509,3
10510,0
10511,0
10512,4
10513,0
10514,7
10515,0
10516,6
10517,3
10518,7
10519,2
10520,0
10521,2
10522,4
10523,1
10524,3
10525,0
10526,0
10527,0
10528,0
10529,8
10530,3
10531,1
10532,0
10533,7
10534,0
10535,1
10536,2
10537,3
10538,0
10539,0
10540,1
10541,0
10542,2
10543,3
10544,0
10545,1
10546,5
10547,1
10548,0
10549,3
10550,1
10551,6
10552,1
10553,2
10554,3
10555,1
10556,1
10557,7
10558,6
10559,0
10560,0
10561,0
10562,0
10563,2
10564,3
10565,2
10566,2
10567,0
10568,5
10569,4
10570,2
10571,4
10572,1
10573,7
10574,1
10575,1
10576,2
10577,3
10578,0
10579,1
10580,2
10581,1
10582,1
10583,2
10584,0
10585,1
10586,0
10587,0
10588,3
10589,1
10590,2
10591,1
10592,2
10593,0
10594,5
10595,6
10596,1
10597,0
10598,1
10599,0
10600,0
10601,1
10602,1
10603,0
10604,2
10605,4
10606,3
10607,5
10608,1
10609,5
10610,3
10611,5
10612,1
10613,3
10614,5
10615,1
10616,2
10617,7
10618,1
10619,1
10620,0
10621,0
10622,2
10623,1
10624,6
10625,6
10626,3
10627,2
10628,0
10629,7
10630,0
10631,5
10632,1
10633,2
10634,1
10635,3
10636,3
10637,1
10638,0
10639,1
10640,2
10641,2
10642,0
10643,1
10644,7
10645,0
10646,3
10647,7
10648,0
10649,2
10650,1
10651,0
10652,3
10653,1
10654,6
10655,2
10656,7
10657,1
10658,0
10659,0
10660,1
10661,0
10662,1
10663,4
10664,1
10665,0
10666,0
10667,1
10668,1
10669,0
10670,4
10671,6
10672,5
10673,6
10674,1
10675,7
10676,1
10677,6
10678,1
10679,1
10680,0
10681,3
10682,9
10683,0
10684,2
10685,0
10686,5
10687,2
10688,0
10689,0
10690,6
10691,1
10692,0
10693,1
10694,0
10695,2
10696,0
10697,1
10698,3
10699,3
10700,7
10701,4
10702,3
10703,1
10704,5
10705,0
10706,0
10707,6
10708,0
10709,7
10710,6
10711,1
10712,3
10713,1
10714,1
10715,1
10716,0
10717,1
10718,0
10719,0
10720,4
10721,0
10722,0
10723,2
10724,3
10725,0
10726,7
10727,3
10728,6
10729,1
10730,3
10731,7
10732,0
10733,3
10734,0
10735,3
10736,1
10737,1
10738,0
10739,0
10740,3
10741,0
10742,0
10743,2
10744,3
10745,0
10746,1
10747,0
10748,3
10749,1
10750,0
10751,1
10752,3
10753,6
10754,7
10755,7
10756,4
10757,6
10758,1
10759,5
10760,0
10761,1
10762,1
10763,0
10764,0
10765,1
10766,0
10767,7
10768,5
10769,0
10770,0
10771,1
10772,1
10773,2
10774,0
10775,2
10776,6
10777,1
10778,1
10779,0
10780,1
10781,7
10782,0
10783,1
10784,7
10785,0
10786,0
10787,1
10788,0
10789,7
10790,6
10791,0
10792,3
10793,0
10794,0
10795,6
10796,2
10797,0
10798,4
10799,3
10800,2
10801,0
10802,2
10803,3
10804,0
10805,3
10806,0
10807,5
10808,3
10809,4
10810,0
10811,1
10812,0
10813,7
10814,0
10815,0
10816,3
10817,3
10818,0
10819,2
10820,5
10821,3
10822,6
10823,4
10824,0
10825,2
10826,0
10827,0
10828,5
10829,1
10830,0
10831,1
10832,4
10833,0
10834,3
10835,1
10836,0
10837,3
10838,3
10839,4
10840,0
10841,0
10842,0
10843,7
10844,1
10845,4
10846,1
10847,1
10848,0
10849,0
10850,6
10851,0
10852,5
10853,0
10854,3
10855,0
10856,0
10857,0
10858,5
10859,0
10860,0
10861,6
10862,1
10863,3
10864,0
10865,5
10866,5
10867,0
10868,6
10869,2
10870,0
10871,6
10872,4
10873,0
10874,1
10875,0
10876,2
10877,0
10878,0
10879,1
10880,6
10881,0
10882,3
10883,0
10884,1
10885,5
10886,1
10887,1
10888,0
10889,1
10890,0
10891,0
10892,3
10893,2
10894,7
10895,3
10896,1
10897,0
10898,0
10899,0
10900,3
10901,0
10902,1
10903,0
10904,0
10905,3
10906,0
10907,1
10908,8
10909,5
10910,6
10911,1
10912,2
10913,1
10914,0
10915,5
10916,0
10917,7
10918,0
10919,7
10920,0
10921,3
10922,0
10923,1
10924,1
10925,4
10926,2
10927,5
10928,6
10929,1
10930,3
10931,2
10932,0
10933,1
10934,0
10935,2
10936,1
10937,1
10938,0
10939,2
10940,1
10941,6
10942,0
10943,1
10944,5
10945,0
10946,7
10947,6
10948,3
10949,2
10950,0
10951,2
10952,6
10953,0
10954,3
10955,0
10956,0
10957,1
10958,1
10959,4
10960,2
10961,1
10962,4
10963,7
10964,0
10965,0
10966,7
10967,0
10968,6
10969,1
10970,0
10971,1
10972,0
10973,0
10974,2
10975,0
10976,3
10977,2
10978,6
10979,3
10980,3
10981,6
10982,4
10983,0
10984,1
10985,1
10986,1
10987,3
10988,1
10989,1
10990,2
10991,6
10992,3
10993,0
10994,0
10995,2
10996,3
10997,0
10998,2
10999,5
11000,1
11001,0
11002,3
11003,2
11004,5
11005,7
11006,6
11007,1
11008,1
11009,0
11010,1
11011,5
11012,0
11013,0
11014,0
11015,0
11016,0
11017,0
11018,3
11019,1
11020,1
11021,0
11022,1
11023,7
11024,1
11025,5
11026,0
11027,0
11028,4
11029,7
11030,2
11031,1
11032,3
11033,0
11034,1
11035,3
11036,1
11037,1
11038,7
11039,1
11040,7
11041,3
11042,3
11043,6
11044,1
11045,0
11046,0
11047,0
11048,3
11049,0
11050,3
11051,2
11052,3
11053,5
11054,1
11055,1
11056,8
11057,0
11058,6
11059,1
11060,0
11061,3
11062,0
11063,1
11064,1
11065,1
11066,3
11067,6
11068,6
11069,5
11070,2
11071,2
11072,1
11073,1
11074,0
11075,0
11076,7
11077,1
11078,7
11079,0
11080,7
11081,1
11082,5
11083,0
11084,8
11085,5
11086,1
11087,0
11088,0
11089,0
11090,1
11091,5
11092,5
11093,3
11094,0
11095,1
11096,1
11097,0
11098,2
11099,1
11100,1
11101,2
11102,0
11103,3
11104,0
11105,1
11106,1
11107,0
11108,0
11109,1
11110,5
11111,0
11112,0
11113,0
11114,1
11115,2
11116,5
11117,4
11118,6
11119,2
11120,0
11121,1
11122,3
11123,0
11124,1
11125,0
11126,1
11127,1
11128,2
11129,1
11130,1
11131,5
11132,0
11133,6
11134,0
11135,1
11136,0
11137,2
11138,1
11139,0
11140,0
11141,0
11142,0
11143,0
11144,0
11145,0
11146,7
11147,0
11148,5
11149,0
11150,0
11151,0
11152,1
11153,3
11154,0
11155,0
11156,1
11157,2
11158,3
11159,1
11160,0
11161,2
11162,2
11163,1
11164,0
11165,0
11166,0
11167,0
11168,0
11169,0
11170,1
11171,3
11172,2
11173,0
11174,8
11175,4
11176,0
11177,2
11178,0
11179,6
11180,2
11181,3
11182,1
11183,2
11184,0
11185,0
11186,2
11187,7
11188,0
11189,0
11190,0
11191,0
11192,0
11193,4
11194,7
11195,0
11196,0
11197,1
11198,0
11199,0
11200,0
11201,0
11202,0
11203,2
11204,2
11205,1
11206,3
11207,1
11208,0
11209,0
11210,5
11211,7
11212,0
11213,0
11214,0
11215,0
11216,0
11217,7
11218,0
11219,0
11220,1
11221,0
11222,2
11223,3
11224,1
11225,1
11226,1
11227,1
11228,6
11229,0
11230,1
11231,0
11232,0
11233,0
11234,1
11235,0
11236,0
11237,0
11238,0
11239,1
11240,1
11241,3
11242,3
11243,0
11244,4
11245,5
11246,0
11247,0
11248,3
11249,1
11250,3
11251,0
11252,3
11253,0
11254,1
11255,0
11256,2
11257,1
11258,1
11259,1
11260,5
11261,1
11262,0
11263,7
11264,7
11265,3
11266,0
11267,1
11268,3
11269,2
11270,6
11271,1
11272,2
11273,1
11274,0
11275,3
11276,2
11277,5
11278,1
11279,0
11280,1
11281,6
11282,1
11283,2
11284,0
11285,0
11286,1
11287,0
11288,0
11289,1
11290,1
11291,1
11292,0
11293,5
11294,4
11295,1
11296,1
11297,3
11298,0
11299,2
11300,1
11301,2
11302,3
11303,1
11304,2
11305,3
11306,1
11307,0
11308,3
11309,1
11310,1
11311,1
11312,1
11313,6
11314,2
11315,7
11316,1
11317,0
11318,1
11319,3
11320,4
11321,5
11322,3
11323,3
11324,3
11325,2
11326,1
11327,1
11328,2
11329,2
11330,0
11331,2
11332,0
11333,0
11334,7
11335,2
11336,1
11337,0
11338,0
11339,0
11340,1
11341,0
11342,0
11343,0
11344,0
11345,0
11346,0
11347,2
11348,7
11349,0
11350,1
11351,0
11352,2
11353,0
11354,1
11355,6
11356,1
11357,1
11358,1
11359,0
11360,0
11361,2
11362,1
11363,2
11364,2
11365,5
11366,2
11367,1
11368,1
11369,0
11370,6
11371,1
11372,4
11373,1
11374,1
11375,0
11376,7
11377,2
11378,3
11379,1
11380,0
11381,6
11382,0
11383,3
11384,6
11385,0
11386,1
11387,2
11388,0
11389,6
11390,0
11391,0
11392,0
11393,0
11394,7
11395,3
11396,0
11397,8
11398,6
11399,3
11400,1
11401,1
11402,2
11403,1
11404,1
11405,1
11406,5
11407,2
11408,0
11409,0
11410,1
11411,1
11412,1
11413,0
11414,1
11415,0
11416,6
11417,6
11418,4
11419,1
11420,1
11421,5
11422,7
11423,0
11424,0
11425,3
11426,6
11427,1
11428,5
11429,0
11430,7
11431,0
11432,1
11433,7
11434,0
11435,1
11436,2
11437,1
11438,3
11439,6
11440,0
11441,0
11442,3
11443,7
11444,0
11445,1
11446,6
11447,2
11448,5
11449,1
11450,5
11451,0
11452,0
11453,1
11454,1
11455,0
11456,0
11457,0
11458,0
11459,0
11460,1
11461,5
11462,4
11463,0
11464,2
11465,2
11466,0
11467,0
11468,4
11469,7
11470,1
11471,7
11472,3
11473,6
11474,3
11475,1
11476,2
11477,0
11478,0
11479,2
11480,3
11481,5
11482,1
11483,3
11484,1
11485,5
11486,3
11487,0
11488,6
11489,7
11490,1
11491,0
11492,3
11493,1
11494,5
11495,6
11496,1
11497,2
11498,6
11499,2
11500,1
11501,0
11502,1
11503,1
11504,0
11505,2
11506,6
11507,4
11508,8
11509,0
11510,6
11511,0
11512,0
11513,0
11514,1
11515,1
11516,7
11517,7
11518,0
11519,1
11520,0
11521,0
11522,2
11523,5
11524,3
11525,2
11526,2
11527,0
11528,1
11529,0
11530,1
11531,1
11532,6
11533,0
11534,4
11535,5
11536,0
11537,1
11538,2
11539,7
11540,2
11541,1
11542,6
11543,1
11544,0
11545,0
11546,0
11547,3
11548,0
11549,2
11550,3
11551,2
11552,3
11553,6
11554,0
11555,1
11556,0
11557,5
11558,1
11559,0
11560,0
11561,2
11562,1
11563,3
11564,0
11565,1
11566,6
11567,6
11568,7
11569,3
11570,7
11571,0
11572,0
11573,5
11574,3
11575,3
11576,7
11577,2
11578,5
11579,0
11580,4
11581,4
11582,1
11583,5
11584,1
11585,3
11586,3
11587,5
11588,9
11589,3
11590,6
11591,1
11592,0
11593,0
11594,6
11595,3
11596,0
11597,2
11598,1
11599,7
11600,2
11601,0
11602,1
11603,1
11604,0
11605,0
11606,3
11607,0
11608,4
11609,3
11610,5
11611,0
11612,0
11613,3
11614,0
11615,8
11616,1
11617,6
11618,0
11619,0
11620,6
11621,2
11622,0
11623,3
11624,1
11625,0
11626,1
11627,2
11628,1
11629,0
11630,0
11631,0
11632,0
11633,5
11634,7
11635,0
11636,0
11637,1
11638,0
11639,0
11640,4
11641,0
11642,0
11643,1
11644,3
11645,3
11646,2
11647,2
11648,1
11649,6
11650,6
11651,0
11652,5
11653,1
11654,3
11655,6
11656,3
11657,2
11658,2
11659,3
11660,0
11661,0
11662,6
11663,1
11664,3
11665,0
11666,0
11667,0
11668,3
11669,0
11670,7
11671,5
11672,4
11673,3
11674,5
11675,3
11676,1
11677,2
11678,3
11679,6
11680,7
11681,0
11682,1
11683,0
11684,0
11685,1
11686,0
11687,4
11688,3
11689,1
11690,0
11691,7
11692,0
11693,2
11694,0
11695,3
11696,0
11697,3
11698,0
11699,3
11700,1
11701,0
11702,1
11703,4
11704,2
11705,4
11706,2
11707,1
11708,5
11709,1
11710,6
11711,0
11712,3
11713,0
11714,7
11715,0
11716,0
11717,0
11718,4
11719,0
11720,1
11721,2
11722,0
11723,0
11724,0
11725,1
11726,3
11727,4
11728,0
11729,0
11730,7
11731,6
11732,1
11733,0
11734,5
11735,2
11736,0
11737,6
11738,3
11739,2
11740,7
11741,1
11742,6
11743,7
11744,0
11745,3
11746,0
11747,1
11748,0
11749,2
11750,5
11751,7
11752,5
11753,1
11754,3
11755,0
11756,1
11757,1
11758,5
11759,1
11760,1
11761,2
11762,1
11763,1
11764,1
11765,1
11766,0
11767,0
11768,3
11769,0
11770,5
11771,1
11772,1
11773,2
11774,0
11775,1
11776,5
11777,3
11778,5
11779,3
11780,1
11781,6
11782,4
11783,1
11784,0
11785,4
11786,6
11787,2
11788,1
11789,2
11790,7
11791,0
11792,0
11793,1
11794,5
11795,6
11796,3
11797,3
11798,2
11799,3
11800,2
11801,2
11802,3
11803,6
11804,0
11805,3
11806,0
11807,2
11808,2
11809,0
11810,7
11811,1
11812,6
11813,6
11814,3
11815,3
11816,2
11817,0
11818,1
11819,1
11820,0
11821,3
11822,2
11823,2
11824,1
11825,0
11826,2
11827,0
11828,6
11829,1
11830,2
11831,5
11832,0
11833,0
11834,5
11835,0
11836,3
11837,0
11838,3
11839,1
11840,0
11841,0
11842,6
11843,0
11844,0
11845,1
11846,1
11847,0
11848,6
11849,3
11850,0
11851,2
11852,3
11853,0
11854,3
11855,3
11856,1
11857,6
11858,1
11859,1
11860,0
11861,2
11862,1
11863,1
11864,6
11865,2
11866,2
11867,7
11868,8
11869,4
11870,6
11871,0
11872,1
11873,2
11874,3
11875,3
11876,5
11877,3
11878,0
11879,7
11880,7
11881,0
11882,0
11883,7
11884,0
11885,1
11886,3
11887,1
11888,0
11889,1
11890,0
11891,0
11892,1
11893,1
11894,2
11895,7
11896,3
11897,3
11898,0
11899,6
11900,2
11901,0
11902,5
11903,0
11904,3
11905,0
11906,0
11907,5
11908,0
11909,0
11910,1
11911,7
11912,1
11913,0
11914,0
11915,1
11916,3
11917,6
11918,2
11919,6
11920,1
11921,7
11922,3
11923,1
11924,3
11925,1
11926,1
11927,1
11928,7
11929,0
11930,6
11931,0
11932,3
11933,1
11934,3
11935,1
11936,0
11937,4
11938,0
11939,3
11940,0
11941,2
11942,7
11943,1
11944,1
11945,0
11946,0
11947,1
11948,2
11949,2
11950,0
11951,3
11952,1
11953,1
11954,0
11955,5
11956,0
11957,6
11958,1
11959,0
11960,3
11961,6
11962,1
11963,0
11964,7
11965,2
11966,0
11967,0
11968,3
11969,6
11970,0
11971,3
11972,2
11973,2
11974,6
11975,1
11976,0
11977,2
11978,4
11979,2
11980,1
11981,1
11982,1
11983,0
11984,1
11985,6
11986,0
11987,2
11988,7
11989,5
11990,3
11991,0
11992,2
11993,1
11994,0
11995,2
11996,3
11997,2
11998,1
11999,1
12000,0
12001,0
12002,3
12003,0
12004,1
12005,0
12006,2
12007,1
12008,0
12009,1
12010,1
12011,2
12012,7
12013,0
12014,0
12015,0
12016,0
12017,0
12018,0
12019,3
12020,1
12021,1
12022,0
12023,1
12024,3
12025,6
12026,6
12027,1
12028,2
12029,7
12030,1
12031,0
12032,0
12033,1
12034,2
12035,2
12036,0
12037,4
12038,1
12039,0
12040,2
12041,3
12042,7
12043,1
12044,1
12045,0
12046,3
12047,1
12048,1
12049,6
12050,6
12051,1
12052,4
12053,0
12054,5
12055,6
12056,6
12057,7
12058,3
12059,2
12060,0
12061,6
12062,1
12063,0
12064,3
12065,0
12066,2
12067,2
12068,0
12069,6
12070,0
12071,6
12072,4
12073,1
12074,6
12075,0
12076,0
12077,3
12078,2
12079,0
12080,3
12081,4
12082,3
12083,3
12084,6
12085,0
12086,0
12087,0
12088,4
12089,0
12090,3
12091,0
12092,0
12093,7
12094,1
12095,1
12096,3
12097,0
12098,5
12099,3
12100,0
12101,0
12102,2
12103,8
12104,3
12105,6
12106,0
12107,1
12108,5
12109,0
12110,1
12111,3
12112,3
12113,0
12114,2
12115,0
12116,1
12117,1
12118,3
12119,3
12120,3
12121,3
12122,0
12123,2
12124,3
12125,2
12126,1
12127,8
12128,5
12129,1
12130,1
12131,0
12132,1
12133,0
12134,2
12135,2
12136,1
12137,3
12138,3
12139,0
12140,0
12141,3
12142,6
12143,6
12144,1
12145,2
12146,0
12147,4
12148,2
12149,2
12150,1
12151,2
12152,6
12153,7
12154,2
12155,0
12156,0
12157,0
12158,3
12159,3
12160,1
12161,4
12162,0
12163,3
12164,0
12165,2
12166,1
12167,0
12168,6
12169,7
12170,2
12171,1
12172,0
12173,2
12174,2
12175,4
12176,5
12177,6
12178,0
12179,3
12180,5
12181,0
12182,3
12183,3
12184,6
12185,3
12186,0
12187,6
12188,0
12189,2
12190,0
12191,0
12192,3
12193,7
12194,2
12195,0
12196,5
12197,3
12198,1
12199,3
12200,0
12201,0
12202,2
12203,1
12204,1
12205,3
12206,7
12207,3
12208,1
12209,7
12210,7
12211,1
12212,0
12213,2
12214,2
12215,4
12216,0
12217,1
12218,0
12219,6
12220,0
12221,1
12222,0
12223,1
12224,0
12225,1
12226,0
12227,4
12228,6
12229,1
12230,0
12231,0
12232,1
12233,7
12234,2
12235,5
12236,0
12237,0
12238,0
12239,2
12240,3
12241,3
12242,2
12243,0
12244,2
12245,0
12246,1
12247,1
12248,3
12249,3
12250,1
12251,2
12252,2
12253,0
12254,2
12255,2
12256,4
12257,6
12258,1
12259,8
12260,2
12261,3
12262,3
12263,3
12264,0
12265,3
12266,0
12267,0
12268,2
12269,0
12270,3
12271,7
12272,1
12273,3
12274,2
12275,3
12276,1
12277,0
12278,3
12279,3
12280,1
12281,1
12282,0
12283,0
12284,1
12285,7
12286,3
12287,1
12288,0
12289,7
12290,0
12291,0
12292,3
12293,0
12294,2
12295,3
12296,3
12297,1
12298,1
12299,7
12300,3
12301,3
12302,0
12303,0
12304,0
12305,1
12306,0
12307,7
12308,1
12309,3
12310,0
12311,6
12312,0
12313,0
12314,0
12315,0
12316,6
12317,2
12318,4
12319,3
12320,4
12321,1
12322,1
12323,1
12324,7
12325,1
12326,3
12327,5
12328,2
12329,5
12330,0
12331,0
12332,1
12333,7
12334,2
12335,0
12336,0
12337,0
12338,0
12339,1
12340,6
12341,6
12342,0
12343,0
12344,7
12345,0
12346,0
12347,3
12348,0
12349,1
12350,0
12351,5
12352,7
12353,4
12354,1
12355,1
12356,0
12357,0
12358,2
12359,1
12360,3
12361,3
12362,7
12363,1
12364,6
12365,7
12366,1
12367,6
12368,1
12369,0
12370,1
12371,7
12372,0
12373,1
12374,0
12375,1
12376,0
12377,0
12378,1
12379,7
12380,0
12381,1
12382,0
12383,1
12384,3
12385,0
12386,2
12387,1
12388,2
12389,5
12390,5
12391,1
12392,1
12393,5
12394,1
12395,0
12396,1
12397,2
12398,3
12399,1
12400,0
12401,6
12402,0
12403,0
12404,0
12405,1
12406,1
12407,1
12408,0
12409,1
12410,1
12411,4
12412,0
12413,0
12414,0
12415,1
12416,3
12417,0
12418,0
12419,3
12420,3
12421,5
12422,1
12423,2
12424,0
12425,0
12426,0
12427,3
12428,1
12429,1
12430,2
12431,6
12432,1
12433,1
12434,5
12435,7
12436,1
12437,1
12438,0
12439,1
12440,3
12441,0
12442,0
12443,0
12444,0
12445,0
12446,3
12447,7
12448,1
12449,0
12450,0
12451,1
12452,2
12453,3
12454,0
12455,2
12456,6
12457,5
12458,0
12459,1
12460,5
12461,3
12462,0
12463,3
12464,0
12465,2
12466,2
12467,7
12468,0
12469,0
12470,2
12471,1
12472,6
12473,0
12474,1
12475,6
12476,0
12477,1
12478,5
12479,1
12480,3
12481,2
12482,0
12483,5
12484,1
12485,0
12486,0
12487,0
12488,2
12489,2
12490,1
12491,0
12492,0
12493,2
12494,0
12495,0
12496,0
12497,3
12498,2
12499,0
12500,2
12501,0
12502,6
12503,6
12504,0
12505,1
12506,0
12507,6
12508,1
12509,7
12510,5
12511,1
12512,6
12513,0
12514,3
12515,0
12516,1
12517,1
12518,6
12519,1
12520,0
12521,0
12522,2
12523,1
12524,1
12525,0
12526,0
12527,1
12528,1
12529,2
12530,0
12531,0
12532,0
12533,2
12534,3
12535,0
12536,1
12537,5
12538,1
12539,1
12540,1
12541,0
12542,7
12543,0
12544,0
12545,0
12546,1
12547,2
12548,6
12549,1
12550,1
12551,0
12552,1
12553,4
12554,0
12555,1
12556,6
12557,3
12558,1
12559,1
12560,0
12561,1
12562,0
12563,3
12564,0
12565,7
12566,3
12567,0
12568,1
12569,0
12570,1
12571,6
12572,3
12573,1
12574,3
12575,0
12576,6
12577,0
12578,0
12579,1
12580,6
12581,2
12582,1
12583,2
12584,1
12585,1
12586,0
12587,4
12588,1
12589,5
12590,3
12591,0
12592,0
12593,1
12594,0
12595,1
12596,1
12597,0
12598,3
12599,4
12600,1
12601,5
12602,1
12603,1
12604,1
12605,1
12606,3
12607,1
12608,6
12609,6
12610,0
12611,1
12612,1
12613,3
12614,1
12615,3
12616,3
12617,6
12618,0
12619,0
12620,2
12621,6
12622,1
12623,1
12624,1
12625,1
12626,1
12627,6
12628,0
12629,5
12630,4
12631,7
12632,0
12633,1
12634,3
12635,0
12636,0
12637,1
12638,0
12639,8
12640,0
12641,0
12642,3
12643,1
12644,7
12645,3
12646,7
12647,0
12648,3
12649,0
12650,6
12651,1
12652,0
12653,3
12654,1
12655,0
12656,0
12657,0
12658,0
12659,6
12660,0
12661,3
12662,0
12663,1
12664,1
12665,1
12666,3
12667,2
12668,1
12669,1
12670,0
12671,0
12672,5
12673,0
12674,2
12675,3
12676,3
12677,2
12678,1
12679,1
12680,3
12681,1
12682,2
12683,1
12684,0
12685,1
12686,0
12687,0
12688,1
12689,5
12690,4
12691,0
12692,1
12693,3
12694,6
12695,7
12696,1
12697,0
12698,0
12699,5
12700,0
12701,1
12702,5
12703,1
12704,4
12705,3
12706,1
12707,2
12708,4
12709,3
12710,1
12711,1
12712,1
12713,0
12714,0
12715,1
12716,4
12717,0
12718,0
12719,3
12720,2
12721,0
12722,6
12723,6
12724,1
12725,0
12726,1
12727,2
12728,0
12729,3
12730,4
12731,0
12732,1
12733,6
12734,0
12735,2
12736,0
12737,6
12738,0
12739,0
12740,0
12741,4
12742,1
12743,0
12744,1
12745,7
12746,0
12747,0
12748,2
12749,6
12750,1
12751,5
12752,1
12753,2
12754,0
12755,3
12756,2
12757,0
12758,0
12759,5
12760,1
12761,5
12762,1
12763,4
12764,0
12765,1
12766,0
12767,0
12768,2
12769,2
12770,3
12771,3
12772,0
12773,0
12774,3
12775,2
12776,0
12777,1
12778,0
12779,0
12780,0
12781,0
12782,3
12783,3
12784,0
12785,1
12786,1
12787,1
12788,0
12789,0
12790,2
12791,2
12792,0
12793,2
12794,7
12795,1
12796,0
12797,7
12798,1
12799,0
12800,5
12801,0
12802,1
12803,3
12804,0
12805,0
12806,0
12807,3
12808,7
12809,6
12810,0
12811,0
12812,4
12813,6
12814,0
12815,0
12816,1
12817,0
12818,3
12819,0
12820,0
12821,3
12822,0
12823,0
12824,2
12825,1
12826,1
12827,1
12828,7
12829,1
12830,1
12831,3
12832,1
12833,7
12834,0
12835,0
12836,5
12837,1
12838,0
12839,0
12840,1
12841,0
12842,5
12843,1
12844,3
12845,0
12846,0
12847,3
12848,3
12849,0
12850,2
12851,0
12852,1
12853,0
12854,6
12855,6
12856,3
12857,0
12858,2
12859,0
12860,6
12861,7
12862,1
12863,7
12864,1
12865,0
12866,2
12867,0
12868,6
12869,4
12870,0
12871,7
12872,4
12873,7
12874,2
12875,3
12876,1
12877,4
12878,0
12879,0
12880,1
12881,3
12882,3
12883,1
12884,3
12885,0
12886,0
12887,0
12888,0
12889,7
12890,0
12891,0
12892,1
12893,0
12894,1
12895,0
12896,0
12897,1
12898,1
12899,2
12900,5
12901,5
12902,0
12903,0
12904,0
12905,0
12906,3
12907,1
12908,8
12909,0
12910,0
12911,0
12912,1
12913,3
12914,4
12915,1
12916,0
12917,0
12918,0
12919,0
12920,1
12921,6
12922,5
12923,0
12924,1
12925,6
12926,5
12927,5
12928,7
12929,0
12930,6
12931,5
12932,0
12933,1
12934,7
12935,0
12936,0
12937,3
12938,1
12939,8
12940,5
12941,3
12942,0
12943,1
12944,1
12945,1
12946,6
12947,1
12948,7
12949,1
12950,0
12951,6
12952,0
12953,2
12954,2
12955,3
12956,0
12957,0
12958,4
12959,1
12960,1
12961,0
12962,1
12963,6
12964,6
12965,0
12966,7
12967,3
12968,1
12969,0
12970,5
12971,2
12972,2
12973,6
12974,1
12975,2
12976,0
12977,3
12978,1
12979,1
12980,0
12981,0
12982,2
12983,7
12984,1
12985,3
12986,1
12987,2
12988,0
12989,1
12990,6
12991,0
12992,6
12993,0
12994,0
12995,0
12996,5
12997,6
12998,2
12999,6
13000,1
13001,1
13002,3
13003,6
13004,1
13005,1
13006,3
13007,7
13008,1
13009,4
13010,4
13011,2
13012,0
13013,1
13014,0
13015,1
13016,0
13017,6
13018,4
13019,1
13020,1
13021,0
13022,0
13023,0
13024,1
13025,8
13026,7
13027,1
13028,0
13029,0
13030,0
13031,8
13032,1
13033,1
13034,0
13035,5
13036,6
13037,3
13038,6
13039,1
13040,5
13041,0
13042,3
13043,0
13044,2
13045,2
13046,7
13047,3
13048,0
13049,7
13050,1
13051,3
13052,0
13053,0
13054,0
13055,4
13056,0
13057,0
13058,0
13059,3
13060,6
13061,1
13062,4
13063,4
13064,0
13065,5
13066,0
13067,3
13068,2
13069,4
13070,0
13071,5
13072,1
13073,1
13074,1
13075,7
13076,0
13077,7
13078,1
13079,0
13080,0
13081,1
13082,3
13083,2
13084,1
13085,1
13086,2
13087,1
13088,1
13089,3
13090,3
13091,0
13092,0
13093,7
13094,5
13095,5
13096,9
13097,0
13098,0
13099,5
13100,1
13101,2
13102,0
13103,6
13104,1
13105,2
13106,1
13107,3
13108,5
13109,3
13110,1
13111,0
13112,0
13113,1
13114,6
13115,0
13116,1
13117,7
13118,5
13119,0
13120,2
13121,1
13122,0
13123,1
13124,2
13125,2
13126,0
13127,5
13128,0
13129,0
13130,3
13131,1
13132,0
13133,1
13134,3
13135,3
13136,4
13137,2
13138,1
13139,0
13140,4
13141,3
13142,1
13143,1
13144,0
13145,1
13146,2
13147,1
13148,0
13149,3
13150,4
13151,2
13152,1
13153,3
13154,1
13155,0
13156,2
13157,2
13158,3
13159,3
13160,1
13161,5
13162,1
13163,7
13164,1
13165,7
13166,1
13167,0
13168,4
13169,5
13170,1
13171,4
13172,3
13173,1
13174,5
13175,3
13176,1
13177,0
13178,0
13179,5
13180,0
13181,0
13182,2
13183,0
13184,7
13185,6
13186,1
13187,1
13188,0
13189,0
13190,1
13191,4
13192,2
13193,1
13194,3
13195,0
13196,5
13197,2
13198,8
13199,3
13200,3
13201,0
13202,1
13203,0
13204,0
13205,1
13206,3
13207,7
13208,0
13209,2
13210,3
13211,1
13212,2
13213,6
13214,0
13215,0
13216,2
13217,0
13218,2
13219,1
13220,1
13221,1
13222,1
13223,1
13224,2
13225,1
13226,0
13227,2
13228,0
13229,4
13230,0
13231,3
13232,4
13233,3
13234,6
13235,4
13236,0
13237,0
13238,2
13239,4
13240,1
13241,1
13242,6
13243,0
13244,2
13245,6
13246,7
13247,3
13248,3
13249,0
13250,1
13251,3
13252,5
13253,8
13254,4
13255,4
13256,3
13257,7
13258,0
13259,2
13260,3
13261,3
13262,3
13263,7
13264,0
13265,0
13266,7
13267,7
13268,1
13269,6
13270,0
13271,7
13272,3
13273,6
13274,1
13275,1
13276,6
13277,0
13278,1
13279,3
13280,2
13281,0
13282,0
13283,7
13284,4
13285,4
13286,0
13287,2
13288,2
13289,1
13290,1
13291,5
13292,7
13293,0
13294,2
13295,7
13296,0
13297,6
13298,3
13299,2
13300,5
13301,3
13302,5
13303,6
13304,1
13305,5
13306,0
13307,2
13308,0
13309,4
13310,5
13311,0
13312,1
13313,7
13314,2
13315,1
13316,1
13317,0
13318,0
13319,0
13320,1
13321,0
13322,4
13323,3
13324,1
13325,5
13326,0
13327,1
13328,1
13329,0
13330,3
13331,0
13332,0
13333,7
13334,6
13335,0
13336,1
13337,2
13338,0
13339,3
13340,2
13341,1
13342,2
13343,0
13344,2
13345,3
13346,5
13347,1
13348,1
13349,1
13350,0
13351,2
13352,0
13353,0
13354,3
13355,5
13356,1
13357,5
13358,4
13359,2
13360,0
13361,1
13362,1
13363,6
13364,5
13365,4
13366,0
13367,3
13368,6
13369,0
13370,6
13371,3
13372,1
13373,0
13374,3
13375,7
13376,0
13377,0
13378,7
13379,3
13380,1
13381,3
13382,3
13383,7
13384,2
13385,0
13386,1
13387,7
13388,1
13389,0
13390,0
13391,2
13392,4
13393,2
13394,4
13395,0
13396,0
13397,1
13398,1
13399,1
13400,1
13401,1
13402,0
13403,2
13404,2
13405,0
13406,0
13407,2
13408,0
13409,0
13410,1
13411,0
13412,2
13413,0
13414,3
13415,2
13416,3
13417,0
13418,2
13419,2
13420,0
13421,3
13422,5
13423,6
13424,3
13425,3
13426,0
13427,0
13428,0
13429,0
13430,0
13431,0
13432,7
13433,2
13434,0
13435,2
13436,0
13437,3
13438,6
13439,7
13440,7
13441,2
13442,6
13443,7
13444,0
13445,2
13446,2
13447,1
13448,0
13449,2
13450,1
13451,2
13452,3
13453,0
13454,1
13455,4
13456,1
13457,3
13458,1
13459,4
13460,2
13461,0
13462,0
13463,3
13464,3
13465,0
13466,0
13467,1
13468,0
13469,7
13470,0
13471,7
13472,3
13473,1
13474,6
13475,1
13476,0
13477,1
13478,4
13479,7
13480,7
13481,1
13482,1
13483,2
13484,0
13485,4
13486,2
13487,1
13488,3
13489,1
13490,0
13491,1
13492,2
13493,0
13494,6
13495,2
13496,3
13497,7
13498,4
13499,3
13500,7
13501,1
13502,0
13503,5
13504,2
13505,0
13506,1
13507,1
13508,1
13509,3
13510,1
13511,2
13512,1
13513,8
13514,4
13515,0
13516,1
13517,7
13518,1
13519,0
13520,2
13521,0
13522,6
13523,4
13524,4
13525,1
13526,5
13527,5
13528,3
13529,1
13530,1
13531,1
13532,0
13533,1
13534,0
13535,1
13536,0
13537,5
13538,0
13539,1
13540,4
13541,1
13542,0
13543,1
13544,1
13545,1
13546,2
13547,2
13548,6
13549,2
13550,1
13551,0
13552,2
13553,8
13554,0
13555,2
13556,0
13557,5
13558,1
13559,5
13560,6
13561,3
13562,2
13563,0
13564,0
13565,5
13566,0
13567,4
13568,0
13569,2
13570,0
13571,3
13572,2
13573,0
13574,7
13575,0
13576,0
13577,7
13578,1
13579,0
13580,0
13581,2
13582,2
13583,0
13584,3
13585,0
13586,7
13587,0
13588,4
13589,1
13590,3
13591,0
13592,0
13593,5
13594,7
13595,1
13596,1
13597,0
13598,1
13599,1
13600,3
13601,7
13602,7
13603,7
13604,1
13605,3
13606,0
13607,1
13608,0
13609,1
13610,1
13611,1
13612,3
13613,2
13614,7
13615,2
13616,7
13617,6
13618,0
13619,0
13620,0
13621,7
13622,1
13623,1
13624,0
13625,6
13626,0
13627,0
13628,1
13629,2
13630,7
13631,0
13632,1
13633,0
13634,1
13635,3
13636,0
13637,1
13638,3
13639,0
13640,0
13641,0
13642,4
13643,2
13644,3
13645,4
13646,3
13647,3
13648,1
13649,0
13650,3
13651,2
13652,7
13653,6
13654,3
13655,1
13656,2
13657,7
13658,1
13659,2
13660,2
13661,1
13662,3
13663,1
13664,1
13665,6
13666,0
13667,0
13668,0
13669,5
13670,0
13671,5
13672,0
13673,6
13674,1
13675,0
13676,1
13677,0
13678,6
13679,0
13680,0
13681,2
13682,3
13683,6
13684,1
13685,0
13686,0
13687,6
13688,1
13689,3
13690,3
13691,5
13692,0
13693,2
13694,3
13695,3
13696,2
13697,5
13698,8
13699,0
13700,1
13701,0
13702,0
13703,4
13704,3
13705,0
13706,1
13707,0
13708,1
13709,2
13710,1
13711,7
13712,1
13713,0
13714,0
13715,3
13716,0
13717,3
13718,2
13719,0
13720,2
13721,2
13722,0
13723,0
13724,0
13725,0
13726,7
13727,0
13728,0
13729,0
13730,3
13731,2
13732,3
13733,3
13734,3
13735,6
13736,8
13737,2
13738,2
13739,1
13740,2
13741,0
13742,6
13743,2
13744,1
13745,0
13746,4
13747,0
13748,0
13749,1
13750,7
13751,8
13752,6
13753,2
13754,1
13755,1
13756,4
13757,6
13758,6
13759,0
13760,8
13761,1
13762,6
13763,0
13764,2
13765,0
13766,0
13767,1
13768,0
13769,0
13770,2
13771,0
13772,0
13773,1
13774,0
13775,0
13776,0
13777,0
13778,0
13779,0
13780,0
13781,0
13782,1
13783,0
13784,6
13785,0
13786,0
13787,2
13788,5
13789,0
13790,1
13791,1
13792,1
13793,3
13794,0
13795,1
13796,1
13797,2
13798,1
13799,2
13800,1
13801,2
13802,1
13803,5
13804,0
13805,6
13806,5
13807,3
13808,7
13809,8
13810,7
13811,0
13812,1
13813,1
13814,6
13815,0
13816,1
13817,0
13818,2
13819,3
13820,3
13821,1
13822,0
13823,2
13824,2
13825,0
13826,6
13827,1
13828,0
13829,3
13830,0
13831,1
13832,7
13833,3
13834,1
13835,3
13836,0
13837,3
13838,0
13839,1
13840,2
13841,0
13842,3
13843,0
13844,1
13845,0
13846,0
13847,5
13848,6
13849,1
13850,0
13851,1
13852,1
13853,2
13854,5
13855,1
13856,2
13857,0
13858,0
13859,7
13860,1
13861,6
13862,7
13863,0
13864,0
13865,3
13866,0
13867,0
13868,7
13869,3
13870,1
13871,5
13872,1
13873,8
13874,0
13875,1
13876,0
13877,6
13878,2
13879,3
13880,6
13881,0
13882,1
13883,3
13884,1
13885,2
13886,0
13887,5
13888,4
13889,2
13890,3
13891,1
13892,0
13893,0
13894,2
13895,0
13896,1
13897,6
13898,0
13899,0
13900,1
13901,6
13902,0
13903,1
13904,7
13905,5
13906,2
13907,1
13908,0
13909,3
13910,2
13911,0
13912,6
13913,3
13914,0
13915,3
13916,0
13917,0
13918,1
13919,0
13920,1
13921,3
13922,0
13923,3
13924,1
13925,6
13926,7
13927,3
13928,1
13929,0
13930,3
13931,3
13932,2
13933,1
13934,1
13935,7
13936,7
13937,6
13938,2
13939,1
13940,0
13941,1
13942,3
13943,3
13944,1
13945,0
13946,0
13947,1
13948,2
13949,0
13950,2
13951,0
13952,1
13953,2
13954,1
13955,5
13956,1
13957,4
13958,2
13959,6
13960,0
13961,6
13962,0
13963,2
13964,7
13965,0
13966,0
13967,5
13968,1
13969,0
13970,0
13971,0
13972,0
13973,3
13974,1
13975,3
13976,0
13977,6
13978,8
13979,4
13980,3
13981,2
13982,0
13983,4
13984,0
13985,0
13986,0
13987,6
13988,8
13989,1
13990,0
13991,0
13992,9
13993,2
13994,5
13995,7
13996,2
13997,1
13998,1
13999,0
14000,3
14001,1
14002,7
14003,1
14004,3
14005,1
14006,2
14007,0
14008,0
14009,1
14010,0
14011,1
14012,0
14013,1
14014,2
14015,6
14016,4
14017,1
14018,2
14019,6
14020,4
14021,1
14022,2
14023,2
14024,6
14025,0
14026,0
14027,3
14028,2
14029,1
14030,0
14031,3
14032,0
14033,1
14034,0
14035,1
14036,0
14037,6
14038,0
14039,1
14040,7
14041,0
14042,1
14043,0
14044,0
14045,0
14046,1
14047,0
14048,3
14049,1
14050,1
14051,5
14052,3
14053,1
14054,1
14055,1
14056,2
14057,2
14058,4
14059,4
14060,2
14061,3
14062,6
14063,0
14064,3
14065,3
14066,5
14067,2
14068,2
14069,8
14070,3
14071,3
14072,3
14073,4
14074,0
14075,0
14076,0
14077,5
14078,1
14079,3
14080,0
14081,1
14082,1
14083,1
14084,1
14085,0
14086,2
14087,5
14088,0
14089,2
14090,1
14091,1
14092,3
14093,1
14094,3
14095,3
14096,5
14097,0
14098,0
14099,1
14100,2
14101,3
14102,0
14103,1
14104,0
14105,3
14106,2
14107,1
14108,1
14109,5
14110,2
14111,0
14112,3
14113,1
14114,1
14115,6
14116,3
14117,1
14118,1
14119,1
14120,6
14121,1
14122,3
14123,0
14124,0
14125,0
14126,0
14127,3
14128,0
14129,0
14130,0
14131,5
14132,7
14133,0
14134,0
14135,3
14136,0
14137,8
14138,7
14139,5
14140,1
14141,3
14142,0
14143,3
14144,6
14145,2
14146,1
14147,3
14148,1
14149,1
14150,0
14151,5
14152,1
14153,5
14154,7
14155,6
14156,1
14157,0
14158,2
14159,0
14160,0
14161,6
14162,3
14163,3
14164,0
14165,3
14166,0
14167,2
14168,0
14169,2
14170,6
14171,0
14172,0
14173,3
14174,0
14175,0
14176,0
14177,0
14178,3
14179,2
14180,1
14181,0
14182,7
14183,0
14184,0
14185,3
14186,0
14187,3
14188,6
14189,5
14190,3
14191,5
14192,0
14193,1
14194,0
14195,0
14196,2
14197,7
14198,0
14199,3
14200,3
14201,0
14202,5
14203,0
14204,0
14205,1
14206,6
14207,2
14208,3
14209,0
14210,1
14211,1
14212,1
14213,1
14214,3
14215,7
14216,5
14217,2
14218,3
14219,3
14220,2
14221,3
14222,1
14223,4
14224,1
14225,1
14226,0
14227,1
14228,1
14229,0
14230,7
14231,2
14232,0
14233,5
14234,6
14235,0
14236,1
14237,3
14238,0
14239,4
14240,3
14241,0
14242,0
14243,1
14244,0
14245,0
14246,3
14247,6
14248,7
14249,1
14250,6
14251,1
14252,3
14253,0
14254,0
14255,0
14256,1
14257,6
14258,0
14259,0
14260,1
14261,3
14262,1
14263,0
14264,8
14265,0
14266,1
14267,0
14268,3
14269,1
14270,7
14271,1
14272,1
14273,2
14274,1
14275,6
14276,0
14277,7
14278,1
14279,7
14280,3
14281,1
14282,0
14283,1
14284,0
14285,3
14286,6
14287,3
14288,0
14289,0
14290,0
14291,6
14292,0
14293,0
14294,6
14295,0
14296,0
14297,0
14298,1
14299,0
14300,0
14301,0
14302,7
14303,7
14304,3
14305,3
14306,1
14307,1
14308,2
14309,2
14310,3
14311,0
14312,1
14313,0
14314,8
14315,4
14316,3
14317,3
14318,1
14319,1
14320,1
14321,0
14322,3
14323,5
14324,6
14325,1
14326,2
14327,3
14328,5
14329,7
14330,3
14331,0
14332,1
14333,0
14334,6
14335,1
14336,5
14337,0
14338,7
14339,7
14340,1
14341,0
14342,4
14343,0
14344,0
14345,0
14346,1
14347,1
14348,1
14349,1
14350,4
14351,6
14352,3
14353,0
14354,1
14355,1
14356,0
14357,0
14358,0
14359,0
14360,0
14361,1
14362,1
14363,0
14364,4
14365,2
14366,4
14367,6
14368,3
14369,1
14370,7
14371,1
14372,2
14373,3
14374,3
14375,0
14376,4
14377,3
14378,0
14379,1
14380,6
14381,1
14382,3
14383,4
14384,3
14385,0
14386,0
14387,5
14388,1
14389,0
14390,0
14391,2
14392,1
14393,3
14394,3
14395,2
14396,0
14397,4
14398,2
14399,0
14400,6
14401,1
14402,1
14403,0
14404,6
14405,1
14406,2
14407,0
14408,2
14409,1
14410,7
14411,1
14412,3
14413,5
14414,2
14415,2
14416,4
14417,6
14418,3
14419,2
14420,0
14421,5
14422,0
14423,2
14424,1
14425,3
14426,0
14427,5
14428,1
14429,5
14430,7
14431,4
14432,0
14433,1
14434,1
14435,0
14436,2
14437,0
14438,0
14439,0
14440,1
14441,6
14442,0
14443,0
14444,7
14445,3
14446,5
14447,0
14448,6
14449,0
14450,1
14451,0
14452,0
14453,3
14454,0
14455,3
14456,1
14457,6
14458,0
14459,0
14460,3
14461,2
14462,4
14463,6
14464,2
14465,1
14466,0
14467,1
14468,0
14469,3
14470,0
14471,1
14472,3
14473,0
14474,0
14475,1
14476,0
14477,0
14478,1
14479,5
14480,1
14481,2
14482,2
14483,1
14484,1
14485,1
14486,6
14487,2
14488,0
14489,0
14490,3
14491,7
14492,1
14493,0
14494,5
14495,4
14496,3
14497,3
14498,1
14499,0
14500,2
14501,2
14502,1
14503,1
14504,3
14505,0
14506,1
14507,3
14508,1
14509,0
14510,0
14511,0
14512,3
14513,4
14514,3
14515,0
14516,4
14517,1
14518,5
14519,0
14520,7
14521,6
14522,0
14523,4
14524,1
14525,2
14526,1
14527,0
14528,1
14529,5
14530,3
14531,5
14532,8
14533,3
14534,0
14535,0
14536,0
14537,0
14538,0
14539,3
14540,3
14541,1
14542,0
14543,2
14544,0
14545,6
14546,2
14547,1
14548,7
14549,0
14550,2
14551,1
14552,1
14553,0
14554,0
14555,3
14556,1
14557,0
14558,2
14559,3
14560,7
14561,1
14562,1
14563,0
14564,1
14565,6
14566,1
14567,1
14568,3
14569,3
14570,5
14571,6
14572,0
14573,7
14574,8
14575,1
14576,0
14577,0
14578,1
14579,0
14580,1
14581,0
14582,2
14583,0
14584,7
14585,2
14586,2
14587,1
14588,0
14589,2
14590,3
14591,4
14592,3
14593,1
14594,3
14595,1
14596,6
14597,5
14598,0
14599,1
14600,4
14601,3
14602,3
14603,0
14604,1
14605,1
14606,4
14607,0
14608,1
14609,3
14610,3
14611,4
14612,2
14613,1
14614,0
14615,0
14616,0
14617,3
14618,0
14619,5
14620,1
14621,0
14622,0
14623,1
14624,3
14625,1
14626,2
14627,3
14628,0
14629,5
14630,3
14631,0
14632,5
14633,7
14634,8
14635,2
14636,0
14637,5
14638,1
14639,6
14640,1
14641,1
14642,6
14643,0
14644,0
14645,1
14646,3
14647,2
14648,1
14649,7
14650,1
14651,8
14652,7
14653,0
14654,6
14655,2
14656,0
14657,3
14658,3
14659,5
14660,2
14661,1
14662,6
14663,5
14664,1
14665,0
14666,3
14667,1
14668,0
14669,1
14670,3
14671,3
14672,4
14673,0
14674,2
14675,5
14676,4
14677,0
14678,6
14679,7
14680,1
14681,2
14682,1
14683,0
14684,6
14685,1
14686,6
14687,1
14688,1
14689,4
14690,3
14691,6
14692,3
14693,1
14694,3
14695,0
14696,0
14697,3
14698,0
14699,8
14700,4
14701,0
14702,5
14703,0
14704,1
14705,1
14706,1
14707,1
14708,1
14709,0
14710,7
14711,0
14712,0
14713,7
14714,1
14715,0
14716,0
14717,1
14718,3
14719,3
14720,6
14721,1
14722,1
14723,3
14724,0
14725,1
14726,0
14727,1
14728,1
14729,5
14730,3
14731,1
14732,2
14733,6
14734,0
14735,3
14736,0
14737,0
14738,1
14739,3
14740,2
14741,5
14742,0
14743,0
14744,3
14745,1
14746,0
14747,0
14748,1
14749,2
14750,3
14751,3
14752,2
14753,0
14754,6
14755,5
14756,3
14757,1
14758,1
14759,1
14760,0
14761,1
14762,6
14763,0
14764,1
14765,0
14766,6
14767,0
14768,0
14769,4
14770,3
14771,5
14772,2
14773,3
14774,1
14775,0
14776,7
14777,2
14778,0
14779,2
14780,0
14781,0
14782,2
14783,3
14784,0
14785,0
14786,1
14787,0
14788,1
14789,8
14790,0
14791,0
14792,0
14793,0
14794,1
14795,3
14796,4
14797,1
14798,0
14799,4
14800,2
14801,0
14802,2
14803,6
14804,1
14805,6
14806,5
14807,0
14808,6
14809,0
14810,0
14811,5
14812,1
14813,2
14814,2
14815,2
14816,0
14817,0
14818,0
14819,1
14820,7
14821,7
14822,1
14823,0
14824,1
14825,1
14826,2
14827,0
14828,1
14829,2
14830,0
14831,0
14832,0
14833,5
14834,3
14835,3
14836,6
14837,1
14838,4
14839,3
14840,0
14841,1
14842,2
14843,3
14844,0
14845,0
14846,3
14847,6
14848,3
14849,1
14850,5
14851,2
14852,6
14853,7
14854,6
14855,0
14856,5
14857,0
14858,1
14859,0
14860,1
14861,0
14862,2
14863,0
14864,7
14865,0
14866,3
14867,0
14868,3
14869,2
14870,7
14871,5
14872,1
14873,1
14874,0
14875,3
14876,1
14877,0
14878,1
14879,0
14880,2
14881,2
14882,3
14883,1
14884,7
14885,0
14886,3
14887,0
14888,7
14889,2
14890,1
14891,0
14892,3
14893,2
14894,0
14895,6
14896,2
14897,0
14898,0
14899,2
14900,1
14901,4
14902,7
14903,2
14904,3
14905,2
14906,4
14907,1
14908,0
14909,0
14910,3
14911,4
14912,0
14913,0
14914,1
14915,1
14916,0
14917,2
14918,0
14919,7
14920,0
14921,1
14922,1
14923,2
14924,3
14925,1
14926,1
14927,3
14928,1
14929,3
14930,5
14931,1
14932,3
14933,6
14934,3
14935,1
14936,3
14937,4
14938,7
14939,0
14940,0
14941,6
14942,1
14943,0
14944,4
14945,1
14946,1
14947,4
14948,0
14949,4
14950,0
14951,1
14952,5
14953,3
14954,2
14955,4
14956,1
14957,7
14958,5
14959,0
14960,0
14961,0
14962,2
14963,0
14964,3
14965,1
14966,3
14967,2
14968,2
14969,0
14970,0
14971,2
14972,6
14973,4
14974,1
14975,5
14976,3
14977,0
14978,5
14979,0
14980,0
14981,7
14982,3
14983,1
14984,1
14985,1
14986,3
14987,1
14988,7
14989,0
14990,0
14991,7
14992,0
14993,3
14994,1
14995,0
14996,0
14997,5
14998,1
14999,2
15000,3
15001,1
15002,4
15003,3
15004,3
15005,3
15006,6
15007,3
15008,3
15009,2
15010,3
15011,6
15012,0
15013,2
15014,7
15015,0
15016,3
15017,0
15018,1
15019,5
15020,3
15021,0
15022,1
15023,1
15024,2
15025,1
15026,0
15027,0
15028,0
15029,7
15030,0
15031,0
15032,0
15033,2
15034,0
15035,0
15036,0
15037,0
15038,0
15039,6
15040,1
15041,0
15042,0
15043,1
15044,0
15045,0
15046,0
15047,2
15048,4
15049,0
15050,5
15051,6
15052,2
15053,0
15054,0
15055,3
15056,0
15057,3
15058,0
15059,1
15060,1
15061,0
15062,0
15063,0
15064,0
15065,0
15066,5
15067,6
15068,0
15069,0
15070,2
15071,3
15072,0
15073,3
15074,0
15075,0
15076,0
15077,0
15078,8
15079,7
15080,1
15081,6
15082,0
15083,2
15084,0
15085,0
15086,3
15087,7
15088,2
15089,1
15090,6
15091,0
15092,2
15093,0
15094,3
15095,0
15096,0
15097,6
15098,3
15099,1
15100,0
15101,6
15102,5
15103,3
15104,4
15105,0
15106,0
15107,2
15108,0
15109,0
15110,7
15111,7
15112,1
15113,1
15114,1
15115,7
15116,5
15117,5
15118,0
15119,0
15120,0
15121,0
15122,7
15123,6
15124,0
15125,0
15126,5
15127,1
15128,6
15129,1
15130,5
15131,0
15132,6
15133,1
15134,3
15135,3
15136,1
15137,1
15138,5
15139,3
15140,1
15141,0
15142,0
15143,0
15144,2
15145,0
15146,5
15147,0
15148,1
15149,7
15150,3
15151,3
15152,1
15153,0
15154,4
15155,0
15156,2
15157,6
15158,2
15159,5
15160,1
15161,0
15162,9
15163,2
15164,1
15165,4
15166,2
15167,1
15168,2
15169,3
15170,1
15171,1
15172,2
15173,3
15174,0
15175,6
15176,0
15177,5
15178,1
15179,6
15180,2
15181,3
15182,3
15183,3
15184,1
15185,1
15186,0
15187,1
15188,3
15189,0
15190,6
15191,1
15192,7
15193,3
15194,0
15195,3
15196,0
15197,1
15198,6
15199,1
15200,1
15201,3
15202,2
15203,0
15204,0
15205,5
15206,0
15207,0
15208,4
15209,0
15210,0
15211,0
15212,3
15213,0
15214,2
15215,0
15216,0
15217,1
15218,2
15219,0
15220,5
15221,1
15222,1
15223,0
15224,1
15225,1
15226,1
15227,3
15228,0
15229,3
15230,6
15231,3
15232,6
15233,7
15234,0
15235,3
15236,1
15237,0
15238,0
15239,2
15240,5
15241,8
15242,0
15243,0
15244,1
15245,2
15246,0
15247,1
15248,0
15249,0
15250,1
15251,5
15252,2
15253,0
15254,2
15255,3
15256,7
15257,8
15258,6
15259,2
15260,0
15261,1
15262,3
15263,0
15264,8
15265,0
15266,2
15267,3
15268,0
15269,0
15270,5
15271,2
15272,0
15273,6
15274,2
15275,1
15276,0
15277,0
15278,1
15279,1
15280,1
15281,5
15282,0
15283,1
15284,0
15285,1
15286,1
15287,3
15288,0
15289,5
15290,3
15291,2
15292,1
15293,2
15294,1
15295,1
15296,0
15297,3
15298,2
15299,7
15300,5
15301,3
15302,2
15303,0
15304,1
15305,0
15306,1
15307,1
15308,5
15309,0
15310,2
15311,6
15312,1
15313,6
15314,1
15315,0
15316,0
15317,2
15318,1
15319,1
15320,0
15321,0
15322,3
15323,0
15324,7
15325,6
15326,5
15327,3
15328,0
15329,0
15330,0
15331,2
15332,1
15333,6
15334,0
15335,5
15336,0
15337,5
15338,2
15339,3
15340,7
15341,1
15342,0
15343,1
15344,2
15345,3
15346,4
15347,5
15348,8
15349,3
15350,3
15351,2
15352,2
15353,0
15354,1
15355,0
15356,6
15357,4
15358,6
15359,6
15360,2
15361,2
15362,3
15363,3
15364,0
15365,4
15366,1
15367,0
15368,0
15369,1
15370,4
15371,0
15372,1
15373,6
15374,2
15375,1
15376,1
15377,1
15378,6
15379,2
15380,0
15381,0
15382,3
15383,3
15384,0
15385,2
15386,1
15387,0
15388,0
15389,1
15390,1
15391,8
15392,2
15393,4
15394,0
15395,5
15396,1
15397,0
15398,1
15399,0
15400,0
15401,1
15402,0
15403,2
15404,1
15405,3
15406,0
15407,1
15408,0
15409,0
15410,1
15411,7
15412,0
15413,5
15414,0
15415,0
15416,1
15417,1
15418,1
15419,6
15420,2
15421,5
15422,3
15423,3
15424,0
15425,8
15426,7
15427,1
15428,0
15429,3
15430,1
15431,0
15432,7
15433,0
15434,2
15435,6
15436,3
15437,4
15438,0
15439,1
15440,6
15441,0
15442,2
15443,3
15444,0
15445,0
15446,0
15447,0
15448,0
15449,1
15450,2
15451,1
15452,0
15453,3
15454,0
15455,0
15456,3
15457,3
15458,1
15459,1
15460,3
15461,2
15462,1
15463,1
15464,2
15465,1
15466,6
15467,6
15468,0
15469,4
15470,1
15471,1
15472,7
15473,0
15474,0
15475,3
15476,3
15477,7
15478,0
15479,1
15480,1
15481,1
15482,2
15483,6
15484,3
15485,3
15486,0
15487,6
15488,0
15489,3
15490,8
15491,0
15492,3
15493,0
15494,3
15495,1
15496,6
15497,7
15498,1
15499,2
15500,5
15501,0
15502,1
15503,1
15504,0
15505,1
15506,2
15507,7
15508,0
15509,0
15510,0
15511,2
15512,0
15513,0
15514,2
15515,1
15516,2
15517,3
15518,0
15519,0
15520,8
15521,0
15522,5
15523,1
15524,7
15525,2
15526,0
15527,0
15528,2
15529,1
15530,9
15531,5
15532,2
15533,5
15534,0
15535,1
15536,1
15537,2
15538,0
15539,0
15540,3
15541,3
15542,0
15543,0
15544,0
15545,6
15546,3
15547,0
15548,7
15549,3
15550,0
15551,6
15552,0
15553,1
15554,0
15555,5
15556,0
15557,1
15558,6
15559,2
15560,0
15561,1
15562,0
15563,2
15564,0
15565,7
15566,4
15567,7
15568,3
15569,0
15570,3
15571,4
15572,0
15573,1
15574,5
15575,3
15576,0
15577,1
15578,0
15579,5
15580,0
15581,1
15582,6
15583,2
15584,1
15585,0
15586,0
15587,3
15588,2
15589,1
15590,1
15591,1
15592,1
15593,8
15594,0
15595,6
15596,3
15597,1
15598,5
15599,1
15600,0
15601,4
15602,1
15603,1
15604,0
15605,1
15606,0
15607,6
15608,0
15609,1
15610,7
15611,7
15612,3
15613,0
15614,7
15615,3
15616,6
15617,0
15618,5
15619,0
15620,0
15621,5
15622,2
15623,0
15624,3
15625,0
15626,6
15627,0
15628,5
15629,2
15630,1
15631,0
15632,1
15633,2
15634,5
15635,3
15636,2
15637,0
15638,7
15639,8
15640,2
15641,1
15642,0
15643,3
15644,3
15645,0
15646,3
15647,1
15648,2
15649,6
15650,1
15651,3
15652,5
15653,0
15654,1
15655,0
15656,6
15657,0
15658,5
15659,1
15660,2
15661,6
15662,1
15663,6
15664,1
15665,0
15666,0
15667,1
15668,0
15669,0
15670,1
15671,6
15672,7
15673,0
15674,1
15675,0
15676,0
15677,1
15678,0
15679,3
15680,1
15681,0
15682,6
15683,7
15684,3
15685,3
15686,0
15687,0
15688,2
15689,0
15690,0
15691,0
15692,3
15693,0
15694,1
15695,2
15696,0
15697,1
15698,2
15699,4
15700,0
15701,5
15702,0
15703,0
15704,6
15705,0
15706,1
15707,0
15708,0
15709,1
15710,1
15711,0
15712,1
15713,5
15714,7
15715,0
15716,5
15717,0
15718,0
15719,3
15720,0
15721,0
15722,1
15723,0
15724,5
15725,0
15726,3
15727,0
15728,0
15729,3
15730,0
15731,2
15732,1
15733,6
15734,3
15735,1
15736,0
15737,1
15738,7
15739,2
15740,1
15741,0
15742,2
15743,6
15744,3
15745,0
15746,5
15747,4
15748,2
15749,0
15750,0
15751,7
15752,0
15753,6
15754,4
15755,8
15756,7
15757,3
15758,3
15759,2
15760,7
15761,1
15762,0
15763,6
15764,5
15765,1
15766,1
15767,0
15768,1
15769,6
15770,5
15771,3
15772,6
15773,1
15774,1
15775,5
15776,3
15777,0
15778,0
15779,1
15780,0
15781,4
15782,2
15783,2
15784,0
15785,2
15786,2
15787,0
15788,0
15789,2
15790,2
15791,5
15792,0
15793,0
15794,0
15795,2
15796,0
15797,0
15798,5
15799,3
15800,0
15801,6
15802,1
15803,1
15804,1
15805,2
15806,0
15807,3
15808,0
15809,3
15810,1
15811,2
15812,1
15813,0
15814,1
15815,2
15816,6
15817,1
15818,0
15819,2
15820,0
15821,3
15822,0
15823,7
15824,5
15825,6
15826,0
15827,0
15828,0
15829,3
15830,0
15831,7
15832,2
15833,6
15834,1
15835,1
15836,3
15837,3
15838,0
15839,6
15840,6
15841,1
15842,0
15843,1
15844,1
15845,3
15846,2
15847,0
15848,1
15849,0
15850,0
15851,6
15852,0
15853,3
15854,3
15855,6
15856,5
15857,1
15858,0
15859,1
15860,1
15861,1
15862,0
15863,6
15864,1
15865,7
15866,5
15867,2
15868,7
15869,1
15870,3
15871,1
15872,0
15873,1
15874,1
15875,7
15876,2
15877,1
15878,2
15879,2
15880,3
15881,0
15882,0
15883,5
15884,2
15885,0
15886,0
15887,5
15888,2
15889,0
15890,2
15891,0
15892,2
15893,4
15894,3
15895,0
15896,4
15897,2
15898,2
15899,1
15900,3
15901,2
15902,1
15903,1
15904,3
15905,3
15906,6
15907,2
15908,5
15909,0
15910,3
15911,0
15912,7
15913,3
15914,0
15915,1
15916,1
15917,0
15918,2
15919,0
15920,3
15921,5
15922,3
15923,2
15924,5
15925,1
15926,2
15927,3
15928,3
15929,3
15930,5
15931,1
15932,4
15933,4
15934,7
15935,5
15936,3
15937,4
15938,0
15939,0
15940,5
15941,1
15942,1
15943,2
15944,0
15945,3
15946,0
15947,0
15948,1
15949,0
15950,4
15951,0
15952,5
15953,4
15954,0
15955,1
15956,1
15957,1
15958,0
15959,1
15960,0
15961,3
15962,1
15963,1
15964,1
15965,2
15966,7
15967,0
15968,0
15969,0
15970,3
15971,5
15972,7
15973,1
15974,0
15975,1
15976,4
15977,1
15978,1
15979,6
15980,2
15981,3
15982,1
15983,7
15984,3
15985,3
15986,4
15987,0
15988,3
15989,3
15990,7
15991,1
15992,2
15993,6
15994,2
15995,1
15996,2
15997,0
15998,5
15999,0
16000,7
16001,1
16002,3
16003,0
16004,6
16005,1
16006,1
16007,3
16008,2
16009,2
16010,1
16011,1
16012,5
16013,1
16014,3
16015,3
16016,0
16017,4
16018,0
16019,6
16020,0
16021,2
16022,0
16023,0
16024,2
16025,5
16026,1
16027,3
16028,0
16029,0
16030,3
16031,0
16032,2
16033,5
16034,0
16035,1
16036,0
16037,1
16038,1
16039,7
16040,1
16041,1
16042,1
16043,3
16044,2
16045,1
16046,1
16047,0
16048,1
16049,7
16050,0
16051,0
16052,4
16053,0
16054,0
16055,0
16056,0
16057,1
16058,1
16059,0
16060,1
16061,0
16062,3
16063,1
16064,2
16065,1
16066,1
16067,0
16068,1
16069,1
16070,1
16071,0
16072,0
16073,3
16074,0
16075,2
16076,1
16077,1
16078,8
16079,6
16080,0
16081,7
16082,3
16083,1
16084,7
16085,0
16086,1
16087,3
16088,4
16089,0
16090,4
16091,0
16092,0
16093,3
16094,0
16095,0
16096,6
16097,5
16098,0
16099,1
16100,0
16101,3
16102,8
16103,0
16104,2
16105,1
16106,1
16107,6
16108,0
16109,3
16110,0
16111,0
16112,0
16113,3
16114,3
16115,0
16116,3
16117,4
16118,3
16119,1
16120,7
16121,7
16122,7
16123,3
16124,1
16125,1
16126,3
16127,2
16128,5
16129,0
16130,7
16131,0
16132,0
16133,0
16134,8
16135,2
16136,2
16137,1
16138,0
16139,1
16140,1
16141,2
16142,6
16143,1
16144,2
16145,1
16146,7
16147,0
16148,3
16149,0
16150,3
16151,8
16152,7
16153,1
16154,2
16155,0
16156,3
16157,3
16158,2
16159,3
16160,0
16161,0
16162,5
16163,1
16164,2
16165,1
16166,0
16167,0
16168,7
16169,0
16170,1
16171,1
16172,5
16173,7
16174,3
16175,0
16176,1
16177,6
16178,6
16179,2
16180,0
16181,5
16182,3
16183,2
16184,0
16185,5
16186,1
16187,0
16188,0
16189,0
16190,3
16191,0
16192,3
16193,6
16194,1
16195,1
16196,1
16197,0
16198,6
16199,4
16200,7
16201,7
16202,0
16203,1
16204,0
16205,4
16206,2
16207,0
16208,6
16209,0
16210,1
16211,0
16212,4
16213,5
16214,0
16215,0
16216,0
16217,1
16218,0
16219,6
16220,6
16221,3
16222,3
16223,0
16224,3
16225,6
16226,5
16227,1
16228,3
16229,3
16230,0
16231,3
16232,6
16233,0
16234,1
16235,2
16236,0
16237,7
16238,6
16239,1
16240,0
16241,3
16242,2
16243,2
16244,2
16245,0
16246,1
16247,6
16248,0
16249,3
16250,1
16251,1
16252,0
16253,2
16254,2
16255,1
16256,0
16257,3
16258,0
16259,2
16260,0
16261,7
16262,1
16263,4
16264,6
16265,8
16266,7
16267,0
16268,0
16269,0
16270,3
16271,0
16272,4
16273,6
16274,0
16275,1
16276,4
16277,2
16278,6
16279,1
16280,0
16281,0
16282,0
16283,7
16284,1
16285,1
16286,3
16287,1
16288,2
16289,1
16290,2
16291,0
16292,6
16293,1
16294,0
16295,2
16296,1
16297,0
16298,1
16299,1
16300,1
16301,3
16302,0
16303,1
16304,0
16305,1
16306,0
16307,0
16308,0
16309,5
16310,7
16311,3
16312,1
16313,0
16314,2
16315,1
16316,3
16317,0
16318,4
16319,6
16320,0
16321,0
16322,1
16323,1
16324,2
16325,4
16326,7
16327,1
16328,2
16329,3
16330,0
16331,3
16332,1
16333,1
16334,1
16335,0
16336,1
16337,0
16338,2
16339,0
16340,2
16341,7
16342,7
16343,1
16344,3
16345,1
16346,3
16347,4
16348,6
16349,0
16350,2
16351,0
16352,0
16353,1
16354,3
16355,3
16356,6
16357,1
16358,1
16359,1
16360,1
16361,6
16362,7
16363,7
16364,1
16365,6
16366,0
16367,1
16368,7
16369,1
16370,0
16371,0
16372,2
16373,0
16374,3
16375,0
16376,5
16377,6
16378,0
16379,2
16380,0
16381,0
16382,8
16383,7
16384,0
16385,5
16386,1
16387,0
16388,0
16389,3
16390,2
16391,0
16392,4
16393,2
16394,7
16395,1
16396,5
16397,3
16398,2
16399,2
16400,2
16401,0
16402,0
16403,1
16404,0
16405,0
16406,0
16407,0
16408,5
16409,7
16410,7
16411,0
16412,6
16413,0
16414,4
16415,5
16416,3
16417,6
16418,0
16419,2
16420,0
16421,0
16422,7
16423,2
16424,6
16425,1
16426,1
16427,5
16428,3
16429,3
16430,3
16431,0
16432,0
16433,3
16434,2
16435,0
16436,1
16437,6
16438,3
16439,7
16440,0
16441,1
16442,0
16443,1
16444,1
16445,1
16446,0
16447,1
16448,2
16449,1
16450,0
16451,1
16452,0
16453,1
16454,0
16455,4
16456,6
16457,1
16458,7
16459,2
16460,1
16461,1
16462,0
16463,1
16464,0
16465,0
16466,1
16467,0
16468,2
16469,3
16470,0
16471,0
16472,2
16473,0
16474,1
16475,2
16476,0
16477,1
16478,0
16479,0
16480,1
16481,3
16482,2
16483,3
16484,1
16485,3
16486,0
16487,1
16488,1
16489,0
16490,2
16491,0
16492,3
16493,6
16494,4
16495,5
16496,0
16497,1
16498,1
16499,3
16500,6
16501,3
16502,0
16503,1
16504,4
16505,0
16506,1
16507,2
16508,8
16509,3
16510,6
16511,2
16512,0
16513,1
16514,7
16515,5
16516,6
16517,7
16518,7
16519,3
16520,3
16521,1
16522,0
16523,0
16524,3
16525,0
16526,2
16527,1
16528,3
16529,5
16530,0
16531,1
16532,0
16533,0
16534,1
16535,3
16536,2
16537,3
16538,1
16539,5
16540,0
16541,0
16542,3
16543,3
16544,2
16545,1
16546,0
16547,3
16548,3
16549,0
16550,1
16551,3
16552,0
16553,0
16554,2
16555,1
16556,2
16557,0
16558,1
16559,8
16560,1
16561,5
16562,1
16563,0
16564,7
16565,0
16566,3
16567,1
16568,6
16569,3
16570,5
16571,0
16572,3
16573,7
16574,6
16575,1
16576,3
16577,2
16578,2
16579,0
16580,0
16581,5
16582,3
16583,1
16584,0
16585,6
16586,0
16587,0
16588,5
16589,0
16590,2
16591,0
16592,0
16593,0
16594,7
16595,3
16596,3
16597,3
16598,6
16599,6
16600,2
16601,2
16602,3
16603,7
16604,0
16605,8
16606,6
16607,0
16608,0
16609,8
16610,1
16611,1
16612,1
16613,0
16614,8
16615,3
16616,0
16617,5
16618,4
16619,0
16620,6
16621,7
16622,0
16623,0
16624,0
16625,0
16626,8
16627,0
16628,6
16629,0
16630,7
16631,3
16632,1
16633,3
16634,3
16635,0
16636,6
16637,0
16638,1
16639,5
16640,4
16641,1
16642,1
16643,6
16644,3
16645,0
16646,0
16647,1
16648,0
16649,5
16650,6
16651,2
16652,1
16653,0
16654,0
16655,2
16656,0
16657,0
16658,1
16659,0
16660,0
16661,3
16662,1
16663,4
16664,1
16665,3
16666,1
16667,0
16668,3
16669,2
16670,1
16671,3
16672,6
16673,3
16674,0
16675,1
16676,7
16677,1
16678,3
16679,1
16680,0
16681,2
16682,0
16683,3
16684,0
16685,0
16686,4
16687,1
16688,0
16689,0
16690,1
16691,5
16692,7
16693,0
16694,0
16695,0
16696,0
16697,4
16698,1
16699,6
16700,1
16701,4
16702,0
16703,2
16704,6
16705,4
16706,5
16707,6
16708,1
16709,0
16710,2
16711,2
16712,2
16713,0
16714,6
16715,1
16716,3
16717,0
16718,0
16719,5
16720,1
16721,3
16722,3
16723,1
16724,6
16725,1
16726,3
16727,3
16728,3
16729,3
16730,1
16731,1
16732,1
16733,3
16734,6
16735,0
16736,2
16737,0
16738,0
16739,0
16740,0
16741,0
16742,4
16743,3
16744,1
16745,3
16746,2
16747,6
16748,0
16749,0
16750,8
16751,5
16752,5
16753,0
16754,6
16755,0
16756,0
16757,3
16758,2
16759,5
16760,3
16761,0
16762,1
16763,2
16764,0
16765,1
16766,0
16767,3
16768,1
16769,0
16770,3
16771,6
16772,2
16773,4
16774,1
16775,0
16776,4
16777,0
16778,1
16779,0
16780,1
16781,1
16782,0
16783,2
16784,6
16785,0
16786,7
16787,2
16788,2
16789,0
16790,3
16791,1
16792,1
16793,1
16794,3
16795,2
16796,0
16797,1
16798,0
16799,0
16800,1
16801,7
16802,0
16803,0
16804,0
16805,0
16806,1
16807,0
16808,0
16809,1
16810,0
16811,3
16812,0
16813,4
16814,2
16815,0
16816,3
16817,3
16818,2
16819,1
16820,6
16821,0
16822,1
16823,6
16824,0
16825,1
16826,0
16827,0
16828,0
16829,5
16830,3
16831,0
16832,1
16833,0
16834,5
16835,0
16836,0
16837,3
16838,0
16839,5
16840,0
16841,0
16842,2
16843,0
16844,0
16845,1
16846,1
16847,6
16848,2
16849,5
16850,0
16851,1
16852,3
16853,0
16854,3
16855,0
16856,4
16857,0
16858,6
16859,0
16860,8
16861,7
16862,0
16863,2
16864,0
16865,3
16866,3
16867,1
16868,1
16869,1
16870,4
16871,8
16872,1
16873,1
16874,7
16875,5
16876,0
16877,0
16878,0
16879,0
16880,5
16881,1
16882,1
16883,3
16884,0
16885,0
16886,6
16887,5
16888,0
16889,0
16890,5
16891,1
16892,6
16893,2
16894,0
16895,1
16896,3
16897,7
16898,5
16899,3
16900,3
16901,0
16902,0
16903,0
16904,3
16905,2
16906,0
16907,0
16908,1
16909,7
16910,0
16911,0
16912,1
16913,1
16914,0
16915,4
16916,1
16917,6
16918,7
16919,6
16920,0
16921,1
16922,3
16923,3
16924,3
16925,1
16926,5
16927,2
16928,3
16929,1
16930,7
16931,6
16932,7
16933,7
16934,0
16935,1
16936,0
16937,1
16938,0
16939,3
16940,2
16941,2
16942,0
16943,2
16944,6
16945,0
16946,6
16947,0
16948,0
16949,0
16950,7
16951,0
16952,2
16953,4
16954,3
16955,6
16956,5
16957,1
16958,5
16959,1
16960,8
16961,0
16962,3
16963,3
16964,1
16965,0
16966,3
16967,2
16968,6
16969,0
16970,1
16971,0
16972,0
16973,0
16974,6
16975,1
16976,3
16977,1
16978,0
16979,0
16980,3
16981,2
16982,6
16983,1
16984,0
16985,1
16986,5
16987,1
16988,0
16989,0
16990,4
16991,1
16992,0
16993,5
16994,2
16995,2
16996,3
16997,3
16998,2
16999,2
17000,3
17001,1
17002,3
17003,2
17004,0
17005,0
17006,2
17007,3
17008,3
17009,1
17010,4
17011,3
17012,3
17013,1
17014,6
17015,1
17016,3
17017,1
17018,3
17019,1
17020,2
17021,4
17022,3
17023,0
17024,0
17025,0
17026,1
17027,0
17028,0
17029,1
17030,4
17031,8
17032,3
17033,3
17034,7
17035,6
17036,1
17037,0
17038,0
17039,5
17040,1
17041,4
17042,2
17043,7
17044,0
17045,1
17046,6
17047,1
17048,1
17049,7
17050,3
17051,1
17052,3
17053,1
17054,0
17055,7
17056,0
17057,1
17058,7
17059,1
17060,8
17061,0
17062,1
17063,0
17064,1
17065,1
17066,0
17067,7
17068,8
17069,0
17070,2
17071,0
17072,0
17073,0
17074,0
17075,1
17076,1
17077,0
17078,1
17079,5
17080,0
17081,0
17082,3
17083,0
17084,7
17085,1
17086,3
17087,1
17088,0
17089,5
17090,3
17091,1
17092,0
17093,6
17094,0
17095,1
17096,7
17097,0
17098,0
17099,0
17100,7
17101,0
17102,0
17103,5
17104,5
17105,1
17106,0
17107,3
17108,3
17109,2
17110,3
17111,1
17112,0
17113,2
17114,1
17115,0
17116,7
17117,2
17118,6
17119,2
17120,2
17121,0
17122,1
17123,4
17124,2
17125,4
17126,3
17127,0
17128,3
17129,2
17130,0
17131,7
17132,0
17133,1
17134,0
17135,5
17136,6
17137,1
17138,0
17139,5
17140,5
17141,0
17142,1
17143,0
17144,7
17145,0
17146,2
17147,0
17148,0
17149,0
17150,1
17151,6
17152,3
17153,2
17154,0
17155,7
17156,2
17157,1
17158,2
17159,1
17160,6
17161,3
17162,1
17163,0
17164,1
17165,0
17166,3
17167,2
17168,1
17169,0
17170,1
17171,0
17172,6
17173,1
17174,0
17175,3
17176,0
17177,2
17178,3
17179,0
17180,2
17181,0
17182,1
17183,1
17184,5
17185,3
17186,5
17187,1
17188,0
17189,5
17190,1
17191,4
17192,3
17193,1
17194,0
17195,1
17196,0
17197,6
17198,1
17199,0
17200,0
17201,1
17202,6
17203,3
17204,8
17205,0
17206,4
17207,4
17208,3
17209,0
17210,0
17211,0
17212,0
17213,6
17214,3
17215,0
17216,2
17217,3
17218,6
17219,3
17220,1
17221,6
17222,2
17223,0
17224,0
17225,1
17226,3
17227,3
17228,1
17229,4
17230,4
17231,3
17232,6
17233,6
17234,0
17235,1
17236,1
17237,0
17238,2
17239,1
17240,0
17241,0
17242,7
17243,5
17244,0
17245,2
17246,2
17247,2
17248,0
17249,0
17250,0
17251,6
17252,0
17253,0
17254,1
17255,5
17256,0
17257,8
17258,2
17259,1
17260,3
17261,1
17262,1
17263,5
17264,1
17265,1
17266,3
17267,3
17268,0
17269,1
17270,4
17271,6
17272,4
17273,1
17274,4
17275,0
17276,0
17277,0
17278,6
17279,1
17280,3
17281,0
17282,3
17283,1
17284,2
17285,2
17286,1
17287,4
17288,1
17289,3
17290,2
17291,3
17292,1
17293,0
17294,0
17295,5
17296,6
17297,3
17298,0
17299,1
17300,2
17301,1
17302,2
17303,4
17304,7
17305,1
17306,3
17307,7
17308,2
17309,0
17310,5
17311,1
17312,7
17313,6
17314,6
17315,0
17316,6
17317,0
17318,4
17319,0
17320,3
17321,1
17322,1
17323,1
17324,4
17325,2
17326,3
17327,1
17328,5
17329,2
17330,2
17331,1
17332,4
17333,0
17334,0
17335,0
17336,0
17337,2
17338,4
17339,4
17340,1
17341,0
17342,6
17343,6
17344,0
17345,0
17346,3
17347,6
17348,0
17349,1
17350,0
17351,7
17352,1
17353,2
17354,2
17355,0
17356,1
17357,0
17358,1
17359,1
17360,1
17361,0
17362,7
17363,0
17364,2
17365,4
17366,5
17367,1
17368,6
17369,6
17370,2
17371,0
17372,0
17373,1
17374,6
17375,1
17376,1
17377,0
17378,6
17379,3
17380,0
17381,0
17382,1
17383,0
17384,0
17385,1
17386,5
17387,0
17388,7
17389,0
17390,7
17391,0
17392,0
17393,1
17394,0
17395,6
17396,2
17397,0
17398,5
17399,1
17400,6
17401,6
17402,0
17403,0
17404,1
17405,0
17406,1
17407,2
17408,2
17409,2
17410,0
17411,7
17412,1
17413,4
17414,0
17415,0
17416,7
17417,1
17418,4
17419,0
17420,0
17421,0
17422,6
17423,1
17424,4
17425,3
17426,0
17427,2
17428,5
17429,1
17430,0
17431,1
17432,3
17433,0
17434,0
17435,1
17436,5
17437,0
17438,2
17439,6
17440,6
17441,2
17442,5
17443,0
17444,0
17445,3
17446,7
17447,6
17448,3
17449,2
17450,7
17451,3
17452,8
17453,1
17454,0
17455,7
17456,4
17457,3
17458,0
17459,2
17460,2
17461,0
17462,5
17463,3
17464,2
17465,1
17466,2
17467,5
17468,1
17469,6
17470,0
17471,5
17472,1
17473,0
17474,1
17475,1
17476,0
17477,0
17478,1
17479,0
17480,0
17481,2
17482,2
17483,2
17484,6
17485,6
17486,0
17487,0
17488,1
17489,1
17490,0
17491,0
17492,1
17493,0
17494,1
17495,0
17496,1
17497,8
17498,2
17499,1
17500,2
17501,8
17502,7
17503,3
17504,7
17505,1
17506,0
17507,6
17508,2
17509,0
17510,1
17511,0
17512,0
17513,7
17514,7
17515,7
17516,7
17517,6
17518,6
17519,0
17520,0
17521,3
17522,1
17523,1
17524,0
17525,3
17526,3
17527,1
17528,6
17529,1
17530,8
17531,1
17532,1
17533,2
17534,1
17535,7
17536,3
17537,0
17538,0
17539,0
17540,0
17541,0
17542,3
17543,2
17544,7
17545,5
17546,3
17547,3
17548,3
17549,5
17550,1
17551,1
17552,0
17553,1
17554,0
17555,0
17556,3
17557,0
17558,6
17559,3
17560,1
17561,0
17562,0
17563,0
17564,6
17565,0
17566,0
17567,1
17568,7
17569,7
17570,0
17571,1
17572,2
17573,1
17574,0
17575,0
17576,3
17577,4
17578,3
17579,0
17580,0
17581,0
17582,0
17583,1
17584,1
17585,0
17586,3
17587,3
17588,3
17589,1
17590,0
17591,1
17592,0
17593,4
17594,0
17595,1
17596,1
17597,5
17598,0
17599,0
17600,6
17601,0
17602,0
17603,4
17604,6
17605,3
17606,6
17607,6
17608,3
17609,2
17610,1
17611,4
17612,0
17613,6
17614,1
17615,3
17616,0
17617,7
17618,3
17619,0
17620,6
17621,3
17622,0
17623,7
17624,2
17625,0
17626,0
17627,3
17628,6
17629,0
17630,1
17631,0
17632,1
17633,0
17634,3
17635,6
17636,7
17637,1
17638,1
17639,2
17640,1
17641,6
17642,2
17643,1
17644,3
17645,0
17646,0
17647,0
17648,3
17649,6
17650,0
17651,1
17652,2
17653,1
17654,2
17655,1
17656,0
17657,3
17658,1
17659,0
17660,1
17661,0
17662,6
17663,3
17664,8
17665,6
17666,7
17667,1
17668,1
17669,1
17670,0
17671,5
17672,1
17673,1
17674,3
17675,0
17676,1
17677,3
17678,0
17679,5
17680,4
17681,7
17682,3
17683,1
17684,1
17685,4
17686,6
17687,1
17688,0
17689,0
17690,0
17691,1
17692,0
17693,3
17694,2
17695,4
17696,3
17697,1
17698,1
17699,0
17700,5
17701,1
17702,1
17703,1
17704,0
17705,1
17706,0
17707,1
17708,0
17709,6
17710,4
17711,0
17712,2
17713,1
17714,1
17715,6
17716,1
17717,7
17718,2
17719,0
17720,0
17721,1
17722,0
17723,1
17724,3
17725,0
17726,0
17727,7
17728,1
17729,2
17730,0
17731,0
17732,1
17733,0
17734,0
17735,1
17736,5
17737,2
17738,6
17739,1
17740,0
17741,0
17742,5
17743,5
17744,0
17745,1
17746,1
17747,3
17748,0
17749,2
17750,1
17751,7
17752,0
17753,0
17754,4
17755,3
17756,5
17757,4
17758,1
17759,2
17760,0
17761,1
17762,1
17763,0
17764,3
17765,0
17766,2
17767,0
17768,1
17769,0
17770,1
17771,6
17772,1
17773,0
17774,0
17775,1
17776,6
17777,1
17778,2
17779,1
17780,3
17781,4
17782,0
17783,6
17784,0
17785,3
17786,0
17787,2
17788,1
17789,0
17790,0
17791,2
17792,7
17793,0
17794,2
17795,1
17796,2
17797,1
17798,2
17799,0
17800,4
17801,0
17802,2
17803,3
17804,0
17805,6
17806,2
17807,3
17808,2
17809,0
17810,0
17811,1
17812,1
17813,0
17814,5
17815,0
17816,3
17817,1
17818,6
17819,8
17820,1
17821,0
17822,7
17823,6
17824,5
17825,6
17826,0
17827,5
17828,0
17829,1
17830,2
17831,0
17832,5
17833,7
17834,3
17835,3
17836,1
17837,3
17838,3
17839,0
17840,5
17841,1
17842,0
17843,2
17844,1
17845,3
17846,5
17847,7
17848,4
17849,1
17850,0
17851,0
17852,0
17853,1
17854,0
17855,0
17856,0
17857,2
17858,2
17859,3
17860,0
17861,1
17862,7
17863,6
17864,7
17865,5
17866,3
17867,1
17868,1
17869,1
17870,6
17871,0
17872,5
17873,0
17874,6
17875,6
17876,2
17877,0
17878,4
17879,0
17880,1
17881,7
17882,0
17883,0
17884,3
17885,6
17886,0
17887,3
17888,0
17889,2
17890,0
17891,0
17892,1
17893,5
17894,5
17895,0
17896,3
17897,2
17898,1
17899,2
17900,1
17901,0
17902,3
17903,3
17904,4
17905,3
17906,5
17907,6
17908,3
17909,2
17910,2
17911,3
17912,4
17913,0
17914,1
17915,5
17916,0
17917,2
17918,0
17919,4
17920,0
17921,0
17922,3
17923,0
17924,0
17925,0
17926,5
17927,1
17928,0
17929,2
17930,4
17931,6
17932,4
17933,3
17934,4
17935,0
17936,2
17937,3
17938,1
17939,1
17940,5
17941,0
17942,1
17943,0
17944,2
17945,2
17946,5
17947,0
17948,5
17949,3
17950,1
17951,0
17952,0
17953,1
17954,2
17955,1
17956,3
17957,0
17958,6
17959,0
17960,3
17961,1
17962,0
17963,0
17964,1
17965,0
17966,2
17967,0
17968,2
17969,1
17970,8
17971,1
17972,1
17973,1
17974,0
17975,7
17976,0
17977,1
17978,0
17979,7
17980,0
17981,6
17982,2
17983,3
17984,0
17985,2
17986,0
17987,7
17988,0
17989,3
17990,3
17991,1
17992,0
17993,0
17994,1
17995,5
17996,6
17997,5
17998,2
17999,3
18000,3
18001,0
18002,1
18003,1
18004,3
18005,0
18006,0
18007,1
18008,3
18009,1
18010,5
18011,6
18012,0
18013,1
18014,0
18015,6
18016,1
18017,2
18018,1
18019,6
18020,1
18021,0
18022,1
18023,1
18024,1
18025,7
18026,1
18027,1
18028,0
18029,5
18030,2
18031,0
18032,0
18033,7
18034,6
18035,1
18036,0
18037,0
18038,1
18039,4
18040,4
18041,3
18042,5
18043,0
18044,0
18045,3
18046,6
18047,0
18048,2
18049,3
18050,1
18051,2
18052,1
18053,7
18054,3
18055,1
18056,3
18057,6
18058,2
18059,0
18060,6
18061,7
18062,1
18063,3
18064,2
18065,3
18066,2
18067,2
18068,4
18069,1
18070,1
18071,2
18072,0
18073,1
18074,0
18075,1
18076,3
18077,7
18078,1
18079,3
18080,0
18081,3
18082,2
18083,3
18084,0
18085,4
18086,1
18087,1
18088,0
18089,1
18090,3
18091,1
18092,2
18093,1
18094,1
18095,7
18096,2
18097,7
18098,0
18099,0
18100,4
18101,4
18102,5
18103,0
18104,5
18105,0
18106,6
18107,3
18108,0
18109,7
18110,1
18111,1
18112,0
18113,4
18114,0
18115,0
18116,6
18117,7
18118,2
18119,0
18120,1
18121,2
18122,0
18123,0
18124,2
18125,0
18126,0
18127,7
18128,1
18129,1
18130,7
18131,0
18132,1
18133,7
18134,4
18135,7
18136,0
18137,3
18138,1
18139,0
18140,0
18141,1
18142,1
18143,1
18144,2
18145,3
18146,6
18147,1
18148,7
18149,8
18150,7
18151,6
18152,0
18153,0
18154,0
18155,0
18156,0
18157,7
18158,2
18159,3
18160,6
18161,6
18162,0
18163,1
18164,0
18165,6
18166,0
18167,0
18168,7
18169,0
18170,0
18171,0
18172,6
18173,6
18174,6
18175,1
18176,1
18177,6
18178,0
18179,3
18180,5
18181,0
18182,6
18183,0
18184,0
18185,7
18186,2
18187,2
18188,3
18189,0
18190,2
18191,0
18192,5
18193,5
18194,5
18195,0
18196,3
18197,2
18198,0
18199,6
18200,3
18201,2
18202,1
18203,1
18204,5
18205,0
18206,1
18207,7
18208,5
18209,3
18210,3
18211,3
18212,0
18213,1
18214,4
18215,3
18216,1
18217,2
18218,2
18219,1
18220,5
18221,2
18222,5
18223,1
18224,6
18225,3
18226,1
18227,0
18228,6
18229,0
18230,0
18231,1
18232,6
18233,3
18234,0
18235,2
18236,0
18237,1
18238,7
18239,0
18240,1
18241,0
18242,0
18243,6
18244,1
18245,3
18246,1
18247,4
18248,0
18249,0
18250,5
18251,0
18252,0
18253,4
18254,5
18255,0
18256,2
18257,4
18258,2
18259,3
18260,0
18261,2
18262,5
18263,4
18264,0
18265,2
18266,3
18267,3
18268,1
18269,1
18270,7
18271,2
18272,1
18273,1
18274,0
18275,1
18276,0
18277,3
18278,4
18279,2
18280,7
18281,7
18282,3
18283,0
18284,6
18285,6
18286,2
18287,6
18288,0
18289,1
18290,0
18291,0
18292,2
18293,2
18294,3
18295,7
18296,0
18297,5
18298,1
18299,1
18300,5
18301,8
18302,6
18303,1
18304,0
18305,1
18306,0
18307,5
18308,4
18309,5
18310,0
18311,1
18312,6
18313,3
18314,2
18315,2
18316,2
18317,7
18318,0
18319,5
18320,1
18321,1
18322,6
18323,2
18324,2
18325,2
18326,4
18327,1
18328,3
18329,0
18330,0
18331,1
18332,0
18333,0
18334,6
18335,0
18336,3
18337,3
18338,0
18339,3
18340,1
18341,5
18342,4
18343,0
18344,6
18345,0
18346,1
18347,3
18348,5
18349,6
18350,7
18351,0
18352,3
18353,3
18354,1
18355,0
18356,2
18357,0
18358,0
18359,1
18360,2
18361,0
18362,3
18363,1
18364,0
18365,1
18366,0
18367,3
18368,3
18369,8
18370,0
18371,2
18372,7
18373,3
18374,2
18375,6
18376,0
18377,6
18378,2
18379,2
18380,7
18381,1
18382,3
18383,3
18384,1
18385,7
18386,0
18387,3
18388,1
18389,0
18390,1
18391,5
18392,3
18393,9
18394,1
18395,0
18396,0
18397,1
18398,1
18399,0
18400,2
18401,7
18402,2
18403,3
18404,0
18405,8
18406,4
18407,1
18408,0
18409,0
18410,1
18411,3
18412,2
18413,1
18414,2
18415,1
18416,0
18417,0
18418,6
18419,6
18420,7
18421,0
18422,3
18423,0
18424,1
18425,1
18426,1
18427,3
18428,0
18429,0
18430,0
18431,2
18432,0
18433,0
18434,3
18435,1
18436,1
18437,1
18438,0
18439,1
18440,7
18441,7
18442,1
18443,1
18444,1
18445,0
18446,2
18447,3
18448,1
18449,0
18450,0
18451,1
18452,4
18453,0
18454,0
18455,0
18456,1
18457,3
18458,1
18459,3
18460,2
18461,6
18462,4
18463,1
18464,1
18465,0
18466,3
18467,0
18468,0
18469,0
18470,7
18471,2
18472,3
18473,0
18474,6
18475,0
18476,2
18477,1
18478,0
18479,0
18480,7
18481,0
18482,4
18483,3
18484,0
18485,3
18486,0
18487,3
18488,1
18489,3
18490,0
18491,4
18492,2
18493,6
18494,0
18495,2
18496,2
18497,0
18498,2
18499,0
18500,8
18501,2
18502,3
18503,4
18504,3
18505,0
18506,7
18507,4
18508,1
18509,1
18510,6
18511,1
18512,6
18513,1
18514,0
18515,6
18516,6
18517,5
18518,4
18519,4
18520,5
18521,7
18522,1
18523,3
18524,1
18525,0
18526,1
18527,0
18528,5
18529,3
18530,5
18531,4
18532,1
18533,6
18534,0
18535,1
18536,1
18537,0
18538,0
18539,7
18540,3
18541,4
18542,2
18543,0
18544,7
18545,1
18546,6
18547,0
18548,3
18549,3
18550,1
18551,7
18552,7
18553,3
18554,0
18555,0
18556,1
18557,3
18558,1
18559,1
18560,0
18561,6
18562,0
18563,4
18564,8
18565,0
18566,0
18567,1
18568,1
18569,1
18570,0
18571,0
18572,0
18573,1
18574,0
18575,3
18576,5
18577,3
18578,8
18579,0
18580,7
18581,5
18582,1
18583,3
18584,0
18585,6
18586,7
18587,7
18588,1
18589,7
18590,0
18591,3
18592,1
18593,0
18594,1
18595,0
18596,0
18597,0
18598,2
18599,1
18600,6
18601,7
18602,0
18603,5
18604,1
18605,3
18606,0
18607,4
18608,5
18609,1
18610,1
18611,3
18612,6
18613,1
18614,2
18615,0
18616,2
18617,0
18618,2
18619,3
18620,0
18621,3
18622,1
18623,6
18624,3
18625,0
18626,0
18627,1
18628,1
18629,0
18630,5
18631,1
18632,6
18633,2
18634,6
18635,0
18636,6
18637,2
18638,0
18639,0
18640,2
18641,6
18642,0
18643,1
18644,7
18645,0
18646,0
18647,0
18648,1
18649,1
18650,6
18651,3
18652,0
18653,3
18654,0
18655,1
18656,7
18657,3
18658,8
18659,5
18660,3
18661,0
18662,1
18663,7
18664,1
18665,2
18666,1
18667,2
18668,4
18669,6
18670,6
18671,3
18672,1
18673,0
18674,3
18675,1
18676,0
18677,1
18678,0
18679,7
18680,1
18681,6
18682,0
18683,2
18684,1
18685,3
18686,3
18687,0
18688,6
18689,1
18690,6
18691,0
18692,3
18693,0
18694,0
18695,7
18696,7
18697,1
18698,3
18699,4
18700,2
18701,0
18702,7
18703,0
18704,6
18705,0
18706,3
18707,1
18708,4
18709,0
18710,3
18711,1
18712,6
18713,7
18714,6
18715,0
18716,1
18717,0
18718,1
18719,7
18720,8
18721,1
18722,2
18723,0
18724,6
18725,5
18726,0
18727,1
18728,3
18729,5
18730,7
18731,2
18732,1
18733,3
18734,0
18735,0
18736,0
18737,2
18738,4
18739,3
18740,0
18741,3
18742,1
18743,1
18744,3
18745,3
18746,2
18747,1
18748,1
18749,3
18750,1
18751,0
18752,0
18753,6
18754,4
18755,3
18756,1
18757,0
18758,6
18759,0
18760,1
18761,4
18762,1
18763,6
18764,5
18765,1
18766,3
18767,0
18768,3
18769,7
18770,1
18771,7
18772,0
18773,0
18774,0
18775,1
18776,0
18777,7
18778,3
18779,6
18780,0
18781,0
18782,0
18783,1
18784,0
18785,1
18786,7
18787,6
18788,6
18789,2
18790,1
18791,0
18792,0
18793,1
18794,1
18795,0
18796,0
18797,2
18798,3
18799,3
18800,0
18801,0
18802,3
18803,6
18804,1
18805,0
18806,6
18807,8
18808,7
18809,1
18810,0
18811,6
18812,0
18813,0
18814,3
18815,3
18816,7
18817,7
18818,6
18819,1
18820,7
18821,3
18822,3
18823,6
18824,0
18825,0
18826,6
18827,3
18828,0
18829,7
18830,5
18831,6
18832,2
18833,2
18834,1
18835,4
18836,2
18837,2
18838,2
18839,5
18840,7
18841,1
18842,1
18843,5
18844,1
18845,0
18846,1
18847,8
18848,6
18849,0
18850,3
18851,0
18852,3
18853,1
18854,0
18855,3
18856,6
18857,0
18858,0
18859,0
18860,1
18861,1
18862,1
18863,7
18864,1
18865,2
18866,0
18867,0
18868,1
18869,0
18870,1
18871,0
18872,0
18873,7
18874,6
18875,0
18876,0
18877,2
18878,1
18879,3
18880,3
18881,8
18882,1
18883,0
18884,0
18885,3
18886,2
18887,1
18888,2
18889,2
18890,6
18891,0
18892,1
18893,0
18894,6
18895,3
18896,0
18897,3
18898,6
18899,7
18900,3
18901,1
18902,0
18903,1
18904,4
18905,0
18906,1
18907,0
18908,1
18909,1
18910,1
18911,3
18912,1
18913,1
18914,3
18915,6
18916,3
18917,2
18918,0
18919,2
18920,1
18921,8
18922,2
18923,5
18924,0
18925,7
18926,6
18927,3
18928,2
18929,0
18930,2
18931,1
18932,0
18933,5
18934,1
18935,0
18936,1
18937,3
18938,0
18939,1
18940,7
18941,1
18942,3
18943,0
18944,2
18945,0
18946,1
18947,4
18948,4
18949,0
18950,0
18951,0
18952,3
18953,7
18954,7
18955,0
18956,1
18957,5
18958,0
18959,6
18960,2
18961,0
18962,3
18963,6
18964,0
18965,3
18966,0
18967,0
18968,6
18969,7
18970,1
18971,1
18972,5
18973,0
18974,0
18975,3
18976,4
18977,1
18978,2
18979,0
18980,1
18981,0
18982,6
18983,1
18984,0
18985,3
18986,3
18987,2
18988,0
18989,0
18990,7
18991,1
18992,0
18993,0
18994,0
18995,1
18996,0
18997,2
18998,2
18999,4
19000,8
19001,3
19002,7
19003,0
19004,0
19005,1
19006,0
19007,1
19008,5
19009,4
19010,3
19011,7
19012,1
19013,0
19014,5
19015,0
19016,0
19017,1
19018,0
19019,0
19020,3
19021,0
19022,2
19023,3
19024,0
19025,0
19026,3
19027,0
19028,0
19029,1
19030,0
19031,3
19032,8
19033,1
19034,3
19035,0
19036,1
19037,2
19038,0
19039,6
19040,1
19041,0
19042,7
19043,0
19044,3
19045,1
19046,4
19047,1
19048,0
19049,1
19050,1
19051,3
19052,0
19053,0
19054,1
19055,3
19056,2
19057,0
19058,2
19059,3
19060,1
19061,3
19062,5
19063,0
19064,0
19065,2
19066,3
19067,0
19068,3
19069,7
19070,2
19071,3
19072,0
19073,3
19074,0
19075,1
19076,0
19077,8
19078,1
19079,0
19080,0
19081,0
19082,1
19083,4
19084,1
19085,0
19086,1
19087,7
19088,0
19089,3
19090,1
19091,0
19092,0
19093,6
19094,6
19095,1
19096,0
19097,1
19098,1
19099,5
19100,3
19101,3
19102,1
19103,4
19104,6
19105,3
19106,0
19107,0
19108,2
19109,1
19110,1
19111,6
19112,2
19113,3
19114,0
19115,3
19116,6
19117,7
19118,5
19119,0
19120,5
19121,5
19122,0
19123,4
19124,2
19125,3
19126,1
19127,1
19128,0
19129,2
19130,6
19131,6
19132,0
19133,0
19134,4
19135,0
19136,2
19137,6
19138,0
19139,1
19140,1
19141,0
19142,0
19143,0
19144,3
19145,1
19146,0
19147,3
19148,1
19149,7
19150,0
19151,2
19152,2
19153,4
19154,2
19155,3
19156,2
19157,6
19158,3
19159,2
19160,5
19161,1
19162,6
19163,5
19164,6
19165,0
19166,6
19167,0
19168,1
19169,2
19170,3
19171,6
19172,2
19173,0
19174,0
19175,7
19176,1
19177,6
19178,0
19179,8
19180,2
19181,3
19182,1
19183,2
19184,0
19185,5
19186,3
19187,6
19188,1
19189,1
19190,3
19191,1
19192,1
19193,2
19194,1
19195,1
19196,7
19197,2
19198,0
19199,1
19200,0
19201,1
19202,0
19203,7
19204,5
19205,1
19206,7
19207,7
19208,3
19209,1
19210,0
19211,3
19212,3
19213,3
19214,2
19215,4
19216,6
19217,0
19218,6
19219,5
19220,1
19221,0
19222,2
19223,2
19224,6
19225,2
19226,1
19227,5
19228,1
19229,1
19230,2
19231,3
19232,7
19233,1
19234,0
19235,7
19236,0
19237,1
19238,3
19239,3
19240,0
19241,1
19242,0
19243,5
19244,0
19245,4
19246,3
19247,3
19248,4
19249,0
19250,1
19251,6
19252,2
19253,0
19254,1
19255,0
19256,7
19257,1
19258,0
19259,0
19260,0
19261,3
19262,7
19263,0
19264,1
19265,0
19266,1
19267,0
19268,3
19269,2
19270,2
19271,8
19272,1
19273,3
19274,7
19275,3
19276,0
19277,2
19278,0
19279,1
19280,0
19281,1
19282,3
19283,1
19284,0
19285,1
19286,0
19287,2
19288,7
19289,3
19290,0
19291,2
19292,8
19293,0
19294,5
19295,3
19296,0
19297,1
19298,3
19299,0
19300,1
19301,4
19302,0
19303,0
19304,2
19305,6
19306,0
19307,0
19308,1
19309,5
19310,0
19311,0
19312,0
19313,0
19314,0
19315,5
19316,0
19317,0
19318,4
19319,0
19320,2
19321,6
19322,7
19323,0
19324,1
19325,1
19326,3
19327,3
19328,1
19329,1
19330,3
19331,3
19332,7
19333,2
19334,3
19335,0
19336,5
19337,0
19338,0
19339,0
19340,0
19341,0
19342,0
19343,3
19344,5
19345,4
19346,2
19347,0
19348,1
19349,2
19350,0
19351,3
19352,0
19353,5
19354,0
19355,2
19356,1
19357,5
19358,3
19359,0
19360,0
19361,2
19362,0
19363,1
19364,1
19365,2
19366,0
19367,1
19368,8
19369,1
19370,5
19371,5
19372,5
19373,6
19374,3
19375,0
19376,6
19377,3
19378,6
19379,7
19380,3
19381,0
19382,0
19383,1
19384,2
19385,3
19386,1
19387,1
19388,0
19389,1
19390,0
19391,0
19392,2
19393,0
19394,3
19395,0
19396,0
19397,6
19398,0
19399,1
19400,0
19401,1
19402,0
19403,7
19404,1
19405,0
19406,0
19407,0
19408,6
19409,2
19410,2
19411,1
19412,1
19413,0
19414,1
19415,1
19416,0
19417,2
19418,0
19419,1
19420,3
19421,2
19422,2
19423,0
19424,2
19425,1
19426,0
19427,1
19428,3
19429,0
19430,2
19431,2
19432,0
19433,0
19434,4
19435,0
19436,7
19437,0
19438,1
19439,1
19440,3
19441,7
19442,1
19443,2
19444,0
19445,6
19446,0
19447,4
19448,1
19449,0
19450,0
19451,2
19452,7
19453,0
19454,1
19455,5
19456,0
19457,0
19458,1
19459,0
19460,0
19461,6
19462,4
19463,5
19464,1
19465,6
19466,0
19467,1
19468,3
19469,0
19470,2
19471,1
19472,1
19473,1
19474,1
19475,0
19476,1
19477,2
19478,1
19479,0
19480,1
19481,7
19482,3
19483,0
19484,0
19485,0
19486,2
19487,3
19488,7
19489,6
19490,7
19491,5
19492,1
19493,1
19494,1
19495,3
19496,4
19497,3
19498,3
19499,3
19500,0
19501,0
19502,2
19503,3
19504,0
19505,6
19506,1
19507,6
19508,0
19509,6
19510,6
19511,5
19512,1
19513,1
19514,0
19515,1
19516,5
19517,2
19518,3
19519,1
19520,3
19521,6
19522,2
19523,1
19524,0
19525,3
19526,0
19527,2
19528,6
19529,3
19530,0
19531,6
19532,3
19533,6
19534,2
19535,0
19536,2
19537,1
19538,5
19539,1
19540,0
19541,0
19542,0
19543,5
19544,2
19545,7
19546,0
19547,0
19548,2
19549,0
19550,1
19551,0
19552,1
19553,1
19554,0
19555,3
19556,3
19557,1
19558,6
19559,3
19560,0
19561,2
19562,0
19563,6
19564,2
19565,3
19566,7
19567,0
19568,3
19569,0
19570,1
19571,1
19572,2
19573,3
19574,0
19575,8
19576,3
19577,1
19578,0
19579,5
19580,1
19581,6
19582,1
19583,1
19584,0
19585,0
19586,7
19587,0
19588,1
19589,0
19590,0
19591,1
19592,0
19593,0
19594,1
19595,2
19596,6
19597,0
19598,0
19599,3
19600,2
19601,5
19602,1
19603,0
19604,4
19605,1
19606,0
19607,1
19608,1
19609,6
19610,0
19611,2
19612,6
19613,0
19614,0
19615,1
19616,0
19617,0
19618,0
19619,1
19620,6
19621,3
19622,6
19623,0
19624,0
19625,2
19626,6
19627,2
19628,6
19629,0
19630,1
19631,3
19632,0
19633,4
19634,0
19635,0
19636,7
19637,0
19638,7
19639,6
19640,1
19641,3
19642,3
19643,1
19644,6
19645,0
19646,6
19647,3
19648,0
19649,1
19650,0
19651,0
19652,0
19653,4
19654,3
19655,3
19656,1
19657,0
19658,7
19659,1
19660,3
19661,4
19662,1
19663,1
19664,1
19665,1
19666,3
19667,0
19668,0
19669,0
19670,1
19671,0
19672,0
19673,3
19674,1
19675,0
19676,1
19677,1
19678,0
19679,1
19680,0
19681,0
19682,2
19683,0
19684,0
19685,2
19686,2
19687,3
19688,3
19689,0
19690,7
19691,2
19692,1
19693,0
19694,0
19695,6
19696,0
19697,1
19698,1
19699,2
19700,1
19701,7
19702,1
19703,3
19704,0
19705,1
19706,3
19707,0
19708,0
19709,0
19710,0
19711,1
19712,1
19713,1
19714,0
19715,0
19716,0
19717,0
19718,3
19719,0
19720,4
19721,0
19722,3
19723,0
19724,1
19725,0
19726,1
19727,6
19728,0
19729,1
19730,2
19731,7
19732,0
19733,3
19734,1
19735,3
19736,7
19737,3
19738,3
19739,0
19740,0
19741,0
19742,0
19743,0
19744,2
19745,4
19746,2
19747,0
19748,0
19749,7
19750,0
19751,3
19752,3
19753,6
19754,1
19755,3
19756,1
19757,0
19758,3
19759,0
19760,0
19761,1
19762,3
19763,4
19764,6
19765,5
19766,0
19767,0
19768,1
19769,0
19770,1
19771,1
19772,2
19773,5
19774,1
19775,3
19776,1
19777,3
19778,5
19779,3
19780,2
19781,2
19782,0
19783,0
19784,1
19785,7
19786,0
19787,0
19788,1
19789,0
19790,4
19791,3
19792,6
19793,3
19794,5
19795,3
19796,2
19797,4
19798,1
19799,1
19800,1
19801,0
19802,6
19803,0
19804,0
19805,0
19806,4
19807,3
19808,0
19809,1
19810,4
19811,0
19812,3
19813,1
19814,1
19815,6
19816,3
19817,0
19818,2
19819,1
19820,1
19821,4
19822,0
19823,7
19824,6
19825,0
19826,4
19827,1
19828,0
19829,1
19830,0
19831,1
19832,0
19833,0
19834,1
19835,7
19836,4
19837,5
19838,1
19839,0
19840,2
19841,1
19842,0
19843,7
19844,4
19845,0
19846,1
19847,1
19848,0
19849,1
19850,0
19851,0
19852,3
19853,1
19854,7
19855,3
19856,2
19857,5
19858,4
19859,3
19860,0
19861,0
19862,0
19863,8
19864,2
19865,7
19866,0
19867,0
19868,1
19869,1
19870,7
19871,3
19872,0
19873,1
19874,3
19875,3
19876,0
19877,4
19878,0
19879,0
19880,0
19881,1
19882,1
19883,1
19884,3
19885,0
19886,7
19887,3
19888,0
19889,3
19890,0
19891,4
19892,0
19893,6
19894,3
19895,5
19896,7
19897,6
19898,0
19899,0
19900,0
19901,1
19902,0
19903,0
19904,5
19905,6
19906,6
19907,3
19908,1
19909,0
19910,6
19911,2
19912,1
19913,3
19914,0
19915,0
19916,2
19917,6
19918,5
19919,3
19920,3
19921,0
19922,3
19923,2
19924,0
19925,1
19926,1
19927,0
19928,3
19929,0
19930,0
19931,0
19932,2
19933,0
19934,5
19935,4
19936,1
19937,0
19938,0
19939,2
19940,1
19941,3
19942,3
19943,6
19944,0
19945,0
19946,0
19947,0
19948,1
19949,0
19950,0
19951,7
19952,1
19953,0
19954,0
19955,1
19956,1
19957,1
19958,7
19959,1
19960,0
19961,3
19962,1
19963,2
19964,6
19965,1
19966,1
19967,0
19968,2
19969,0
19970,5
19971,1
19972,3
19973,7
19974,0
19975,0
19976,2
19977,3
19978,0
19979,0
19980,1
19981,0
19982,7
19983,0
19984,1
19985,1
19986,2
19987,0
19988,0
19989,0
19990,0
19991,3
19992,0
19993,2
19994,5
19995,5
19996,4
19997,0
19998,0
19999,6
20000,1
20001,1
20002,1
20003,0
20004,0
20005,0
20006,5
20007,3
20008,2
20009,3
20010,7
20011,1
20012,1
20013,6
20014,0
20015,1
20016,1
20017,3
20018,0
20019,2
20020,3
20021,5
20022,0
20023,1
20024,7
20025,1
20026,0
20027,2
20028,1
20029,1
20030,0
20031,0
20032,1
20033,7
20034,3
20035,1
20036,0
20037,0
20038,5
20039,2
20040,1
20041,0
20042,0
20043,1
20044,1
20045,0
20046,5
20047,1
20048,1
20049,1
20050,3
20051,3
20052,0
20053,5
20054,2
20055,3
20056,1
20057,5
20058,2
20059,0
20060,1
20061,1
20062,3
20063,1
20064,2
20065,7
20066,1
20067,7
20068,0
20069,5
20070,0
20071,2
20072,0
20073,2
20074,2
20075,4
20076,7
20077,0
20078,0
20079,3
20080,1
20081,0
20082,0
20083,1
20084,1
20085,1
20086,6
20087,0
20088,4
20089,6
20090,1
20091,3
20092,6
20093,5
20094,6
20095,1
20096,2
20097,0
20098,0
20099,0
20100,1
20101,6
20102,1
20103,0
20104,3
20105,0
20106,1
20107,0
20108,0
20109,0
20110,3
20111,4
20112,0
20113,1
20114,4
20115,1
20116,0
20117,7
20118,3
20119,0
20120,7
20121,0
20122,0
20123,5
20124,1
20125,2
20126,0
20127,1
20128,5
20129,3
20130,0
20131,0
20132,0
20133,2
20134,1
20135,6
20136,6
20137,4
20138,7
20139,0
20140,1
20141,1
20142,1
20143,1
20144,1
20145,0
20146,7
20147,3
20148,1
20149,1
20150,7
20151,1
20152,0
20153,0
20154,3
20155,0
20156,4
20157,8
20158,0
20159,3
20160,0
20161,0
20162,2
20163,0
20164,2
20165,0
20166,3
20167,2
20168,0
20169,6
20170,1
20171,2
20172,2
20173,1
20174,3
20175,2
20176,0
20177,6
20178,6
20179,2
20180,1
20181,2
20182,0
20183,1
20184,3
20185,1
20186,0
20187,2
20188,0
20189,0
20190,0
20191,1
20192,0
20193,2
20194,1
20195,1
20196,1
20197,1
20198,4
20199,3
20200,6
20201,0
20202,2
20203,3
20204,6
20205,1
20206,0
20207,1
20208,1
20209,1
20210,0
20211,4
20212,1
20213,0
20214,0
20215,1
20216,5
20217,1
20218,1
20219,3
20220,1
20221,4
20222,6
20223,4
20224,7
20225,1
20226,5
20227,0
20228,0
20229,4
20230,1
20231,4
20232,2
20233,0
20234,1
20235,1
20236,0
20237,2
20238,5
20239,1
20240,1
20241,2
20242,2
20243,3
20244,4
20245,3
20246,2
20247,1
20248,0
20249,1
20250,2
20251,0
20252,1
20253,1
20254,7
20255,7
20256,1
20257,3
20258,3
20259,3
20260,2
20261,0
20262,0
20263,2
20264,1
20265,0
20266,0
20267,0
20268,5
20269,6
20270,7
20271,0
20272,1
20273,6
20274,1
20275,0
20276,0
20277,1
20278,0
20279,1
20280,0
20281,0
20282,6
20283,0
20284,3
20285,0
20286,3
20287,6
20288,1
20289,4
20290,0
20291,8
20292,2
20293,2
20294,2
20295,6
20296,1
20297,0
20298,1
20299,1
20300,7
20301,0
20302,5
20303,8
20304,2
20305,1
20306,2
20307,3
20308,7
20309,0
20310,5
20311,7
20312,1
20313,0
20314,3
20315,0
20316,5
20317,1
20318,0
20319,3
20320,3
20321,0
20322,5
20323,3
20324,0
20325,2
20326,3
20327,0
20328,0
20329,6
20330,1
20331,0
20332,3
20333,3
20334,0
20335,7
20336,0
20337,0
20338,0
20339,2
20340,0
20341,3
20342,0
20343,0
20344,1
20345,2
20346,7
20347,1
20348,1
20349,3
20350,1
20351,3
20352,1
20353,9
20354,0
20355,0
20356,0
20357,6
20358,6
20359,3
20360,0
20361,3
20362,0
20363,3
20364,7
20365,0
20366,5
20367,6
20368,0
20369,3
20370,0
20371,1
20372,1
20373,4
20374,5
20375,1
20376,1
20377,7
20378,0
20379,5
20380,0
20381,2
20382,0
20383,0
20384,6
20385,0
20386,2
20387,1
20388,0
20389,1
20390,2
20391,8
20392,7
20393,0
20394,0
20395,6
20396,4
20397,1
20398,3
20399,7
20400,7
20401,0
20402,1
20403,0
20404,4
20405,3
20406,0
20407,0
20408,0
20409,2
20410,2
20411,1
20412,1
20413,0
20414,1
20415,1
20416,1
20417,4
20418,1
20419,7
20420,0
20421,4
20422,3
20423,1
20424,0
20425,6
20426,2
20427,0
20428,1
20429,3
20430,1
20431,0
20432,5
20433,7
20434,1
20435,2
20436,1
20437,0
20438,7
20439,1
20440,6
20441,8
20442,6
20443,3
20444,0
20445,1
20446,8
20447,0
20448,0
20449,3
20450,5
20451,1
20452,2
20453,0
20454,3
20455,3
20456,1
20457,6
20458,1
20459,1
20460,0
20461,7
20462,6
20463,3
20464,1
20465,2
20466,1
20467,0
20468,1
20469,1
20470,1
20471,4
20472,6
20473,2
20474,7
20475,2
20476,0
20477,1
20478,1
20479,3
20480,4
20481,1
20482,7
20483,0
20484,6
20485,5
20486,1
20487,0
20488,0
20489,0
20490,0
20491,4
20492,3
20493,1
20494,6
20495,0
20496,0
20497,1
20498,1
20499,2
20500,8
20501,0
20502,2
20503,3
20504,2
20505,5
20506,2
20507,6
20508,1
20509,4
20510,0
20511,0
20512,0
20513,6
20514,3
20515,3
20516,2
20517,5
20518,7
20519,1
20520,4
20521,3
20522,5
20523,0
20524,0
20525,2
20526,6
20527,0
20528,7
20529,1
20530,0
20531,1
20532,2
20533,1
20534,0
20535,1
20536,1
20537,0
20538,2
20539,0
20540,7
20541,1
20542,1
20543,0
20544,1
20545,0
20546,0
20547,2
20548,1
20549,1
20550,0
20551,7
20552,7
20553,0
20554,6
20555,0
20556,1
20557,1
20558,0
20559,2
20560,6
20561,1
20562,0
20563,2
20564,0
20565,3
20566,1
20567,2
20568,0
20569,1
20570,0
20571,8
20572,5
20573,2
20574,6
20575,7
20576,3
20577,3
20578,0
20579,1
20580,5
20581,7
20582,6
20583,1
20584,1
20585,1
20586,1
20587,1
20588,3
20589,1
20590,6
20591,2
20592,1
20593,5
20594,7
20595,6
20596,1
20597,3
20598,2
20599,0
20600,1
20601,2
20602,0
20603,5
20604,0
20605,2
20606,1
20607,1
20608,6
20609,3
20610,3
20611,7
20612,2
20613,0
20614,2
20615,0
20616,7
20617,0
20618,1
20619,6
20620,3
20621,1
20622,3
20623,1
20624,3
20625,3
20626,1
20627,5
20628,1
20629,0
20630,5
20631,2
20632,1
20633,3
20634,1
20635,2
20636,2
20637,0
20638,7
20639,8
20640,0
20641,0
20642,1
20643,3
20644,1
20645,2
20646,1
20647,1
20648,7
20649,1
20650,5
20651,1
20652,0
20653,0
20654,6
20655,4
20656,2
20657,5
20658,0
20659,3
20660,2
20661,2
20662,3
20663,1
20664,0
20665,3
20666,1
20667,3
20668,1
20669,6
20670,4
20671,3
20672,2
20673,5
20674,0
20675,1
20676,7
20677,0
20678,2
20679,4
20680,0
20681,6
20682,0
20683,0
20684,0
20685,3
20686,0
20687,6
20688,2
20689,0
20690,0
20691,4
20692,7
20693,3
20694,0
20695,3
20696,0
20697,0
20698,1
20699,1
20700,6
20701,0
20702,1
20703,4
20704,0
20705,3
20706,1
20707,0
20708,5
20709,7
20710,0
20711,0
20712,0
20713,0
20714,1
20715,2
20716,0
20717,1
20718,3
20719,1
20720,1
20721,2
20722,2
20723,6
20724,7
20725,3
20726,0
20727,1
20728,5
20729,3
20730,0
20731,1
20732,0
20733,1
20734,2
20735,2
20736,1
20737,1
20738,3
20739,0
20740,1
20741,6
20742,6
20743,2
20744,7
20745,0
20746,3
20747,0
20748,5
20749,0
20750,3
20751,3
20752,0
20753,0
20754,3
20755,1
20756,6
20757,0
20758,1
20759,7
20760,2
20761,0
20762,4
20763,4
20764,0
20765,2
20766,7
20767,0
20768,2
20769,1
20770,0
20771,0
20772,0
20773,0
20774,0
20775,0
20776,0
20777,1
20778,0
20779,1
20780,6
20781,1
20782,1
20783,6
20784,1
20785,2
20786,1
20787,0
20788,3
20789,0
20790,0
20791,1
20792,1
20793,0
20794,5
20795,0
20796,1
20797,0
20798,0
20799,3
20800,1
20801,7
20802,7
20803,1
20804,0
20805,0
20806,2
20807,0
20808,6
20809,6
20810,5
20811,4
20812,3
20813,3
20814,0
20815,6
20816,1
20817,3
20818,1
20819,6
20820,0
20821,0
20822,0
20823,5
20824,6
20825,5
20826,2
20827,0
20828,2
20829,0
20830,5
20831,1
20832,0
20833,1
20834,1
20835,0
20836,4
20837,1
20838,3
20839,5
20840,0
20841,0
20842,0
20843,7
20844,3
20845,3
20846,2
20847,1
20848,3
20849,1
20850,6
20851,0
20852,1
20853,0
20854,0
20855,3
20856,3
20857,3
20858,1
20859,2
20860,0
20861,2
20862,2
20863,2
20864,0
20865,0
20866,1
20867,0
20868,1
20869,1
20870,6
20871,0
20872,0
20873,3
20874,0
20875,0
20876,2
20877,7
20878,1
20879,6
20880,1
20881,3
20882,0
20883,0
20884,7
20885,5
20886,0
20887,0
20888,0
20889,0
20890,6
20891,1
20892,3
20893,1
20894,2
20895,5
20896,2
20897,4
20898,0
20899,8
20900,2
20901,2
20902,1
20903,0
20904,2
20905,0
20906,1
20907,1
20908,0
20909,5
20910,0
20911,3
20912,6
20913,2
20914,1
20915,0
20916,0
20917,6
20918,0
20919,1
20920,3
20921,1
20922,4
20923,0
20924,2
20925,3
20926,0
20927,6
20928,0
20929,6
20930,4
20931,1
20932,2
20933,1
20934,4
20935,0
20936,7
20937,3
20938,0
20939,7
20940,3
20941,6
20942,3
20943,1
20944,6
20945,4
20946,0
20947,0
20948,7
20949,3
20950,2
20951,0
20952,5
20953,1
20954,3
20955,0
20956,0
20957,0
20958,4
20959,0
20960,7
20961,2
20962,2
20963,1
20964,0
20965,6
20966,0
20967,1
20968,1
20969,6
20970,3
20971,1
20972,1
20973,0
20974,3
20975,6
20976,4
20977,3
20978,0
20979,4
20980,7
20981,1
20982,0
20983,2
20984,1
20985,1
20986,0
20987,2
20988,0
20989,4
20990,1
20991,5
20992,5
20993,0
20994,3
20995,0
20996,2
20997,6
20998,2
20999,6
21000,0
21001,3
21002,0
21003,0
21004,3
21005,1
21006,8
21007,0
21008,2
21009,3
21010,0
21011,0
21012,1
21013,2
21014,6
21015,1
21016,3
21017,7
21018,3
21019,0
21020,0
21021,0
21022,0
21023,1
21024,1
21025,0
21026,2
21027,0
21028,2
21029,6
21030,3
21031,3
21032,0
21033,0
21034,5
21035,3
21036,0
21037,6
21038,1
21039,2
21040,0
21041,1
21042,6
21043,7
21044,3
21045,1
21046,1
21047,3
21048,1
21049,1
21050,2
21051,0
21052,6
21053,2
21054,2
21055,3
21056,5
21057,0
21058,3
21059,0
21060,0
21061,0
21062,0
21063,0
21064,5
21065,2
21066,1
21067,0
21068,5
21069,1
21070,0
21071,0
21072,1
21073,1
21074,6
21075,6
21076,1
21077,0
21078,1
21079,0
21080,3
21081,1
21082,3
21083,0
21084,0
21085,0
21086,5
21087,1
21088,2
21089,1
21090,5
21091,1
21092,0
21093,0
21094,0
21095,0
21096,0
21097,1
21098,6
21099,0
21100,1
21101,8
21102,6
21103,1
21104,6
21105,2
21106,1
21107,2
21108,1
21109,0
21110,0
21111,1
21112,0
21113,0
21114,3
21115,0
21116,0
21117,0
21118,0
21119,2
21120,0
21121,5
21122,2
21123,3
21124,1
21125,1
21126,1
21127,1
21128,6
21129,0
21130,6
21131,0
21132,0
21133,3
21134,2
21135,0
21136,0
21137,0
21138,1
21139,0
21140,2
21141,2
21142,0
21143,1
21144,2
21145,0
21146,0
21147,0
21148,1
21149,6
21150,1
21151,6
21152,7
21153,3
21154,7
21155,7
21156,1
21157,1
21158,2
21159,1
21160,0
21161,7
21162,6
21163,0
21164,2
21165,5
21166,2
21167,6
21168,1
21169,3
21170,1
21171,6
21172,0
21173,1
21174,0
21175,1
21176,6
21177,0
21178,0
21179,5
21180,0
21181,1
21182,0
21183,1
21184,1
21185,5
21186,0
21187,1
21188,3
21189,0
21190,0
21191,3
21192,7
21193,2
21194,0
21195,0
21196,1
21197,2
21198,1
21199,1
21200,3
21201,1
21202,0
21203,6
21204,5
21205,6
21206,0
21207,1
21208,1
21209,0
21210,0
21211,3
21212,2
21213,1
21214,2
21215,1
21216,0
21217,5
21218,0
21219,3
21220,1
21221,4
21222,3
21223,3
21224,1
21225,2
21226,2
21227,0
21228,0
21229,0
21230,3
21231,1
21232,2
21233,1
21234,3
21235,0
21236,0
21237,2
21238,8
21239,1
21240,6
21241,1
21242,1
21243,1
21244,3
21245,1
21246,2
21247,6
21248,1
21249,1
21250,0
21251,3
21252,4
21253,1
21254,7
21255,2
21256,0
21257,3
21258,3
21259,0
21260,5
21261,0
21262,6
21263,2
21264,3
21265,5
21266,0
21267,0
21268,0
21269,0
21270,6
21271,1
21272,3
21273,5
21274,5
21275,5
21276,0
21277,0
21278,1
21279,9
21280,0
21281,8
21282,1
21283,6
21284,2
21285,2
21286,5
21287,0
21288,7
21289,1
21290,1
21291,0
21292,1
21293,1
21294,3
21295,0
21296,1
21297,1
21298,0
21299,1
21300,0
21301,7
21302,0
21303,6
21304,0
21305,0
21306,1
21307,2
21308,0
21309,0
21310,0
21311,0
21312,6
21313,6
21314,2
21315,0
21316,3
21317,1
21318,7
21319,2
21320,1
21321,5
21322,2
21323,8
21324,2
21325,0
21326,0
21327,1
21328,0
21329,1
21330,2
21331,0
21332,0
21333,3
21334,0
21335,6
21336,1
21337,1
21338,1
21339,3
21340,3
21341,0
21342,0
21343,0
21344,1
21345,0
21346,0
21347,2
21348,6
21349,2
21350,2
21351,0
21352,0
21353,4
21354,3
21355,1
21356,6
21357,0
21358,0
21359,0
21360,0
21361,0
21362,6
21363,2
21364,0
21365,0
21366,0
21367,0
21368,0
21369,2
21370,0
21371,3
21372,1
21373,3
21374,0
21375,0
21376,2
21377,2
21378,1
21379,5
21380,1
21381,0
21382,0
21383,5
21384,3
21385,2
21386,1
21387,2
21388,3
21389,1
21390,1
21391,1
21392,1
21393,2
21394,3
21395,2
21396,2
21397,1
21398,8
21399,0
21400,0
21401,3
21402,0
21403,0
21404,1
21405,2
21406,0
21407,3
21408,2
21409,0
21410,3
21411,0
21412,0
21413,0
21414,1
21415,0
21416,3
21417,7
21418,1
21419,3
21420,0
21421,3
21422,6
21423,1
21424,3
21425,8
21426,0
21427,0
21428,5
21429,4
21430,0
21431,7
21432,3
21433,0
21434,1
21435,3
21436,0
21437,0
21438,2
21439,3
21440,6
21441,7
21442,0
21443,0
21444,7
21445,2
21446,0
21447,2
21448,5
21449,0
21450,7
21451,7
21452,0
21453,7
21454,6
21455,1
21456,6
21457,1
21458,7
21459,5
21460,6
21461,6
21462,5
21463,0
21464,0
21465,1
21466,1
21467,1
21468,0
21469,1
21470,5
21471,0
21472,3
21473,2
21474,0
21475,3
21476,0
21477,5
21478,0
21479,0
21480,6
21481,0
21482,5
21483,6
21484,1
21485,6
21486,4
21487,1
21488,3
21489,1
21490,1
21491,2
21492,3
21493,2
21494,3
21495,7
21496,2
21497,5
21498,0
21499,3
21500,0
21501,1
21502,0
21503,6
21504,7
21505,2
21506,2
21507,0
21508,2
21509,0
21510,1
21511,0
21512,3
21513,2
21514,1
21515,3
21516,7
21517,0
21518,0
21519,0
21520,0
21521,0
21522,0
21523,1
21524,3
21525,4
21526,0
21527,0
21528,1
21529,1
21530,7
21531,0
21532,9
21533,7
21534,6
21535,0
21536,6
21537,4
21538,0
21539,1
21540,1
21541,5
21542,0
21543,7
21544,1
21545,6
21546,1
21547,4
21548,7
21549,3
21550,0
21551,4
21552,2
21553,0
21554,7
21555,2
21556,1
21557,1
21558,2
21559,0
21560,2
21561,0
21562,7
21563,6
21564,1
21565,5
21566,0
21567,1
21568,6
21569,0
21570,1
21571,6
21572,1
21573,0
21574,3
21575,1
21576,1
21577,0
21578,3
21579,3
21580,7
21581,0
21582,0
21583,7
21584,2
21585,6
21586,1
21587,5
21588,5
21589,2
21590,7
21591,1
21592,1
21593,1
21594,7
21595,7
21596,6
21597,0
21598,6
21599,6
21600,2
21601,2
21602,0
21603,2
21604,1
21605,0
21606,2
21607,2
21608,0
21609,1
21610,3
21611,1
21612,0
21613,0
21614,1
21615,0
21616,0
21617,0
21618,2
21619,0
21620,7
21621,1
21622,3
21623,0
21624,1
21625,0
21626,3
21627,1
21628,1
21629,0
21630,0
21631,0
21632,3
21633,0
21634,1
21635,1
21636,3
21637,1
21638,2
21639,2
21640,7
21641,0
21642,2
21643,5
21644,1
21645,5
21646,3
21647,1
21648,0
21649,0
21650,1
21651,6
21652,0
21653,0
21654,0
21655,1
21656,7
21657,2
21658,1
21659,0
21660,6
21661,1
21662,0
21663,1
21664,0
21665,1
21666,1
21667,1
21668,3
21669,0
21670,1
21671,2
21672,0
21673,3
21674,0
21675,0
21676,2
21677,6
21678,1
21679,7
21680,2
21681,0
21682,2
21683,1
21684,3
21685,1
21686,2
21687,6
21688,0
21689,3
21690,1
21691,2
21692,1
21693,2
21694,0
21695,0
21696,1
21697,0
21698,2
21699,4
21700,1
21701,6
21702,7
21703,1
21704,0
21705,2
21706,0
21707,1
21708,2
21709,1
21710,1
21711,0
21712,0
21713,1
21714,0
21715,1
21716,3
21717,0
21718,0
21719,0
21720,7
21721,0
21722,1
21723,1
21724,0
21725,6
21726,6
21727,1
21728,0
21729,6
21730,3
21731,1
21732,4
21733,2
21734,6
21735,7
21736,2
21737,3
21738,2
21739,0
21740,2
21741,1
21742,1
21743,7
21744,1
21745,4
21746,0
21747,1
21748,1
21749,0
21750,0
21751,6
21752,6
21753,1
21754,3
21755,6
21756,1
21757,5
21758,0
21759,3
21760,0
21761,7
21762,0
21763,7
21764,3
21765,7
21766,1
21767,0
21768,3
21769,0
21770,0
21771,4
21772,2
21773,1
21774,5
21775,0
21776,3
21777,6
21778,0
21779,3
21780,0
21781,0
21782,7
21783,6
21784,0
21785,8
21786,0
21787,2
21788,1
21789,4
21790,3
21791,0
21792,2
21793,0
21794,3
21795,6
21796,1
21797,3
21798,0
21799,5
21800,5
21801,4
21802,0
21803,8
21804,6
21805,1
21806,6
21807,0
21808,1
21809,2
21810,1
21811,0
21812,2
21813,1
21814,7
21815,1
21816,1
21817,6
21818,1
21819,2
21820,3
21821,1
21822,1
21823,0
21824,0
21825,3
21826,1
21827,6
21828,4
21829,0
21830,0
21831,1
21832,6
21833,0
21834,1
21835,0
21836,0
21837,1
21838,2
21839,0
21840,0
21841,3
21842,2
21843,0
21844,0
21845,1
21846,1
21847,0
21848,0
21849,3
21850,2
21851,6
21852,1
21853,2
21854,0
21855,2
21856,3
21857,0
21858,1
21859,1
21860,1
21861,1
21862,0
21863,1
21864,0
21865,1
21866,0
21867,6
21868,1
21869,3
21870,7
21871,2
21872,0
21873,7
21874,0
21875,0
21876,1
21877,5
21878,2
21879,0
21880,3
21881,0
21882,0
21883,3
21884,0
21885,0
21886,3
21887,2
21888,3
21889,7
21890,0
21891,0
21892,2
21893,1
21894,4
21895,0
21896,5
21897,1
21898,0
21899,2
21900,3
21901,4
21902,1
21903,1
21904,6
21905,5
21906,1
21907,0
21908,3
21909,3
21910,1
21911,1
21912,0
21913,0
21914,0
21915,2
21916,0
21917,2
21918,3
21919,7
21920,0
21921,0
21922,0
21923,2
21924,7
21925,0
21926,3
21927,4
21928,1
21929,0
21930,1
21931,3
21932,0
21933,6
21934,2
21935,5
21936,7
21937,0
21938,3
21939,2
21940,0
21941,1
21942,1
21943,4
21944,0
21945,0
21946,0
21947,0
21948,7
21949,0
21950,3
21951,2
21952,4
21953,1
21954,0
21955,0
21956,0
21957,2
21958,2
21959,0
21960,0
21961,1
21962,5
21963,6
21964,1
21965,0
21966,3
21967,6
21968,3
21969,0
21970,1
21971,1
21972,1
21973,0
21974,0
21975,0
21976,1
21977,1
21978,7
21979,6
21980,6
21981,0
21982,0
21983,3
21984,2
21985,5
21986,0
21987,0
21988,6
21989,1
21990,7
21991,2
21992,0
21993,0
21994,0
21995,0
21996,7
21997,1
21998,0
21999,6
22000,0
22001,7
22002,3
22003,0
22004,1
22005,4
22006,5
22007,8
22008,0
22009,3
22010,3
22011,6
22012,7
22013,3
22014,1
22015,0
22016,0
22017,0
22018,1
22019,0
22020,0
22021,5
22022,1
22023,7
22024,1
22025,6
22026,0
22027,1
22028,2
22029,2
22030,0
22031,0
22032,0
22033,5
22034,0
22035,1
22036,7
22037,2
22038,6
22039,3
22040,1
22041,2
22042,2
22043,5
22044,0
22045,1
22046,1
22047,0
22048,1
22049,6
22050,2
22051,1
22052,1
22053,3
22054,6
22055,2
22056,2
22057,0
22058,2
22059,0
22060,7
22061,2
22062,0
22063,1
22064,3
22065,3
22066,2
22067,0
22068,4
22069,3
22070,2
22071,1
22072,3
22073,1
22074,0
22075,1
22076,1
22077,0
22078,6
22079,1
22080,3
22081,7
22082,0
22083,6
22084,6
22085,7
22086,1
22087,0
22088,3
22089,3
22090,3
22091,3
22092,0
22093,2
22094,7
22095,2
22096,3
22097,1
22098,1
22099,1
22100,0
22101,7
22102,3
22103,1
22104,1
22105,0
22106,3
22107,6
22108,1
22109,5
22110,6
22111,0
22112,1
22113,0
22114,6
22115,0
22116,1
22117,0
22118,3
22119,3
22120,0
22121,0
22122,0
22123,1
22124,3
22125,2
22126,0
22127,0
22128,7
22129,1
22130,1
22131,1
22132,1
22133,1
22134,5
22135,1
22136,2
22137,0
22138,1
22139,5
22140,1
22141,3
22142,1
22143,2
22144,2
22145,0
22146,0
22147,0
22148,3
22149,1
22150,1
22151,1
22152,0
22153,5
22154,2
22155,1
22156,2
22157,4
22158,1
22159,0
22160,3
22161,0
22162,3
22163,0
22164,3
22165,1
22166,3
22167,2
22168,1
22169,2
22170,0
22171,1
22172,3
22173,1
22174,0
22175,0
22176,0
22177,0
22178,0
22179,0
22180,0
22181,0
22182,0
22183,0
22184,2
22185,1
22186,3
22187,7
22188,0
22189,3
22190,5
22191,1
22192,5
22193,2
22194,6
22195,0
22196,6
22197,6
22198,0
22199,2
22200,0
22201,2
22202,5
22203,1
22204,0
22205,0
22206,0
22207,2
22208,6
22209,1
22210,0
22211,0
22212,7
22213,0
22214,0
22215,3
22216,5
22217,2
22218,0
22219,0
22220,1
22221,1
22222,3
22223,1
22224,6
22225,1
22226,5
22227,7
22228,0
22229,6
22230,2
22231,0
22232,4
22233,0
22234,1
22235,5
22236,0
22237,3
22238,0
22239,2
22240,0
22241,2
22242,0
22243,2
22244,6
22245,0
22246,1
22247,7
22248,2
22249,1
22250,1
22251,2
22252,1
22253,7
22254,0
22255,2
22256,1
22257,3
22258,0
22259,1
22260,7
22261,0
22262,0
22263,2
22264,0
22265,0
22266,0
22267,2
22268,0
22269,3
22270,2
22271,1
22272,1
22273,7
22274,1
22275,7
22276,1
22277,1
22278,2
22279,1
22280,1
22281,5
22282,2
22283,3
22284,1
22285,0
22286,0
22287,7
22288,4
22289,0
22290,3
22291,2
22292,2
22293,7
22294,2
22295,5
22296,0
22297,0
22298,7
22299,0
22300,1
22301,0
22302,1
22303,0
22304,1
22305,3
22306,0
22307,0
22308,0
22309,1
22310,4
22311,0
22312,0
22313,6
22314,7
22315,1
22316,2
22317,1
22318,3
22319,0
22320,0
22321,2
22322,0
22323,6
22324,1
22325,1
22326,0
22327,3
22328,1
22329,0
22330,0
22331,0
22332,3
22333,0
22334,7
22335,7
22336,0
22337,3
22338,7
22339,0
22340,1
22341,6
22342,0
22343,2
22344,0
22345,0
22346,6
22347,6
22348,1
22349,1
22350,6
22351,0
22352,0
22353,3
22354,0
22355,1
22356,3
22357,4
22358,0
22359,6
22360,0
22361,2
22362,0
22363,1
22364,0
22365,4
22366,4
22367,5
22368,1
22369,1
22370,3
22371,6
22372,3
22373,0
22374,8
22375,4
22376,0
22377,1
22378,0
22379,0
22380,0
22381,7
22382,0
22383,0
22384,6
22385,1
22386,3
22387,0
22388,1
22389,3
22390,0
22391,0
22392,0
22393,0
22394,0
22395,1
22396,3
22397,6
22398,0
22399,0
22400,0
22401,2
22402,7
22403,1
22404,5
22405,1
22406,2
22407,3
22408,5
22409,1
22410,2
22411,0
22412,3
22413,7
22414,8
22415,3
22416,1
22417,0
22418,6
22419,2
22420,6
22421,6
22422,1
22423,0
22424,1
22425,4
22426,0
22427,5
22428,0
22429,1
22430,4
22431,7
22432,0
22433,0
22434,1
22435,1
22436,1
22437,1
22438,3
22439,3
22440,3
22441,3
22442,0
22443,0
22444,2
22445,0
22446,2
22447,5
22448,1
22449,0
22450,1
22451,6
22452,2
22453,0
22454,7
22455,1
22456,0
22457,0
22458,0
22459,0
22460,1
22461,6
22462,3
22463,5
22464,0
22465,3
22466,0
22467,3
22468,2
22469,7
22470,3
22471,1
22472,1
22473,7
22474,3
22475,6
22476,5
22477,3
22478,2
22479,3
22480,3
22481,0
22482,1
22483,2
22484,0
22485,1
22486,0
22487,4
22488,6
22489,3
22490,3
22491,7
22492,1
22493,3
22494,1
22495,0
22496,0
22497,6
22498,7
22499,0
22500,1
22501,2
22502,1
22503,2
22504,7
22505,1
22506,0
22507,1
22508,2
22509,3
22510,1
22511,3
22512,3
22513,3
22514,1
22515,3
22516,0
22517,2
22518,3
22519,0
22520,6
22521,0
22522,2
22523,7
22524,0
22525,1
22526,1
22527,2
22528,2
22529,1
22530,2
22531,0
22532,3
22533,5
22534,7
22535,2
22536,2
22537,0
22538,1
22539,8
22540,0
22541,6
22542,0
22543,2
22544,0
22545,0
22546,6
22547,0
22548,0
22549,0
22550,1
22551,1
22552,1
22553,0
22554,7
22555,0
22556,0
22557,1
22558,3
22559,3
22560,1
22561,3
22562,5
22563,0
22564,0
22565,2
22566,0
22567,3
22568,1
22569,1
22570,1
22571,0
22572,0
22573,0
22574,2
22575,0
22576,1
22577,1
22578,0
22579,0
22580,0
22581,2
22582,6
22583,1
22584,1
22585,2
22586,7
22587,3
22588,6
22589,3
22590,3
22591,1
22592,1
22593,8
22594,1
22595,4
22596,2
22597,0
22598,1
22599,0
22600,0
22601,0
22602,2
22603,1
22604,1
22605,0
22606,2
22607,3
22608,0
22609,3
22610,1
22611,1
22612,1
22613,1
22614,0
22615,3
22616,0
22617,1
22618,2
22619,1
22620,5
22621,0
22622,1
22623,0
22624,0
22625,2
22626,0
22627,6
22628,1
22629,0
22630,1
22631,3
22632,6
22633,1
22634,1
22635,2
22636,3
22637,4
22638,3
22639,5
22640,3
22641,2
22642,0
22643,1
22644,7
22645,1
22646,0
22647,2
22648,1
22649,0
22650,3
22651,0
22652,0
22653,0
22654,7
22655,1
22656,1
22657,0
22658,7
22659,0
22660,4
22661,2
22662,6
22663,3
22664,3
22665,0
22666,1
22667,1
22668,0
22669,3
22670,0
22671,0
22672,6
22673,2
22674,2
22675,0
22676,0
22677,1
22678,0
22679,0
22680,3
22681,1
22682,0
22683,7
22684,6
22685,0
22686,0
22687,3
22688,3
22689,6
22690,5
22691,0
22692,0
22693,2
22694,2
22695,1
22696,1
22697,0
22698,3
22699,5
22700,1
22701,3
22702,0
22703,3
22704,1
22705,6
22706,3
22707,0
22708,3
22709,1
22710,5
22711,6
22712,1
22713,1
22714,3
22715,3
22716,2
22717,5
22718,3
22719,0
22720,0
22721,1
22722,1
22723,1
22724,0
22725,6
22726,0
22727,1
22728,3
22729,6
22730,6
22731,2
22732,0
22733,0
22734,2
22735,7
22736,0
22737,0
22738,5
22739,0
22740,0
22741,0
22742,0
22743,3
22744,0
22745,2
22746,0
22747,0
22748,5
22749,5
22750,5
22751,0
22752,1
22753,5
22754,1
22755,0
22756,2
22757,3
22758,7
22759,0
22760,2
22761,4
22762,7
22763,5
22764,0
22765,2
22766,1
22767,2
22768,0
22769,7
22770,2
22771,0
22772,0
22773,5
22774,0
22775,1
22776,2
22777,3
22778,2
22779,3
22780,1
22781,2
22782,0
22783,2
22784,0
22785,2
22786,2
22787,0
22788,3
22789,3
22790,0
22791,0
22792,6
22793,6
22794,0
22795,1
22796,3
22797,6
22798,0
22799,2
22800,1
22801,0
22802,1
22803,0
22804,3
22805,4
22806,2
22807,1
22808,1
22809,7
22810,0
22811,2
22812,7
22813,9
22814,2
22815,6
22816,3
22817,0
22818,0
22819,2
22820,0
22821,0
22822,3
22823,0
22824,2
22825,7
22826,3
22827,7
22828,0
22829,0
22830,0
22831,0
22832,1
22833,3
22834,0
22835,1
22836,1
22837,3
22838,0
22839,2
22840,2
22841,1
22842,3
22843,7
22844,2
22845,0
22846,2
22847,6
22848,2
22849,3
22850,0
22851,1
22852,1
22853,3
22854,0
22855,0
22856,2
22857,2
22858,4
22859,7
22860,3
22861,0
22862,1
22863,7
22864,3
22865,7
22866,6
22867,1
22868,0
22869,5
22870,5
22871,2
22872,0
22873,0
22874,2
22875,2
22876,3
22877,3
22878,3
22879,0
22880,0
22881,1
22882,6
22883,0
22884,0
22885,0
22886,7
22887,4
22888,1
22889,5
22890,1
22891,1
22892,3
22893,0
22894,0
22895,2
22896,0
22897,8
22898,5
22899,0
22900,3
22901,3
22902,1
22903,1
22904,0
22905,7
22906,6
22907,1
22908,3
22909,1
22910,0
22911,5
22912,1
22913,4
22914,1
22915,5
22916,0
22917,9
22918,1
22919,1
22920,7
22921,0
22922,1
22923,0
22924,0
22925,0
22926,3
22927,7
22928,0
22929,5
22930,1
22931,6
22932,2
22933,3
22934,0
22935,6
22936,1
22937,4
22938,3
22939,3
22940,2
22941,0
22942,3
22943,7
22944,6
22945,0
22946,2
22947,5
22948,3
22949,0
22950,3
22951,2
22952,1
22953,0
22954,0
22955,6
22956,5
22957,4
22958,0
22959,0
22960,1
22961,2
22962,3
22963,2
22964,2
22965,1
22966,1
22967,5
22968,0
22969,3
22970,1
22971,0
22972,0
22973,0
22974,0
22975,3
22976,3
22977,1
22978,1
22979,3
22980,4
22981,0
22982,3
22983,1
22984,0
22985,0
22986,8
22987,0
22988,2
22989,3
22990,6
22991,7
22992,0
22993,6
22994,2
22995,0
22996,3
22997,7
22998,3
22999,0
23000,3
23001,0
23002,1
23003,7
23004,0
23005,1
23006,1
23007,6
23008,7
23009,0
23010,2
23011,6
23012,2
23013,0
23014,0
23015,0
23016,0
23017,1
23018,3
23019,1
23020,2
23021,0
23022,3
23023,1
23024,0
23025,7
23026,2
23027,1
23028,7
23029,1
23030,2
23031,0
23032,3
23033,4
23034,6
23035,4
23036,0
23037,0
23038,5
23039,6
23040,2
23041,0
23042,7
23043,7
23044,1
23045,1
23046,2
23047,6
23048,0
23049,4
23050,4
23051,0
23052,8
23053,4
23054,1
23055,1
23056,6
23057,5
23058,0
23059,0
23060,7
23061,5
23062,6
23063,7
23064,2
23065,0
23066,1
23067,1
23068,4
23069,1
23070,2
23071,0
23072,1
23073,0
23074,0
23075,3
23076,0
23077,2
23078,5
23079,2
23080,1
23081,2
23082,1
23083,2
23084,0
23085,8
23086,0
23087,0
23088,0
23089,0
23090,1
23091,3
23092,2
23093,6
23094,6
23095,1
23096,7
23097,6
23098,0
23099,7
23100,0
23101,1
23102,1
23103,2
23104,1
23105,5
23106,5
23107,3
23108,0
23109,1
23110,5
23111,5
23112,0
23113,0
23114,3
23115,4
23116,1
23117,0
23118,0
23119,6
23120,7
23121,3
23122,5
23123,7
23124,5
23125,1
23126,6
23127,0
23128,0
23129,6
23130,1
23131,2
23132,0
23133,0
23134,1
23135,0
23136,3
23137,1
23138,0
23139,0
23140,5
23141,7
23142,3
23143,3
23144,6
23145,0
23146,7
23147,2
23148,2
23149,0
23150,3
23151,0
23152,3
23153,6
23154,6
23155,0
23156,3
23157,3
23158,4
23159,0
23160,1
23161,1
23162,1
23163,1
23164,1
23165,0
23166,2
23167,6
23168,1
23169,1
23170,3
23171,0
23172,3
23173,4
23174,1
23175,0
23176,0
23177,1
23178,6
23179,1
23180,0
23181,0
23182,6
23183,2
23184,0
23185,3
23186,0
23187,0
23188,1
23189,7
23190,1
23191,3
23192,6
23193,5
23194,1
23195,7
23196,6
23197,0
23198,2
23199,1
23200,0
23201,1
23202,0
23203,7
23204,7
23205,6
23206,1
23207,1
23208,3
23209,0
23210,5
23211,6
23212,0
23213,0
23214,3
23215,0
23216,0
23217,0
23218,3
23219,7
23220,7
23221,5
23222,0
23223,2
23224,2
23225,2
23226,2
23227,0
23228,7
23229,2
23230,0
23231,3
23232,0
23233,0
23234,2
23235,0
23236,0
23237,0
23238,0
23239,1
23240,3
23241,4
23242,0
23243,5
23244,0
23245,0
23246,4
23247,0
23248,7
23249,0
23250,0
23251,5
23252,3
23253,3
23254,1
23255,0
23256,7
23257,1
23258,7
23259,0
23260,0
23261,5
23262,0
23263,4
23264,4
23265,0
23266,1
23267,0
23268,0
23269,7
23270,0
23271,8
23272,1
23273,1
23274,0
23275,0
23276,0
23277,0
23278,0
23279,0
23280,0
23281,0
23282,3
23283,1
23284,1
23285,2
23286,0
23287,0
23288,1
23289,1
23290,3
23291,0
23292,4
23293,1
23294,9
23295,6
23296,2
23297,4
23298,0
23299,3
23300,0
23301,6
23302,3
23303,5
23304,1
23305,6
23306,5
23307,0
23308,0
23309,1
23310,0
23311,2
23312,1
23313,1
23314,1
23315,1
23316,3
23317,0
23318,0
23319,1
23320,0
23321,7
23322,3
23323,0
23324,3
23325,0
23326,7
23327,5
23328,1
23329,0
23330,1
23331,1
23332,7
23333,6
23334,2
23335,5
23336,0
23337,1
23338,5
23339,3
23340,1
23341,1
23342,1
23343,1
23344,0
23345,0
23346,1
23347,0
23348,0
23349,6
23350,0
23351,5
23352,0
23353,3
23354,0
23355,0
23356,0
23357,0
23358,0
23359,6
23360,2
23361,2
23362,1
23363,1
23364,0
23365,1
23366,7
23367,0
23368,2
23369,0
23370,1
23371,2
23372,1
23373,1
23374,0
23375,1
23376,3
23377,1
23378,0
23379,2
23380,3
23381,7
23382,3
23383,2
23384,5
23385,2
23386,5
23387,2
23388,1
23389,0
23390,1
23391,0
23392,2
23393,0
23394,7
23395,0
23396,0
23397,0
23398,3
23399,1
23400,1
23401,3
23402,1
23403,1
23404,0
23405,1
23406,0
23407,0
23408,7
23409,0
23410,4
23411,0
23412,7
23413,1
23414,0
23415,3
23416,3
23417,0
23418,0
23419,0
23420,4
23421,3
23422,0
23423,1
23424,5
23425,1
23426,6
23427,0
23428,0
23429,2
23430,3
23431,0
23432,3
23433,3
23434,6
23435,0
23436,0
23437,3
23438,1
23439,0
23440,0
23441,3
23442,2
23443,1
23444,2
23445,0
23446,1
23447,0
23448,0
23449,4
23450,0
23451,0
23452,3
23453,0
23454,6
23455,6
23456,1
23457,2
23458,3
23459,0
23460,0
23461,1
23462,0
23463,6
23464,0
23465,0
23466,0
23467,7
23468,1
23469,7
23470,7
23471,0
23472,0
23473,4
23474,4
23475,0
23476,6
23477,0
23478,0
23479,1
23480,7
23481,4
23482,0
23483,0
23484,0
23485,1
23486,2
23487,8
23488,1
23489,5
23490,6
23491,3
23492,5
23493,1
23494,2
23495,0
23496,7
23497,6
23498,6
23499,0
23500,2
23501,5
23502,2
23503,6
23504,3
23505,3
23506,3
23507,0
23508,6
23509,0
23510,6
23511,0
23512,0
23513,0
23514,0
23515,0
23516,1
23517,0
23518,0
23519,1
23520,0
23521,3
23522,3
23523,0
23524,7
23525,6
23526,0
23527,3
23528,6
23529,0
23530,6
23531,2
23532,3
23533,1
23534,5
23535,0
23536,7
23537,1
23538,3
23539,0
23540,0
23541,2
23542,1
23543,2
23544,0
23545,0
23546,0
23547,2
23548,4
23549,1
23550,1
23551,0
23552,0
23553,4
23554,0
23555,0
23556,5
23557,1
23558,1
23559,0
23560,1
23561,2
23562,0
23563,5
23564,0
23565,0
23566,5
23567,6
23568,4
23569,1
23570,1
23571,0
23572,1
23573,1
23574,7
23575,1
23576,7
23577,3
23578,0
23579,1
23580,0
23581,0
23582,3
23583,0
23584,2
23585,1
23586,1
23587,1
23588,5
23589,1
23590,1
23591,1
23592,0
23593,7
23594,3
23595,1
23596,0
23597,3
23598,1
23599,3
23600,3
23601,0
23602,1
23603,5
23604,2
23605,1
23606,0
23607,0
23608,0
23609,0
23610,0
23611,6
23612,0
23613,0
23614,0
23615,1
23616,6
23617,1
23618,0
23619,4
23620,1
23621,6
23622,8
23623,1
23624,1
23625,0
23626,0
23627,0
23628,1
23629,1
23630,5
23631,4
23632,1
23633,7
23634,2
23635,0
23636,1
23637,1
23638,1
23639,3
23640,0
23641,0
23642,1
23643,7
23644,0
23645,2
23646,1
23647,1
23648,6
23649,7
23650,1
23651,0
23652,3
23653,1
23654,5
23655,6
23656,0
23657,0
23658,2
23659,6
23660,5
23661,0
23662,0
23663,0
23664,0
23665,3
23666,1
23667,5
23668,1
23669,1
23670,1
23671,5
23672,0
23673,5
23674,0
23675,3
23676,3
23677,5
23678,1
23679,0
23680,0
23681,0
23682,3
23683,4
23684,0
23685,1
23686,1
23687,2
23688,6
23689,7
23690,2
23691,3
23692,3
23693,8
23694,1
23695,5
23696,2
23697,1
23698,0
23699,2
23700,0
23701,1
23702,1
23703,1
23704,0
23705,1
23706,0
23707,0
23708,5
23709,1
23710,0
23711,4
23712,0
23713,1
23714,0
23715,7
23716,4
23717,7
23718,6
23719,0
23720,0
23721,2
23722,0
23723,5
23724,1
23725,2
23726,1
23727,2
23728,1
23729,0
23730,0
23731,0
23732,7
23733,7
23734,6
23735,5
23736,4
23737,1
23738,1
23739,0
23740,0
23741,6
23742,4
23743,6
23744,6
23745,2
23746,5
23747,0
23748,6
23749,7
23750,6
23751,1
23752,1
23753,6
23754,1
23755,0
23756,0
23757,1
23758,1
23759,1
23760,2
23761,0
23762,0
23763,3
23764,3
23765,1
23766,3
23767,0
23768,5
23769,7
23770,1
23771,1
23772,0
23773,5
23774,7
23775,6
23776,0
23777,0
23778,0
23779,0
23780,6
23781,6
23782,1
23783,3
23784,2
23785,7
23786,0
23787,4
23788,0
23789,5
23790,1
23791,3
23792,1
23793,0
23794,4
23795,2
23796,6
23797,3
23798,0
23799,1
23800,0
23801,8
23802,1
23803,2
23804,3
23805,0
23806,5
23807,1
23808,1
23809,1
23810,5
23811,3
23812,0
23813,0
23814,1
23815,0
23816,0
23817,5
23818,0
23819,0
23820,1
23821,0
23822,1
23823,7
23824,2
23825,3
23826,2
23827,4
23828,3
23829,0
23830,0
23831,6
23832,2
23833,3
23834,3
23835,0
23836,3
23837,0
23838,0
23839,1
23840,1
23841,1
23842,1
23843,0
23844,3
23845,1
23846,0
23847,6
23848,0
23849,1
23850,2
23851,1
23852,2
23853,2
23854,6
23855,0
23856,3
23857,0
23858,0
23859,3
23860,3
23861,2
23862,3
23863,1
23864,3
23865,6
23866,3
23867,7
23868,8
23869,0
23870,1
23871,0
23872,1
23873,3
23874,6
23875,3
23876,1
23877,1
23878,0
23879,6
23880,1
23881,6
23882,0
23883,1
23884,7
23885,3
23886,2
23887,1
23888,1
23889,6
23890,0
23891,7
23892,2
23893,3
23894,0
23895,3
23896,7
23897,0
23898,4
23899,3
23900,6
23901,2
23902,0
23903,5
23904,1
23905,0
23906,1
23907,3
23908,0
23909,4
23910,0
23911,0
23912,5
23913,7
23914,1
23915,1
23916,1
23917,1
23918,0
23919,3
23920,1
23921,1
23922,1
23923,1
23924,3
23925,1
23926,0
23927,0
23928,1
23929,2
23930,2
23931,1
23932,4
23933,0
23934,7
23935,0
23936,7
23937,3
23938,2
23939,0
23940,2
23941,7
23942,1
23943,1
23944,3
23945,1
23946,3
23947,2
23948,2
23949,1
23950,1
23951,0
23952,6
23953,0
23954,1
23955,4
23956,7
23957,3
23958,1
23959,6
23960,0
23961,4
23962,3
23963,1
23964,2
23965,6
23966,0
23967,1
23968,6
23969,1
23970,1
23971,5
23972,0
23973,7
23974,1
23975,0
23976,0
23977,5
23978,6
23979,1
23980,3
23981,2
23982,6
23983,0
23984,0
23985,3
23986,0
23987,0
23988,7
23989,3
23990,0
23991,5
23992,3
23993,6
23994,1
23995,4
23996,6
23997,1
23998,1
23999,4
24000,3
24001,3
24002,3
24003,0
24004,1
24005,3
24006,0
24007,7
24008,4
24009,1
24010,6
24011,1
24012,0
24013,2
24014,6
24015,2
24016,3
24017,0
24018,2
24019,0
24020,0
24021,0
24022,1
24023,6
24024,0
24025,2
24026,0
24027,4
24028,2
24029,0
24030,2
24031,2
24032,2
24033,0
24034,0
24035,0
24036,4
24037,3
24038,0
24039,0
24040,0
24041,1
24042,2
24043,1
24044,1
24045,3
24046,1
24047,3
24048,5
24049,5
24050,0
24051,2
24052,0
24053,0
24054,7
24055,0
24056,1
24057,4
24058,0
24059,3
24060,3
24061,7
24062,5
24063,0
24064,0
24065,3
24066,0
24067,8
24068,6
24069,1
24070,0
24071,2
24072,3
24073,1
24074,1
24075,6
24076,1
24077,0
24078,0
24079,1
24080,1
24081,0
24082,2
24083,1
24084,1
24085,1
24086,2
24087,0
24088,0
24089,3
24090,4
24091,1
24092,0
24093,0
24094,7
24095,1
24096,1
24097,1
24098,0
24099,1
24100,1
24101,0
24102,0
24103,0
24104,1
24105,0
24106,0
24107,0
24108,6
24109,3
24110,7
24111,1
24112,0
24113,1
24114,7
24115,0
24116,6
24117,6
24118,3
24119,5
24120,0
24121,6
24122,3
24123,0
24124,0
24125,0
24126,0
24127,1
24128,1
24129,2
24130,3
24131,3
24132,5
24133,0
24134,2
24135,0
24136,5
24137,5
24138,0
24139,2
24140,0
24141,3
24142,2
24143,5
24144,4
24145,2
24146,1
24147,6
24148,6
24149,1
24150,1
24151,0
24152,1
24153,2
24154,0
24155,3
24156,0
24157,4
24158,0
24159,1
24160,1
24161,0
24162,6
24163,0
24164,6
24165,3
24166,2
24167,1
24168,2
24169,0
24170,3
24171,4
24172,1
24173,3
24174,1
24175,5
24176,0
24177,7
24178,0
24179,8
24180,0
24181,5
24182,1
24183,3
24184,1
24185,0
24186,6
24187,1
24188,1
24189,1
24190,5
24191,1
24192,2
24193,6
24194,8
24195,0
24196,2
24197,3
24198,2
24199,7
24200,6
24201,0
24202,3
24203,3
24204,0
24205,2
24206,5
24207,1
24208,8
24209,6
24210,2
24211,1
24212,2
24213,2
24214,5
24215,2
24216,4
24217,0
24218,1
24219,0
24220,2
24221,5
24222,0
24223,3
24224,4
24225,3
24226,2
24227,0
24228,3
24229,0
24230,1
24231,3
24232,5
24233,0
24234,6
24235,3
24236,5
24237,1
24238,0
24239,0
24240,1
24241,0
24242,0
24243,3
24244,1
24245,0
24246,0
24247,3
24248,4
24249,6
24250,3
24251,2
24252,1
24253,1
24254,5
24255,2
24256,1
24257,3
24258,6
24259,2
24260,0
24261,1
24262,0
24263,3
24264,6
24265,6
24266,1
24267,0
24268,6
24269,4
24270,2
24271,1
24272,2
24273,3
24274,1
24275,1
24276,1
24277,4
24278,0
24279,0
24280,1
24281,8
24282,0
24283,0
24284,1
24285,0
24286,7
24287,6
24288,7
24289,4
24290,0
24291,3
24292,2
24293,0
24294,6
24295,2
24296,6
24297,4
24298,2
24299,3
24300,1
24301,0
24302,0
24303,3
24304,1
24305,0
24306,1
24307,0
24308,0
24309,0
24310,1
24311,1
24312,0
24313,0
24314,5
24315,2
24316,3
24317,0
24318,4
24319,2
24320,2
24321,0
24322,0
24323,7
24324,7
24325,6
24326,0
24327,1
24328,7
24329,3
24330,5
24331,0
24332,0
24333,7
24334,3
24335,6
24336,2
24337,2
24338,3
24339,0
24340,1
24341,6
24342,1
24343,0
24344,0
24345,0
24346,3
24347,1
24348,0
24349,0
24350,3
24351,3
24352,1
24353,1
24354,7
24355,7
24356,0
24357,7
24358,3
24359,0
24360,3
24361,3
24362,0
24363,0
24364,0
24365,0
24366,5
24367,1
24368,3
24369,0
24370,1
24371,1
24372,0
24373,1
24374,7
24375,6
24376,3
24377,3
24378,2
24379,0
24380,3
24381,7
24382,5
24383,0
24384,1
24385,1
24386,0
24387,8
24388,1
24389,1
24390,7
24391,1
24392,0
24393,0
24394,0
24395,6
24396,1
24397,6
24398,0
24399,1
24400,0
24401,5
24402,3
24403,0
24404,1
24405,0
24406,1
24407,0
24408,1
24409,0
24410,3
24411,3
24412,7
24413,3
24414,2
24415,1
24416,0
24417,0
24418,2
24419,1
24420,0
24421,0
24422,0
24423,1
24424,0
24425,6
24426,1
24427,0
24428,5
24429,0
24430,2
24431,0
24432,1
24433,1
24434,1
24435,3
24436,0
24437,0
24438,0
24439,1
24440,1
24441,1
24442,0
24443,5
24444,7
24445,0
24446,0
24447,3
24448,0
24449,3
24450,3
24451,0
24452,3
24453,5
24454,3
24455,2
24456,5
24457,1
24458,1
24459,5
24460,6
24461,0
24462,1
24463,0
24464,7
24465,1
24466,0
24467,0
24468,1
24469,7
24470,1
24471,0
24472,1
24473,2
24474,0
24475,5
24476,2
24477,0
24478,2
24479,0
24480,3
24481,0
24482,2
24483,0
24484,6
24485,0
24486,0
24487,0
24488,0
24489,6
24490,1
24491,3
24492,1
24493,1
24494,5
24495,3
24496,0
24497,3
24498,1
24499,1
24500,0
24501,1
24502,2
24503,0
24504,6
24505,0
24506,0
24507,4
24508,1
24509,4
24510,0
24511,1
24512,7
24513,0
24514,0
24515,0
24516,0
24517,0
24518,1
24519,3
24520,1
24521,1
24522,1
24523,1
24524,3
24525,3
24526,0
24527,2
24528,0
24529,1
24530,3
24531,0
24532,1
24533,1
24534,0
24535,6
24536,5
24537,1
24538,0
24539,7
24540,2
24541,0
24542,5
24543,1
24544,6
24545,1
24546,0
24547,0
24548,1
24549,0
24550,0
24551,1
24552,0
24553,0
24554,4
24555,5
24556,3
24557,0
24558,5
24559,2
24560,0
24561,3
24562,6
24563,5
24564,0
24565,5
24566,0
24567,3
24568,3
24569,1
24570,2
24571,1
24572,1
24573,1
24574,4
24575,6
24576,1
24577,7
24578,0
24579,0
24580,6
24581,0
24582,0
24583,3
24584,5
24585,2
24586,0
24587,6
24588,1
24589,1
24590,2
24591,2
24592,5
24593,3
24594,0
24595,0
24596,3
24597,1
24598,2
24599,2
24600,5
24601,1
24602,2
24603,2
24604,3
24605,5
24606,6
24607,0
24608,4
24609,3
24610,3
24611,1
24612,4
24613,1
24614,1
24615,0
24616,1
24617,1
24618,3
24619,3
24620,0
24621,4
24622,5
24623,0
24624,0
24625,1
24626,1
24627,0
24628,2
24629,1
24630,1
24631,0
24632,0
24633,1
24634,2
24635,0
24636,5
24637,5
24638,2
24639,1
24640,6
24641,1
24642,1
24643,1
24644,7
24645,0
24646,6
24647,1
24648,0
24649,1
24650,0
24651,3
24652,0
24653,1
24654,3
24655,0
24656,0
24657,5
24658,2
24659,0
24660,0
24661,0
24662,3
24663,1
24664,0
24665,8
24666,7
24667,5
24668,2
24669,3
24670,3
24671,3
24672,7
24673,0
24674,2
24675,6
24676,1
24677,6
24678,0
24679,1
24680,0
24681,7
24682,0
24683,1
24684,0
24685,0
24686,4
24687,4
24688,6
24689,1
24690,1
24691,3
24692,0
24693,6
24694,2
24695,3
24696,2
24697,0
24698,2
24699,0
24700,1
24701,1
24702,0
24703,2
24704,0
24705,1
24706,0
24707,0
24708,0
24709,0
24710,2
24711,1
24712,3
24713,0
24714,7
24715,1
24716,5
24717,3
24718,0
24719,7
24720,0
24721,7
24722,1
24723,3
24724,0
24725,5
24726,0
24727,1
24728,3
24729,0
24730,0
24731,1
24732,2
24733,0
24734,1
24735,1
24736,0
24737,0
24738,2
24739,2
24740,1
24741,6
24742,0
24743,1
24744,1
24745,1
24746,0
24747,0
24748,1
24749,1
24750,1
24751,2
24752,1
24753,0
24754,6
24755,3
24756,3
24757,2
24758,1
24759,7
24760,1
24761,1
24762,2
24763,0
24764,0
24765,0
24766,3
24767,2
24768,5
24769,0
24770,0
24771,6
24772,5
24773,3
24774,4
24775,0
24776,1
24777,2
24778,2
24779,0
24780,3
24781,3
24782,0
24783,1
24784,0
24785,0
24786,7
24787,5
24788,1
24789,1
24790,0
24791,1
24792,0
24793,1
24794,0
24795,0
24796,2
24797,1
24798,0
24799,5
24800,1
24801,1
24802,3
24803,0
24804,6
24805,1
24806,6
24807,0
24808,1
24809,2
24810,0
24811,1
24812,5
24813,0
24814,4
24815,1
24816,3
24817,2
24818,0
24819,0
24820,5
24821,1
24822,3
24823,3
24824,4
24825,6
24826,1
24827,2
24828,3
24829,1
24830,0
24831,5
24832,0
24833,1
24834,0
24835,3
24836,3
24837,2
24838,4
24839,3
24840,1
24841,0
24842,6
24843,0
24844,1
24845,1
24846,6
24847,1
24848,1
24849,2
24850,4
24851,0
24852,0
24853,3
24854,1
24855,1
24856,3
24857,5
24858,1
24859,4
24860,1
24861,0
24862,2
24863,0
24864,0
24865,5
24866,0
24867,0
24868,0
24869,0
24870,0
24871,0
24872,0
24873,7
24874,0
24875,3
24876,0
24877,0
24878,3
24879,0
24880,0
24881,0
24882,1
24883,1
24884,0
24885,0
24886,7
24887,5
24888,3
24889,1
24890,0
24891,5
24892,0
24893,0
24894,5
24895,1
24896,8
24897,2
24898,7
24899,0
24900,1
24901,6
24902,0
24903,4
24904,0
24905,5
24906,0
24907,0
24908,0
24909,1
24910,0
24911,2
24912,3
24913,2
24914,1
24915,7
24916,0
24917,0
24918,2
24919,1
24920,1
24921,1
24922,0
24923,7
24924,6
24925,6
24926,2
24927,6
24928,2
24929,2
24930,0
24931,2
24932,6
24933,3
24934,3
24935,0
24936,1
24937,1
24938,1
24939,0
24940,5
24941,3
24942,5
24943,8
24944,1
24945,6
24946,0
24947,6
24948,1
24949,3
24950,4
24951,7
24952,2
24953,3
24954,5
24955,3
24956,2
24957,3
24958,1
24959,8
24960,1
24961,3
24962,0
24963,3
24964,1
24965,3
24966,0
24967,2
24968,0
24969,0
24970,6
24971,3
24972,0
24973,1
24974,1
24975,6
24976,0
24977,4
24978,0
24979,1
24980,0
24981,1
24982,1
24983,0
24984,5
24985,7
24986,1
24987,2
24988,0
24989,0
24990,0
24991,4
24992,0
24993,0
24994,1
24995,1
24996,0
24997,3
24998,0
24999,0
25000,3
25001,1
25002,0
25003,1
25004,0
25005,3
25006,1
25007,7
25008,2
25009,6
25010,1
25011,4
25012,1
25013,1
25014,1
25015,1
25016,0
25017,1
25018,3
25019,1
25020,3
25021,6
25022,4
25023,4
25024,0
25025,6
25026,0
25027,0
25028,0
25029,7
25030,6
25031,0
25032,3
25033,0
25034,0
25035,0
25036,7
25037,1
25038,0
25039,6
25040,2
25041,3
25042,1
25043,6
25044,2
25045,5
25046,0
25047,3
25048,3
25049,1
25050,3
25051,0
25052,0
25053,0
25054,0
25055,0
25056,1
25057,0
25058,3
25059,3
25060,1
25061,1
25062,6
25063,1
25064,3
25065,5
25066,0
25067,6
25068,0
25069,0
25070,0
25071,1
25072,0
25073,0
25074,4
25075,0
25076,3
25077,6
25078,3
25079,1
25080,5
25081,1
25082,5
25083,5
25084,7
25085,5
25086,2
25087,3
25088,0
25089,0
25090,5
25091,1
25092,1
25093,7
25094,0
25095,3
25096,0
25097,0
25098,0
25099,0
25100,3
25101,3
25102,0
25103,1
25104,2
25105,1
25106,1
25107,4
25108,0
25109,6
25110,1
25111,2
25112,2
25113,2
25114,1
25115,8
25116,3
25117,0
25118,3
25119,4
25120,0
25121,4
25122,0
25123,1
25124,3
25125,5
25126,6
25127,7
25128,2
25129,3
25130,7
25131,0
25132,4
25133,2
25134,3
25135,0
25136,4
25137,0
25138,0
25139,3
25140,6
25141,0
25142,0
25143,1
25144,0
25145,8
25146,6
25147,0
25148,0
25149,8
25150,1
25151,0
25152,1
25153,0
25154,0
25155,0
25156,0
25157,0
25158,6
25159,0
25160,7
25161,1
25162,1
25163,1
25164,7
25165,0
25166,2
25167,0
25168,3
25169,2
25170,7
25171,7
25172,0
25173,1
25174,3
25175,1
25176,5
25177,0
25178,3
25179,0
25180,3
25181,1
25182,3
25183,0
25184,0
25185,2
25186,0
25187,3
25188,0
25189,7
25190,7
25191,3
25192,0
25193,5
25194,2
25195,3
25196,0
25197,0
25198,3
25199,4
25200,6
25201,8
25202,0
25203,7
25204,3
25205,1
25206,6
25207,2
25208,0
25209,7
25210,1
25211,1
25212,0
25213,1
25214,7
25215,3
25216,0
25217,1
25218,0
25219,1
25220,2
25221,3
25222,3
25223,0
25224,8
25225,6
25226,4
25227,3
25228,3
25229,3
25230,1
25231,0
25232,1
25233,1
25234,1
25235,6
25236,0
25237,0
25238,7
25239,2
25240,6
25241,6
25242,5
25243,6
25244,3
25245,0
25246,0
25247,3
25248,0
25249,0
25250,3
25251,1
25252,0
25253,0
25254,0
25255,7
25256,6
25257,1
25258,1
25259,0
25260,1
25261,1
25262,0
25263,0
25264,5
25265,3
25266,1
25267,1
25268,0
25269,1
25270,0
25271,7
25272,3
25273,2
25274,2
25275,4
25276,0
25277,7
25278,0
25279,3
25280,1
25281,2
25282,1
25283,0
25284,1
25285,3
25286,3
25287,0
25288,1
25289,5
25290,0
25291,4
25292,1
25293,1
25294,3
25295,1
25296,3
25297,8
25298,3
25299,0
25300,0
25301,5
25302,0
25303,0
25304,1
25305,2
25306,1
25307,0
25308,0
25309,1
25310,2
25311,5
25312,0
25313,0
25314,1
25315,7
25316,0
25317,1
25318,1
25319,6
25320,0
25321,5
25322,1
25323,0
25324,1
25325,2
25326,3
25327,2
25328,7
25329,1
25330,0
25331,0
25332,0
25333,5
25334,6
25335,0
25336,4
25337,3
25338,1
25339,1
25340,1
25341,0
25342,1
25343,1
25344,0
25345,1
25346,8
25347,3
25348,6
25349,3
25350,1
25351,2
25352,0
25353,1
25354,2
25355,0
25356,3
25357,0
25358,1
25359,5
25360,6
25361,7
25362,5
25363,0
25364,2
25365,1
25366,0
25367,0
25368,0
25369,0
25370,0
25371,0
25372,0
25373,0
25374,7
25375,0
25376,0
25377,2
25378,0
25379,0
25380,6
25381,6
25382,1
25383,1
25384,3
25385,2
25386,3
25387,0
25388,1
25389,2
25390,1
25391,7
25392,1
25393,2
25394,1
25395,8
25396,6
25397,6
25398,0
25399,6
25400,0
25401,0
25402,3
25403,6
25404,3
25405,2
25406,0
25407,1
25408,1
25409,0
25410,6
25411,0
25412,0
25413,7
25414,2
25415,6
25416,1
25417,0
25418,2
25419,3
25420,0
25421,7
25422,7
25423,3
25424,3
25425,0
25426,1
25427,0
25428,1
25429,1
25430,0
25431,7
25432,3
25433,0
25434,1
25435,1
25436,3
25437,0
25438,1
25439,3
25440,1
25441,0
25442,6
25443,1
25444,3
25445,1
25446,0
25447,2
25448,0
25449,3
25450,0
25451,6
25452,5
25453,2
25454,5
25455,0
25456,3
25457,2
25458,0
25459,0
25460,3
25461,7
25462,1
25463,0
25464,2
25465,1
25466,2
25467,2
25468,1
25469,3
25470,3
25471,0
25472,1
25473,1
25474,1
25475,1
25476,6
25477,1
25478,5
25479,3
25480,4
25481,3
25482,2
25483,1
25484,7
25485,5
25486,0
25487,1
25488,1
25489,3
25490,6
25491,5
25492,7
25493,1
25494,1
25495,1
25496,3
25497,0
25498,1
25499,0
25500,4
25501,1
25502,0
25503,0
25504,7
25505,2
25506,7
25507,2
25508,7
25509,3
25510,3
25511,0
25512,1
25513,1
25514,1
25515,0
25516,0
25517,5
25518,6
25519,1
25520,1
25521,0
25522,7
25523,0
25524,3
25525,0
25526,4
25527,5
25528,0
25529,6
25530,2
25531,0
25532,1
25533,1
25534,0
25535,0
25536,3
25537,3
25538,0
25539,0
25540,3
25541,2
25542,1
25543,0
25544,2
25545,0
25546,6
25547,0
25548,0
25549,6
25550,2
25551,1
25552,0
25553,0
25554,0
25555,0
25556,1
25557,3
25558,3
25559,0
25560,3
25561,1
25562,0
25563,2
25564,5
25565,4
25566,3
25567,1
25568,0
25569,0
25570,0
25571,1
25572,6
25573,2
25574,2
25575,7
25576,1
25577,1
25578,0
25579,6
25580,3
25581,0
25582,0
25583,6
25584,6
25585,3
25586,2
25587,1
25588,1
25589,1
25590,3
25591,0
25592,2
25593,7
25594,0
25595,1
25596,0
25597,3
25598,0
25599,1
25600,6
25601,3
25602,0
25603,5
25604,3
25605,6
25606,7
25607,3
25608,1
25609,3
25610,7
25611,5
25612,0
25613,1
25614,5
25615,0
25616,1
25617,0
25618,0
25619,0
25620,7
25621,1
25622,1
25623,0
25624,7
25625,0
25626,1
25627,7
25628,6
25629,0
25630,0
25631,0
25632,0
25633,0
25634,2
25635,1
25636,1
25637,3
25638,1
25639,8
25640,3
25641,2
25642,0
25643,2
25644,0
25645,0
25646,3
25647,2
25648,0
25649,0
25650,0
25651,0
25652,1
25653,0
25654,0
25655,1
25656,6
25657,7
25658,1
25659,1
25660,0
25661,0
25662,3
25663,7
25664,7
25665,0
25666,6
25667,6
25668,3
25669,0
25670,1
25671,2
25672,0
25673,1
25674,5
25675,6
25676,1
25677,6
25678,1
25679,1
25680,1
25681,0
25682,0
25683,6
25684,8
25685,3
25686,0
25687,2
25688,0
25689,5
25690,0
25691,1
25692,7
25693,3
25694,3
25695,0
25696,3
25697,1
25698,0
25699,5
25700,3
25701,2
25702,1
25703,0
25704,2
25705,6
25706,5
25707,2
25708,0
25709,1
25710,1
25711,0
25712,1
25713,0
25714,0
25715,1
25716,0
25717,7
25718,0
25719,1
25720,3
25721,1
25722,6
25723,2
25724,0
25725,1
25726,4
25727,7
25728,6
25729,0
25730,1
25731,6
25732,3
25733,0
25734,5
25735,1
25736,7
25737,1
25738,0
25739,1
25740,0
25741,0
25742,1
25743,0
25744,0
25745,3
25746,2
25747,0
25748,3
25749,7
25750,5
25751,0
25752,0
25753,3
25754,7
25755,1
25756,0
25757,0
25758,1
25759,0
25760,3
25761,3
25762,6
25763,1
25764,6
25765,2
25766,0
25767,1
25768,1
25769,1
25770,1
25771,7
25772,7
25773,0
25774,0
25775,2
25776,3
25777,5
25778,5
25779,1
25780,5
25781,7
25782,1
25783,0
25784,1
25785,0
25786,0
25787,0
25788,4
25789,0
25790,5
25791,0
25792,0
25793,0
25794,1
25795,1
25796,1
25797,1
25798,2
25799,0
25800,3
25801,4
25802,0
25803,2
25804,5
25805,2
25806,2
25807,2
25808,2
25809,6
25810,0
25811,0
25812,6
25813,6
25814,1
25815,3
25816,7
25817,1
25818,6
25819,2
25820,1
25821,5
25822,1
25823,7
25824,6
25825,1
25826,3
25827,0
25828,0
25829,6
25830,0
25831,4
25832,3
25833,5
25834,7
25835,7
25836,0
25837,1
25838,4
25839,3
25840,1
25841,7
25842,2
25843,6
25844,7
25845,3
25846,2
25847,5
25848,1
25849,0
25850,8
25851,1
25852,3
25853,0
25854,0
25855,6
25856,0
25857,7
25858,7
25859,8
25860,3
25861,7
25862,7
25863,3
25864,2
25865,8
25866,0
25867,1
25868,2
25869,7
25870,5
25871,5
25872,2
25873,0
25874,1
25875,1
25876,0
25877,7
25878,7
25879,0
25880,3
25881,7
25882,3
25883,7
25884,0
25885,3
25886,0
25887,0
25888,1
25889,1
25890,1
25891,2
25892,0
25893,2
25894,2
25895,1
25896,1
25897,3
25898,6
25899,5
25900,0
25901,2
25902,1
25903,0
25904,6
25905,6
25906,0
25907,0
25908,1
25909,2
25910,1
25911,0
25912,7
25913,1
25914,3
25915,0
25916,3
25917,0
25918,3
25919,2
25920,4
25921,3
25922,6
25923,5
25924,0
25925,3
25926,2
25927,2
25928,6
25929,2
25930,1
25931,0
25932,3
25933,0
25934,1
25935,1
25936,0
25937,6
25938,3
25939,5
25940,1
25941,0
25942,0
25943,0
25944,4
25945,3
25946,1
25947,0
25948,1
25949,5
25950,3
25951,2
25952,0
25953,2
25954,1
25955,3
25956,3
25957,3
25958,6
25959,6
25960,7
25961,1
25962,1
25963,0
25964,2
25965,2
25966,2
25967,2
25968,6
25969,1
25970,0
25971,0
25972,0
25973,3
25974,1
25975,0
25976,2
25977,3
25978,1
25979,0
25980,8
25981,0
25982,0
25983,1
25984,4
25985,6
25986,0
25987,0
25988,0
25989,3
25990,3
25991,0
25992,0
25993,1
25994,1
25995,0
25996,0
25997,1
25998,0
25999,4
26000,2
26001,1
26002,3
26003,2
26004,0
26005,0
26006,0
26007,0
26008,4
26009,1
26010,3
26011,5
26012,0
26013,3
26014,0
26015,0
26016,1
26017,3
26018,1
26019,0
26020,5
26021,5
26022,2
26023,7
26024,6
26025,7
26026,0
26027,4
26028,0
26029,0
26030,5
26031,1
26032,0
26033,1
26034,0
26035,3
26036,5
26037,0
26038,1
26039,6
26040,2
26041,1
26042,7
26043,0
26044,0
26045,1
26046,2
26047,1
26048,1
26049,4
26050,1
26051,0
26052,2
26053,2
26054,1
26055,1
26056,7
26057,0
26058,1
26059,1
26060,1
26061,3
26062,6
26063,2
26064,1
26065,0
26066,3
26067,1
26068,0
26069,7
26070,1
26071,1
26072,5
26073,3
26074,7
26075,7
26076,3
26077,5
26078,0
26079,0
26080,0
26081,7
26082,3
26083,0
26084,4
26085,1
26086,2
26087,0
26088,0
26089,1
26090,3
26091,2
26092,0
26093,5
26094,5
26095,1
26096,0
26097,6
26098,1
26099,1
26100,3
26101,3
26102,0
26103,0
26104,4
26105,6
26106,0
26107,0
26108,7
26109,0
26110,7
26111,6
26112,3
26113,2
26114,0
26115,1
26116,4
26117,2
26118,2
26119,3
26120,1
26121,0
26122,0
26123,2
26124,0
26125,1
26126,0
26127,0
26128,0
26129,1
26130,2
26131,7
26132,3
26133,0
26134,7
26135,0
26136,0
26137,3
26138,3
26139,4
26140,5
26141,2
26142,1
26143,0
26144,0
26145,5
26146,8
26147,7
26148,3
26149,0
26150,1
26151,0
26152,0
26153,0
26154,0
26155,0
26156,0
26157,1
26158,4
26159,2
26160,3
26161,6
26162,5
26163,1
26164,5
26165,5
26166,0
26167,0
26168,3
26169,7
26170,1
26171,4
26172,3
26173,0
26174,0
26175,3
26176,4
26177,0
26178,3
26179,7
26180,1
26181,0
26182,1
26183,0
26184,2
26185,6
26186,0
26187,0
26188,3
26189,1
26190,3
26191,3
26192,3
26193,0
26194,6
26195,3
26196,0
26197,3
26198,0
26199,0
26200,0
26201,0
26202,1
26203,7
26204,4
26205,3
26206,1
26207,3
26208,1
26209,0
26210,7
26211,0
26212,0
26213,2
26214,0
26215,3
26216,0
26217,4
26218,2
26219,6
26220,0
26221,0
26222,3
26223,7
26224,1
26225,3
26226,2
26227,0
26228,3
26229,1
26230,0
26231,3
26232,1
26233,0
26234,0
26235,3
26236,7
26237,1
26238,2
26239,2
26240,3
26241,0
26242,5
26243,6
26244,3
26245,0
26246,6
26247,1
26248,0
26249,0
26250,3
26251,3
26252,2
26253,0
26254,1
26255,0
26256,3
26257,1
26258,1
26259,1
26260,3
26261,0
26262,0
26263,1
26264,0
26265,0
26266,0
26267,6
26268,3
26269,3
26270,2
26271,0
26272,0
26273,1
26274,0
26275,0
26276,1
26277,7
26278,1
26279,0
26280,3
26281,3
26282,2
26283,1
26284,1
26285,0
26286,1
26287,7
26288,1
26289,2
26290,3
26291,1
26292,3
26293,1
26294,1
26295,1
26296,4
26297,0
26298,4
26299,0
26300,1
26301,2
26302,3
26303,0
26304,2
26305,4
26306,1
26307,3
26308,0
26309,5
26310,0
26311,3
26312,1
26313,0
26314,3
26315,5
26316,0
26317,1
26318,7
26319,0
26320,0
26321,4
26322,1
26323,0
26324,1
26325,1
26326,3
26327,5
26328,4
26329,0
26330,5
26331,1
26332,1
26333,1
26334,0
26335,0
26336,0
26337,0
26338,0
26339,0
26340,0
26341,0
26342,4
26343,0
26344,6
26345,3
26346,0
26347,5
26348,1
26349,3
26350,0
26351,0
26352,0
26353,6
26354,0
26355,5
26356,5
26357,1
26358,2
26359,0
26360,5
26361,7
26362,1
26363,6
26364,0
26365,1
26366,7
26367,3
26368,3
26369,3
26370,7
26371,1
26372,1
26373,0
26374,0
26375,0
26376,7
26377,0
26378,5
26379,1
26380,1
26381,1
26382,5
26383,0
26384,6
26385,1
26386,3
26387,0
26388,1
26389,8
26390,6
26391,1
26392,2
26393,1
26394,3
26395,2
26396,0
26397,1
26398,1
26399,7
26400,0
26401,1
26402,3
26403,0
26404,0
26405,1
26406,0
26407,6
26408,6
26409,1
26410,1
26411,0
26412,3
26413,7
26414,0
26415,0
26416,2
26417,1
26418,2
26419,1
26420,1
26421,1
26422,1
26423,1
26424,6
26425,0
26426,1
26427,4
26428,0
26429,1
26430,1
26431,3
26432,0
26433,0
26434,6
26435,0
26436,0
26437,0
26438,3
26439,1
26440,2
26441,6
26442,2
26443,1
26444,0
26445,1
26446,6
26447,2
26448,1
26449,1
26450,6
26451,3
26452,3
26453,0
26454,2
26455,1
26456,1
26457,1
26458,5
26459,1
26460,6
26461,0
26462,8
26463,0
26464,1
26465,6
26466,4
26467,2
26468,5
26469,7
26470,0
26471,2
26472,2
26473,0
26474,2
26475,4
26476,0
26477,0
26478,3
26479,0
26480,2
26481,1
26482,7
26483,0
26484,2
26485,0
26486,2
26487,3
26488,3
26489,1
26490,0
26491,1
26492,5
26493,1
26494,1
26495,4
26496,0
26497,0
26498,0
26499,3
26500,4
26501,0
26502,1
26503,2
26504,0
26505,3
26506,1
26507,7
26508,1
26509,0
26510,1
26511,0
26512,1
26513,6
26514,1
26515,4
26516,6
26517,3
26518,2
26519,2
26520,2
26521,5
26522,0
26523,0
26524,6
26525,0
26526,1
26527,7
26528,1
26529,5
26530,3
26531,0
26532,0
26533,6
26534,0
26535,0
26536,3
26537,3
26538,4
26539,0
26540,0
26541,5
26542,6
26543,1
26544,2
26545,0
26546,0
26547,8
26548,4
26549,1
26550,0
26551,0
26552,6
26553,6
26554,6
26555,0
26556,1
26557,3
26558,1
26559,1
26560,3
26561,1
26562,3
26563,3
26564,3
26565,0
26566,4
26567,3
26568,3
26569,1
26570,0
26571,3
26572,1
26573,0
26574,1
26575,0
26576,1
26577,3
26578,3
26579,2
26580,0
26581,1
26582,0
26583,1
26584,5
26585,3
26586,0
26587,4
26588,1
26589,7
26590,2
26591,3
26592,3
26593,1
26594,0
26595,0
26596,3
26597,0
26598,3
26599,3
26600,3
26601,2
26602,6
26603,1
26604,0
26605,1
26606,7
26607,0
26608,1
26609,3
26610,1
26611,0
26612,0
26613,3
26614,1
26615,0
26616,4
26617,2
26618,0
26619,1
26620,4
26621,5
26622,1
26623,2
26624,1
26625,0
26626,6
26627,0
26628,1
26629,3
26630,1
26631,0
26632,1
26633,2
26634,0
26635,2
26636,3
26637,6
26638,1
26639,5
26640,6
26641,6
26642,3
26643,1
26644,1
26645,3
26646,7
26647,0
26648,1
26649,1
26650,0
26651,5
26652,1
26653,0
26654,1
26655,5
26656,1
26657,1
26658,0
26659,5
26660,0
26661,0
26662,6
26663,2
26664,1
26665,1
26666,6
26667,1
26668,1
26669,0
26670,2
26671,7
26672,1
26673,6
26674,6
26675,0
26676,0
26677,0
26678,1
26679,1
26680,3
26681,0
26682,0
26683,1
26684,3
26685,0
26686,1
26687,2
26688,6
26689,3
26690,6
26691,0
26692,1
26693,0
26694,2
26695,3
26696,0
26697,8
26698,1
26699,4
26700,5
26701,3
26702,0
26703,0
26704,3
26705,3
26706,3
26707,0
26708,0
26709,6
26710,3
26711,0
26712,0
26713,2
26714,0
26715,0
26716,1
26717,6
26718,7
26719,1
26720,6
26721,0
26722,0
26723,0
26724,6
26725,2
26726,0
26727,1
26728,1
26729,1
26730,7
26731,3
26732,0
26733,0
26734,5
26735,7
26736,0
26737,7
26738,0
26739,2
26740,1
26741,1
26742,5
26743,1
26744,0
26745,1
26746,5
26747,2
26748,0
26749,0
26750,1
26751,1
26752,3
26753,5
26754,0
26755,0
26756,6
26757,0
26758,1
26759,3
26760,7
26761,2
26762,6
26763,0
26764,1
26765,3
26766,0
26767,1
26768,0
26769,3
26770,0
26771,0
26772,4
26773,3
26774,0
26775,2
26776,3
26777,1
26778,0
26779,6
26780,1
26781,0
26782,1
26783,0
26784,4
26785,1
26786,1
26787,0
26788,3
26789,1
26790,1
26791,1
26792,0
26793,0
26794,6
26795,1
26796,2
26797,0
26798,1
26799,3
26800,0
26801,0
26802,2
26803,0
26804,1
26805,3
26806,1
26807,0
26808,2
26809,1
26810,6
26811,3
26812,0
26813,5
26814,7
26815,3
26816,0
26817,3
26818,1
26819,1
26820,0
26821,4
26822,2
26823,1
26824,2
26825,5
26826,0
26827,0
26828,0
26829,2
26830,3
26831,1
26832,7
26833,1
26834,0
26835,0
26836,4
26837,1
26838,1
26839,0
26840,0
26841,2
26842,0
26843,1
26844,6
26845,0
26846,0
26847,3
26848,7
26849,0
26850,1
26851,1
26852,1
26853,8
26854,5
26855,1
26856,0
26857,0
26858,3
26859,9
26860,1
26861,7
26862,2
26863,2
26864,2
26865,3
26866,0
26867,3
26868,0
26869,0
26870,2
26871,3
26872,6
26873,0
26874,0
26875,2
26876,2
26877,0
26878,1
26879,1
26880,1
26881,0
26882,3
26883,0
26884,1
26885,1
26886,7
26887,8
26888,0
26889,1
26890,0
26891,1
26892,3
26893,1
26894,6
26895,6
26896,6
26897,0
26898,2
26899,2
26900,0
26901,3
26902,7
26903,4
26904,0
26905,0
26906,0
26907,2
26908,1
26909,3
26910,1
26911,2
26912,6
26913,2
26914,6
26915,0
26916,3
26917,1
26918,1
26919,1
26920,0
26921,2
26922,1
26923,3
26924,3
26925,1
26926,6
26927,0
26928,7
26929,4
26930,1
26931,3
26932,0
26933,1
26934,1
26935,4
26936,3
26937,0
26938,1
26939,0
26940,7
26941,6
26942,0
26943,8
26944,0
26945,2
26946,1
26947,3
26948,1
26949,3
26950,0
26951,3
26952,1
26953,1
26954,7
26955,1
26956,2
26957,0
26958,0
26959,1
26960,4
26961,3
26962,0
26963,1
26964,4
26965,0
26966,1
26967,1
26968,2
26969,7
26970,8
26971,3
26972,2
26973,2
26974,0
26975,1
26976,7
26977,2
26978,2
26979,0
26980,7
26981,0
26982,1
26983,0
26984,1
26985,0
26986,1
26987,1
26988,1
26989,0
26990,5
26991,0
26992,0
26993,0
26994,0
26995,0
26996,3
26997,0
26998,0
26999,1
27000,0
27001,0
27002,0
27003,0
27004,2
27005,1
27006,0
27007,2
27008,2
27009,0
27010,6
27011,6
27012,4
27013,0
27014,3
27015,5
27016,3
27017,2
27018,0
27019,1
27020,1
27021,1
27022,0
27023,8
27024,0
27025,0
27026,2
27027,2
27028,1
27029,1
27030,0
27031,3
27032,1
27033,0
27034,1
27035,1
27036,0
27037,1
27038,1
27039,8
27040,0
27041,6
27042,0
27043,4
27044,2
27045,1
27046,0
27047,1
27048,1
27049,2
27050,0
27051,7
27052,0
27053,1
27054,2
27055,6
27056,1
27057,0
27058,0
27059,8
27060,0
27061,3
27062,2
27063,0
27064,0
27065,8
27066,1
27067,0
27068,0
27069,6
27070,7
27071,7
27072,0
27073,0
27074,1
27075,1
27076,2
27077,3
27078,1
27079,0
27080,0
27081,0
27082,1
27083,0
27084,7
27085,3
27086,0
27087,7
27088,3
27089,0
27090,5
27091,2
27092,7
27093,2
27094,1
27095,2
27096,0
27097,0
27098,6
27099,0
27100,1
27101,1
27102,0
27103,6
27104,7
27105,7
27106,6
27107,3
27108,4
27109,6
27110,2
27111,1
27112,4
27113,0
27114,3
27115,0
27116,0
27117,0
27118,3
27119,1
27120,0
27121,5
27122,2
27123,1
27124,4
27125,1
27126,0
27127,4
27128,3
27129,2
27130,2
27131,6
27132,0
27133,7
27134,6
27135,3
27136,5
27137,7
27138,2
27139,0
27140,6
27141,1
27142,4
27143,2
27144,6
27145,1
27146,0
27147,3
27148,8
27149,0
27150,6
27151,1
27152,1
27153,5
27154,0
27155,0
27156,0
27157,0
27158,1
27159,1
27160,5
27161,4
27162,1
27163,3
27164,2
27165,3
27166,3
27167,3
27168,0
27169,2
27170,3
27171,1
27172,0
27173,0
27174,0
27175,0
27176,3
27177,7
27178,0
27179,7
27180,1
27181,2
27182,1
27183,5
27184,3
27185,5
27186,4
27187,0
27188,1
27189,1
27190,1
27191,0
27192,1
27193,0
27194,0
27195,0
27196,1
27197,1
27198,0
27199,2
27200,5
27201,0
27202,0
27203,0
27204,0
27205,1
27206,0
27207,1
27208,1
27209,0
27210,0
27211,0
27212,2
27213,2
27214,0
27215,6
27216,1
27217,7
27218,1
27219,1
27220,0
27221,0
27222,1
27223,3
27224,3
27225,7
27226,2
27227,1
27228,0
27229,2
27230,3
27231,7
27232,0
27233,7
27234,0
27235,0
27236,4
27237,3
27238,2
27239,3
27240,4
27241,1
27242,5
27243,3
27244,1
27245,5
27246,1
27247,0
27248,3
27249,6
27250,0
27251,2
27252,0
27253,2
27254,4
27255,6
27256,6
27257,1
27258,6
27259,0
27260,1
27261,0
27262,0
27263,2
27264,0
27265,0
27266,0
27267,3
27268,4
27269,0
27270,0
27271,5
27272,1
27273,0
27274,7
27275,2
27276,0
27277,2
27278,7
27279,1
27280,0
27281,1
27282,0
27283,0
27284,0
27285,4
27286,7
27287,0
27288,0
27289,3
27290,2
27291,0
27292,0
27293,2
27294,1
27295,0
27296,0
27297,0
27298,3
27299,1
27300,3
27301,0
27302,1
27303,4
27304,0
27305,1
27306,1
27307,5
27308,1
27309,2
27310,6
27311,3
27312,1
27313,0
27314,0
27315,4
27316,3
27317,1
27318,2
27319,1
27320,0
27321,0
27322,2
27323,0
27324,1
27325,1
27326,0
27327,0
27328,4
27329,0
27330,4
27331,0
27332,0
27333,0
27334,0
27335,1
27336,1
27337,1
27338,1
27339,1
27340,1
27341,0
27342,3
27343,2
27344,3
27345,1
27346,2
27347,5
27348,2
27349,1
27350,7
27351,5
27352,2
27353,2
27354,0
27355,0
27356,0
27357,0
27358,3
27359,0
27360,1
27361,0
27362,7
27363,1
27364,3
27365,0
27366,6
27367,5
27368,0
27369,5
27370,0
27371,0
27372,1
27373,0
27374,2
27375,7
27376,1
27377,0
27378,0
27379,0
27380,0
27381,1
27382,2
27383,1
27384,2
27385,1
27386,5
27387,5
27388,2
27389,1
27390,7
27391,3
27392,0
27393,2
27394,3
27395,7
27396,1
27397,3
27398,7
27399,3
27400,1
27401,0
27402,7
27403,2
27404,5
27405,0
27406,0
27407,6
27408,2
27409,6
27410,7
27411,6
27412,1
27413,5
27414,1
27415,0
27416,6
27417,3
27418,7
27419,3
27420,0
27421,0
27422,6
27423,7
27424,3
27425,1
27426,0
27427,1
27428,0
27429,1
27430,2
27431,0
27432,5
27433,4
27434,2
27435,0
27436,1
27437,1
27438,1
27439,1
27440,1
27441,0
27442,0
27443,6
27444,3
27445,0
27446,1
27447,1
27448,6
27449,0
27450,1
27451,0
27452,3
27453,0
27454,0
27455,2
27456,0
27457,1
27458,3
27459,1
27460,0
27461,1
27462,1
27463,4
27464,3
27465,1
27466,0
27467,7
27468,1
27469,1
27470,2
27471,0
27472,0
27473,0
27474,3
27475,0
27476,0
27477,3
27478,2
27479,1
27480,5
27481,1
27482,1
27483,0
27484,0
27485,6
27486,8
27487,0
27488,1
27489,7
27490,1
27491,0
27492,1
27493,0
27494,1
27495,0
27496,1
27497,1
27498,1
27499,0
27500,7
27501,0
27502,0
27503,7
27504,1
27505,0
27506,1
27507,0
27508,2
27509,1
27510,4
27511,6
27512,1
27513,2
27514,4
27515,0
27516,0
27517,0
27518,0
27519,1
27520,2
27521,5
27522,3
27523,0
27524,5
27525,2
27526,3
27527,0
27528,4
27529,3
27530,0
27531,5
27532,6
27533,0
27534,2
27535,0
27536,1
27537,3
27538,1
27539,5
27540,1
27541,0
27542,1
27543,1
27544,1
27545,1
27546,1
27547,3
27548,3
27549,7
27550,0
27551,2
27552,1
27553,5
27554,6
27555,0
27556,0
27557,0
27558,6
27559,0
27560,0
27561,2
27562,4
27563,7
27564,5
27565,6
27566,2
27567,6
27568,1
27569,3
27570,0
27571,0
27572,3
27573,6
27574,2
27575,3
27576,6
27577,0
27578,2
27579,7
27580,3
27581,5
27582,1
27583,7
27584,0
27585,0
27586,7
27587,6
27588,2
27589,0
27590,3
27591,2
27592,0
27593,4
27594,0
27595,1
27596,0
27597,0
27598,4
27599,0
27600,5
27601,3
27602,0
27603,0
27604,1
27605,1
27606,0
27607,2
27608,8
27609,0
27610,1
27611,7
27612,3
27613,1
27614,0
27615,3
27616,1
27617,1
27618,1
27619,1
27620,1
27621,0
27622,1
27623,3
27624,0
27625,1
27626,1
27627,7
27628,1
27629,6
27630,0
27631,0
27632,0
27633,8
27634,7
27635,1
27636,3
27637,0
27638,0
27639,4
27640,0
27641,3
27642,6
27643,0
27644,1
27645,1
27646,1
27647,7
27648,1
27649,6
27650,2
27651,8
27652,1
27653,3
27654,0
27655,2
27656,9
27657,7
27658,5
27659,0
27660,0
27661,3
27662,3
27663,0
27664,3
27665,3
27666,6
27667,5
27668,2
27669,5
27670,1
27671,2
27672,0
27673,1
27674,2
27675,5
27676,2
27677,1
27678,0
27679,1
27680,0
27681,3
27682,2
27683,2
27684,1
27685,1
27686,1
27687,6
27688,2
27689,0
27690,1
27691,0
27692,0
27693,0
27694,0
27695,0
27696,1
27697,0
27698,3
27699,1
27700,2
27701,1
27702,0
27703,0
27704,1
27705,1
27706,1
27707,1
27708,5
27709,0
27710,2
27711,0
27712,6
27713,0
27714,0
27715,1
27716,0
27717,2
27718,3
27719,0
27720,0
27721,1
27722,6
27723,5
27724,1
27725,5
27726,3
27727,1
27728,0
27729,0
27730,2
27731,0
27732,1
27733,3
27734,0
27735,2
27736,1
27737,0
27738,0
27739,1
27740,4
27741,0
27742,4
27743,0
27744,1
27745,1
27746,3
27747,8
27748,1
27749,1
27750,3
27751,0
27752,0
27753,2
27754,6
27755,0
27756,4
27757,1
27758,1
27759,0
27760,4
27761,1
27762,4
27763,0
27764,7
27765,3
27766,2
27767,3
27768,0
27769,2
27770,0
27771,0
27772,6
27773,5
27774,2
27775,2
27776,7
27777,1
27778,2
27779,0
27780,6
27781,3
27782,1
27783,0
27784,3
27785,0
27786,4
27787,1
27788,6
27789,2
27790,4
27791,0
27792,0
27793,6
27794,2
27795,3
27796,1
27797,1
27798,6
27799,3
27800,0
27801,1
27802,5
27803,0
27804,1
27805,0
27806,3
27807,3
27808,0
27809,0
27810,2
27811,4
27812,7
27813,7
27814,1
27815,1
27816,0
27817,2
27818,7
27819,1
27820,3
27821,0
27822,1
27823,2
27824,0
27825,3
27826,3
27827,2
27828,6
27829,1
27830,0
27831,1
27832,0
27833,3
27834,0
27835,0
27836,1
27837,0
27838,6
27839,7
27840,1
27841,3
27842,0
27843,3
27844,0
27845,1
27846,5
27847,2
27848,0
27849,1
27850,0
27851,2
27852,0
27853,0
27854,1
27855,4
27856,7
27857,0
27858,0
27859,0
27860,0
27861,6
27862,2
27863,6
27864,0
27865,0
27866,1
27867,4
27868,1
27869,2
27870,0
27871,3
27872,5
27873,0
27874,2
27875,7
27876,2
27877,4
27878,6
27879,0
27880,6
27881,6
27882,1
27883,3
27884,6
27885,5
27886,0
27887,1
27888,0
27889,1
27890,1
27891,7
27892,0
27893,3
27894,1
27895,1
27896,0
27897,1
27898,0
27899,7
27900,0
27901,0
27902,4
27903,1
27904,2
27905,0
27906,5
27907,0
27908,0
27909,7
27910,0
27911,1
27912,2
27913,0
27914,4
27915,2
27916,0
27917,3
27918,6
27919,1
27920,0
27921,0
27922,3
27923,0
27924,0
27925,0
27926,4
27927,3
27928,5
27929,6
27930,1
27931,1
27932,0
27933,3
27934,7
27935,5
27936,0
27937,0
27938,1
27939,0
27940,3
27941,1
27942,7
27943,2
27944,1
27945,7
27946,0
27947,3
27948,2
27949,3
27950,4
27951,6
27952,3
27953,0
27954,1
27955,0
27956,6
27957,1
27958,1
27959,0
27960,7
27961,2
27962,3
27963,6
27964,7
27965,0
27966,0
27967,1
27968,2
27969,0
27970,1
27971,3
27972,1
27973,0
27974,0
27975,3
27976,1
27977,0
27978,0
27979,2
27980,4
27981,0
27982,2
27983,1
27984,7
27985,8
27986,0
27987,2
27988,5
27989,1
27990,1
27991,3
27992,2
27993,3
27994,1
27995,4
27996,0
27997,5
27998,6
27999,0
28000,0
28001,2
28002,1
28003,0
28004,1
28005,0
28006,3
28007,1
28008,3
28009,5
28010,7
28011,3
28012,0
28013,1
28014,1
28015,1
28016,1
28017,5
28018,0
28019,0
28020,7
28021,3
28022,1
28023,7
28024,2
28025,1
28026,1
28027,8
28028,0
28029,0
28030,0
28031,0
28032,3
28033,0
28034,6
28035,6
28036,7
28037,2
28038,1
28039,4
28040,6
28041,1
28042,1
28043,3
28044,8
28045,0
28046,2
28047,2
28048,3
28049,3
28050,7
28051,1
28052,1
28053,1
28054,5
28055,0
28056,1
28057,6
28058,2
28059,7
28060,0
28061,2
28062,2
28063,0
28064,4
28065,1
28066,2
28067,0
28068,5
28069,0
28070,1
28071,1
28072,3
28073,1
28074,0
28075,2
28076,0
28077,1
28078,2
28079,7
28080,0
28081,2
28082,6
28083,1
28084,1
28085,0
28086,5
28087,0
28088,2
28089,7
28090,1
28091,1
28092,6
28093,0
28094,0
28095,2
28096,1
28097,0
28098,7
28099,6
28100,0
28101,0
28102,9
28103,1
28104,2
28105,1
28106,0
28107,3
28108,1
28109,0
28110,7
28111,1
28112,5
28113,0
28114,0
28115,5
28116,6
28117,5
28118,0
28119,6
28120,1
28121,1
28122,3
28123,3
28124,3
28125,0
28126,0
28127,3
28128,0
28129,0
28130,0
28131,0
28132,4
28133,5
28134,1
28135,5
28136,1
28137,0
28138,7
28139,1
28140,6
28141,6
28142,0
28143,4
28144,2
28145,0
28146,0
28147,0
28148,0
28149,3
28150,0
28151,2
28152,1
28153,0
28154,3
28155,2
28156,3
28157,5
28158,2
28159,7
28160,6
28161,2
28162,6
28163,4
28164,7
28165,7
28166,7
28167,0
28168,0
28169,3
28170,0
28171,2
28172,3
28173,0
28174,0
28175,6
28176,2
28177,1
28178,0
28179,6
28180,1
28181,3
28182,2
28183,1
28184,3
28185,0
28186,1
28187,1
28188,0
28189,3
28190,1
28191,6
28192,7
28193,3
28194,6
28195,1
28196,1
28197,1
28198,1
28199,5
28200,5
28201,3
28202,0
28203,4
28204,3
28205,0
28206,0
28207,0
28208,0
28209,7
28210,8
28211,6
28212,3
28213,3
28214,1
28215,3
28216,8
28217,1
28218,3
28219,1
28220,0
28221,0
28222,0
28223,3
28224,0
28225,5
28226,2
28227,1
28228,0
28229,6
28230,7
28231,1
28232,1
28233,0
28234,5
28235,3
28236,0
28237,0
28238,5
28239,0
28240,1
28241,0
28242,0
28243,0
28244,0
28245,3
28246,1
28247,7
28248,1
28249,3
28250,0
28251,0
28252,7
28253,4
28254,1
28255,0
28256,5
28257,5
28258,1
28259,1
28260,0
28261,1
28262,3
28263,5
28264,1
28265,1
28266,0
28267,4
28268,5
28269,1
28270,6
28271,4
28272,1
28273,0
28274,0
28275,4
28276,7
28277,3
28278,0
28279,0
28280,5
28281,1
28282,3
28283,1
28284,2
28285,0
28286,7
28287,2
28288,1
28289,2
28290,5
28291,3
28292,7
28293,1
28294,1
28295,1
28296,2
28297,6
28298,2
28299,1
28300,3
28301,6
28302,1
28303,0
28304,0
28305,1
28306,2
28307,5
28308,2
28309,1
28310,1
28311,0
28312,0
28313,3
28314,0
28315,0
28316,0
28317,0
28318,1
28319,4
28320,2
28321,0
28322,1
28323,0
28324,6
28325,0
28326,2
28327,0
28328,0
28329,3
28330,0
28331,0
28332,1
28333,1
28334,0
28335,0
28336,7
28337,0
28338,4
28339,6
28340,1
28341,6
28342,4
28343,5
28344,0
28345,4
28346,0
28347,1
28348,6
28349,0
28350,2
28351,6
28352,6
28353,1
28354,1
28355,7
28356,6
28357,0
28358,3
28359,3
28360,3
28361,1
28362,1
28363,1
28364,1
28365,0
28366,3
28367,0
28368,6
28369,1
28370,0
28371,4
28372,3
28373,0
28374,0
28375,1
28376,1
28377,6
28378,0
28379,1
28380,4
28381,3
28382,7
28383,0
28384,0
28385,1
28386,0
28387,3
28388,2
28389,0
28390,0
28391,3
28392,0
28393,3
28394,0
28395,1
28396,7
28397,5
28398,1
28399,4
28400,1
28401,6
28402,0
28403,0
28404,4
28405,0
28406,0
28407,0
28408,7
28409,7
28410,2
28411,4
28412,6
28413,0
28414,0
28415,0
28416,7
28417,0
28418,5
28419,0
28420,7
28421,1
28422,5
28423,6
28424,3
28425,0
28426,1
28427,6
28428,4
28429,1
28430,2
28431,3
28432,0
28433,0
28434,0
28435,4
28436,7
28437,1
28438,7
28439,0
28440,1
28441,3
28442,0
28443,0
28444,0
28445,1
28446,1
28447,3
28448,6
28449,0
28450,1
28451,1
28452,1
28453,0
28454,3
28455,6
28456,0
28457,3
28458,6
28459,2
28460,0
28461,6
28462,2
28463,0
28464,0
28465,1
28466,1
28467,0
28468,2
28469,1
28470,2
28471,3
28472,2
28473,6
28474,0
28475,0
28476,0
28477,3
28478,1
28479,2
28480,4
28481,0
28482,0
28483,1
28484,5
28485,0
28486,5
28487,2
28488,0
28489,2
28490,7
28491,7
28492,1
28493,7
28494,5
28495,0
28496,2
28497,1
28498,1
28499,0
28500,0
28501,3
28502,0
28503,4
28504,0
28505,1
28506,0
28507,5
28508,0
28509,4
28510,2
28511,4
28512,1
28513,0
28514,2
28515,3
28516,0
28517,6
28518,5
28519,1
28520,1
28521,0
28522,2
28523,6
28524,0
28525,6
28526,0
28527,0
28528,0
28529,6
28530,1
28531,8
28532,3
28533,2
28534,0
28535,0
28536,0
28537,0
28538,1
28539,3
28540,7
28541,2
28542,2
28543,7
28544,1
28545,1
28546,0
28547,4
28548,0
28549,6
28550,3
28551,7
28552,1
28553,6
28554,7
28555,7
28556,0
28557,0
28558,6
28559,0
28560,6
28561,5
28562,6
28563,1
28564,0
28565,2
28566,0
28567,7
28568,3
28569,0
28570,0
28571,1
28572,1
28573,0
28574,2
28575,0
28576,0
28577,4
28578,1
28579,0
28580,3
28581,7
28582,2
28583,6
28584,1
28585,2
28586,0
28587,1
28588,0
28589,0
28590,3
28591,0
28592,1
28593,1
28594,3
28595,0
28596,3
28597,7
28598,0
28599,0
28600,3
28601,0
28602,3
28603,0
28604,0
28605,5
28606,0
28607,0
28608,1
28609,5
28610,1
28611,6
28612,0
28613,2
28614,1
28615,3
28616,3
28617,0
28618,3
28619,1
28620,5
28621,0
28622,2
28623,0
28624,6
28625,3
28626,0
28627,2
28628,3
28629,2
28630,3
28631,0
28632,2
28633,7
28634,0
28635,3
28636,4
28637,1
28638,1
28639,1
28640,1
28641,3
28642,6
28643,3
28644,0
28645,6
28646,0
28647,0
28648,2
28649,2
28650,0
28651,1
28652,2
28653,2
28654,1
28655,1
28656,6
28657,3
28658,3
28659,7
28660,0
28661,0
28662,0
28663,4
28664,2
28665,0
28666,3
28667,0
28668,6
28669,0
28670,6
28671,5
28672,0
28673,1
28674,2
28675,1
28676,2
28677,4
28678,1
28679,1
28680,3
28681,3
28682,7
28683,3
28684,6
28685,7
28686,6
28687,2
28688,5
28689,3
28690,0
28691,3
28692,1
28693,6
28694,1
28695,0
28696,5
28697,0
28698,2
28699,3
28700,1
28701,0
28702,6
28703,5
28704,1
28705,1
28706,6
28707,0
28708,6
28709,0
28710,0
28711,0
28712,0
28713,4
28714,3
28715,0
28716,1
28717,5
28718,0
28719,3
28720,2
28721,3
28722,1
28723,1
28724,6
28725,4
28726,0
28727,0
28728,0
28729,4
28730,4
28731,3
28732,1
28733,3
28734,0
28735,0
28736,6
28737,0
28738,1
28739,3
28740,2
28741,0
28742,7
28743,2
28744,1
28745,3
28746,5
28747,0
28748,0
28749,7
28750,2
28751,7
28752,1
28753,4
28754,5
28755,0
28756,0
28757,0
28758,0
28759,0
28760,0
28761,3
28762,7
28763,3
28764,0
28765,0
28766,3
28767,7
28768,3
28769,7
28770,0
28771,0
28772,1
28773,1
28774,2
28775,0
28776,0
28777,1
28778,3
28779,3
28780,5
28781,1
28782,0
28783,6
28784,6
28785,1
28786,5
28787,0
28788,4
28789,2
28790,1
28791,2
28792,2
28793,1
28794,0
28795,4
28796,6
28797,1
28798,0
28799,2
28800,0
28801,0
28802,0
28803,0
28804,3
28805,2
28806,0
28807,2
28808,3
28809,5
28810,1
28811,0
28812,8
28813,0
28814,0
28815,1
28816,0
28817,6
28818,1
28819,2
28820,6
28821,3
28822,1
28823,7
28824,1
28825,1
28826,0
28827,0
28828,5
28829,3
28830,3
28831,1
28832,1
28833,0
28834,1
28835,1
28836,2
28837,3
28838,7
28839,0
28840,2
28841,1
28842,0
28843,0
28844,1
28845,7
28846,0
28847,2
28848,0
28849,1
28850,1
28851,0
28852,2
28853,1
28854,7
28855,0
28856,2
28857,2
28858,3
28859,0
28860,6
28861,2
28862,1
28863,6
28864,0
28865,1
28866,7
28867,0
28868,8
28869,2
28870,5
28871,0
28872,6
28873,2
28874,0
28875,6
28876,1
28877,1
28878,6
28879,7
28880,0
28881,6
28882,0
28883,0
28884,7
28885,0
28886,1
28887,1
28888,4
28889,0
28890,0
28891,0
28892,0
28893,0
28894,0
28895,0
28896,0
28897,2
28898,3
28899,1
28900,4
28901,5
28902,1
28903,0
28904,3
28905,2
28906,1
28907,2
28908,6
28909,1
28910,2
28911,1
28912,0
28913,2
28914,0
28915,1
28916,0
28917,2
28918,2
28919,1
28920,8
28921,1
28922,1
28923,0
28924,1
28925,2
28926,1
28927,3
28928,0
28929,1
28930,0
28931,4
28932,0
28933,0
28934,0
28935,8
28936,0
28937,3
28938,0
28939,1
28940,3
28941,2
28942,0
28943,3
28944,0
28945,1
28946,0
28947,5
28948,6
28949,1
28950,3
28951,4
28952,0
28953,5
28954,3
28955,3
28956,6
28957,3
28958,0
28959,0
28960,1
28961,3
28962,3
28963,3
28964,0
28965,7
28966,1
28967,1
28968,0
28969,1
28970,1
28971,1
28972,6
28973,0
28974,3
28975,1
28976,3
28977,2
28978,1
28979,5
28980,0
28981,2
28982,5
28983,6
28984,1
28985,4
28986,5
28987,8
28988,6
28989,2
28990,0
28991,0
28992,0
28993,1
28994,2
28995,5
28996,3
28997,0
28998,1
28999,1
29000,0
29001,1
29002,7
29003,1
29004,6
29005,2
29006,0
29007,1
29008,2
29009,3
29010,4
29011,1
29012,0
29013,1
29014,3
29015,1
29016,2
29017,6
29018,0
29019,1
29020,1
29021,2
29022,0
29023,0
29024,0
29025,4
29026,2
29027,6
29028,1
29029,3
29030,1
29031,3
29032,5
29033,1
29034,3
29035,0
29036,0
29037,2
29038,0
29039,4
29040,0
29041,1
29042,2
29043,1
29044,5
29045,3
29046,1
29047,3
29048,7
29049,1
29050,5
29051,0
29052,1
29053,5
29054,3
29055,0
29056,0
29057,2
29058,2
29059,6
29060,7
29061,7
29062,6
29063,6
29064,1
29065,5
29066,0
29067,5
29068,1
29069,3
29070,1
29071,1
29072,0
29073,0
29074,3
29075,1
29076,5
29077,2
29078,4
29079,5
29080,2
29081,2
29082,3
29083,6
29084,0
29085,0
29086,0
29087,0
29088,0
29089,1
29090,6
29091,3
29092,1
29093,4
29094,0
29095,0
29096,0
29097,0
29098,0
29099,1
29100,1
29101,6
29102,5
29103,3
29104,0
29105,0
29106,0
29107,4
29108,2
29109,0
29110,1
29111,0
29112,0
29113,0
29114,1
29115,1
29116,5
29117,0
29118,6
29119,6
29120,0
29121,0
29122,1
29123,7
29124,6
29125,2
29126,6
29127,1
29128,0
29129,1
29130,3
29131,1
29132,0
29133,0
29134,2
29135,7
29136,0
29137,5
29138,0
29139,3
29140,2
29141,6
29142,7
29143,3
29144,2
29145,6
29146,0
29147,6
29148,2
29149,1
29150,0
29151,3
29152,0
29153,6
29154,0
29155,2
29156,2
29157,5
29158,0
29159,0
29160,0
29161,1
29162,2
29163,1
29164,4
29165,0
29166,4
29167,2
29168,3
29169,5
29170,1
29171,6
29172,1
29173,1
29174,7
29175,6
29176,7
29177,5
29178,0
29179,1
29180,3
29181,1
29182,3
29183,0
29184,1
29185,0
29186,3
29187,0
29188,4
29189,1
29190,3
29191,0
29192,0
29193,1
29194,0
29195,7
29196,0
29197,0
29198,0
29199,1
29200,3
29201,0
29202,0
29203,5
29204,0
29205,4
29206,3
29207,6
29208,1
29209,1
29210,1
29211,4
29212,6
29213,1
29214,0
29215,4
29216,7
29217,3
29218,7
29219,2
29220,0
29221,0
29222,0
29223,1
29224,4
29225,0
29226,0
29227,3
29228,1
29229,0
29230,1
29231,1
29232,6
29233,1
29234,0
29235,2
29236,0
29237,6
29238,2
29239,0
29240,7
29241,3
29242,0
29243,2
29244,1
29245,1
29246,5
29247,7
29248,3
29249,6
29250,1
29251,3
29252,6
29253,1
29254,5
29255,0
29256,0
29257,3
29258,0
29259,6
29260,2
29261,3
29262,0
29263,4
29264,5
29265,3
29266,0
29267,0
29268,0
29269,0
29270,0
29271,6
29272,3
29273,0
29274,0
29275,2
29276,1
29277,1
29278,0
29279,6
29280,1
29281,8
29282,0
29283,1
29284,1
29285,1
29286,1
29287,0
29288,0
29289,1
29290,0
29291,0
29292,6
29293,7
29294,2
29295,3
29296,2
29297,0
29298,4
29299,1
29300,5
29301,5
29302,4
29303,2
29304,3
29305,2
29306,0
29307,6
29308,0
29309,5
29310,2
29311,7
29312,1
29313,3
29314,1
29315,3
29316,0
29317,1
29318,6
29319,2
29320,3
29321,3
29322,1
29323,6
29324,2
29325,0
29326,0
29327,3
29328,6
29329,7
29330,6
29331,1
29332,4
29333,1
29334,6
29335,1
29336,3
29337,1
29338,3
29339,3
29340,2
29341,5
29342,3
29343,1
29344,1
29345,0
29346,1
29347,2
29348,5
29349,0
29350,3
29351,5
29352,0
29353,4
29354,0
29355,7
29356,2
29357,1
29358,0
29359,3
29360,0
29361,2
29362,6
29363,1
29364,2
29365,5
29366,2
29367,0
29368,0
29369,0
29370,6
29371,1
29372,0
29373,7
29374,2
29375,2
29376,0
29377,0
29378,1
29379,0
29380,0
29381,0
29382,7
29383,3
29384,1
29385,7
29386,1
29387,0
29388,1
29389,0
29390,0
29391,1
29392,6
29393,0
29394,1
29395,0
29396,0
29397,0
29398,2
29399,0
29400,0
29401,0
29402,2
29403,0
29404,1
29405,1
29406,7
29407,2
29408,0
29409,1
29410,3
29411,0
29412,7
29413,3
29414,5
29415,1
29416,0
29417,6
29418,4
29419,0
29420,0
29421,0
29422,0
29423,5
29424,0
29425,3
29426,7
29427,0
29428,7
29429,0
29430,1
29431,0
29432,0
29433,1
29434,0
29435,2
29436,7
29437,2
29438,1
29439,6
29440,2
29441,1
29442,0
29443,3
29444,4
29445,3
29446,0
29447,6
29448,1
29449,0
29450,6
29451,0
29452,3
29453,1
29454,0
29455,0
29456,4
29457,3
29458,0
29459,0
29460,0
29461,3
29462,3
29463,7
29464,3
29465,4
29466,1
29467,2
29468,6
29469,5
29470,6
29471,7
29472,3
29473,0
29474,0
29475,0
29476,2
29477,1
29478,6
29479,0
29480,2
29481,2
29482,0
29483,3
29484,7
29485,6
29486,1
29487,6
29488,1
29489,2
29490,0
29491,1
29492,6
29493,4
29494,1
29495,1
29496,3
29497,1
29498,3
29499,2
29500,1
29501,0
29502,0
29503,1
29504,3
29505,2
29506,7
29507,4
29508,1
29509,0
29510,2
29511,0
29512,1
29513,6
29514,0
29515,1
29516,7
29517,1
29518,1
29519,1
29520,5
29521,2
29522,0
29523,2
29524,0
29525,6
29526,0
29527,1
29528,3
29529,1
29530,5
29531,1
29532,0
29533,1
29534,3
29535,0
29536,1
29537,7
29538,2
29539,1
29540,3
29541,2
29542,4
29543,2
29544,5
29545,1
29546,2
29547,6
29548,0
29549,0
29550,0
29551,1
29552,7
29553,2
29554,0
29555,2
29556,0
29557,6
29558,2
29559,0
29560,3
29561,0
29562,3
29563,0
29564,0
29565,0
29566,2
29567,2
29568,3
29569,0
29570,0
29571,0
29572,4
29573,1
29574,0
29575,0
29576,0
29577,1
29578,0
29579,7
29580,0
29581,1
29582,0
29583,1
29584,3
29585,6
29586,7
29587,2
29588,3
29589,5
29590,1
29591,3
29592,3
29593,1
29594,1
29595,3
29596,7
29597,3
29598,3
29599,0
29600,3
29601,5
29602,0
29603,0
29604,1
29605,0
29606,8
29607,0
29608,0
29609,0
29610,2
29611,1
29612,1
29613,1
29614,2
29615,3
29616,5
29617,0
29618,0
29619,1
29620,1
29621,4
29622,7
29623,2
29624,3
29625,2
29626,2
29627,1
29628,5
29629,0
29630,0
29631,0
29632,0
29633,1
29634,2
29635,3
29636,6
29637,2
29638,4
29639,6
29640,0
29641,7
29642,0
29643,4
29644,0
29645,6
29646,3
29647,1
29648,1
29649,0
29650,0
29651,2
29652,1
29653,6
29654,4
29655,0
29656,1
29657,0
29658,2
29659,0
29660,2
29661,2
29662,1
29663,0
29664,7
29665,6
29666,5
29667,7
29668,1
29669,0
29670,0
29671,2
29672,1
29673,0
29674,3
29675,3
29676,0
29677,4
29678,2
29679,0
29680,1
29681,6
29682,0
29683,1
29684,2
29685,6
29686,2
29687,1
29688,3
29689,0
29690,0
29691,0
29692,3
29693,3
29694,1
29695,1
29696,0
29697,0
29698,0
29699,5
29700,2
29701,8
29702,0
29703,5
29704,2
29705,6
29706,0
29707,0
29708,0
29709,4
29710,3
29711,2
29712,7
29713,0
29714,0
29715,3
29716,1
29717,1
29718,5
29719,0
29720,0
29721,1
29722,2
29723,1
29724,2
29725,0
29726,5
29727,3
29728,0
29729,2
29730,0
29731,0
29732,1
29733,0
29734,2
29735,0
29736,1
29737,1
29738,0
29739,0
29740,6
29741,0
29742,2
29743,0
29744,1
29745,0
29746,3
29747,3
29748,1
29749,1
29750,0
29751,3
29752,0
29753,2
29754,3
29755,1
29756,1
29757,0
29758,0
29759,3
29760,3
29761,0
29762,1
29763,0
29764,0
29765,0
29766,2
29767,1
29768,1
29769,5
29770,1
29771,8
29772,3
29773,2
29774,0
29775,0
29776,1
29777,1
29778,0
29779,0
29780,5
29781,0
29782,1
29783,1
29784,2
29785,6
29786,3
29787,1
29788,4
29789,0
29790,1
29791,2
29792,2
29793,0
29794,5
29795,1
29796,1
29797,4
29798,0
29799,2
29800,5
29801,1
29802,3
29803,3
29804,4
29805,0
29806,6
29807,1
29808,0
29809,3
29810,2
29811,6
29812,3
29813,1
29814,0
29815,3
29816,0
29817,4
29818,6
29819,0
29820,1
29821,0
29822,0
29823,0
29824,3
29825,3
29826,0
29827,2
29828,0
29829,0
29830,5
29831,3
29832,2
29833,7
29834,1
29835,1
29836,3
29837,5
29838,6
29839,5
29840,1
29841,0
29842,6
29843,1
29844,0
29845,1
29846,3
29847,0
29848,3
29849,1
29850,1
29851,0
29852,3
29853,1
29854,3
29855,0
29856,1
29857,1
29858,4
29859,3
29860,7
29861,3
29862,6
29863,2
29864,1
29865,0
29866,0
29867,0
29868,5
29869,2
29870,0
29871,7
29872,7
29873,1
29874,1
29875,0
29876,0
29877,0
29878,5
29879,1
29880,0
29881,6
29882,6
29883,1
29884,1
29885,3
29886,0
29887,3
29888,3
29889,1
29890,2
29891,2
29892,1
29893,2
29894,1
29895,0
29896,0
29897,3
29898,7
29899,4
29900,0
29901,6
29902,2
29903,3
29904,0
29905,1
29906,0
29907,5
29908,2
29909,7
29910,3
29911,6
29912,0
29913,0
29914,0
29915,6
29916,1
29917,0
29918,3
29919,3
29920,0
29921,3
29922,1
29923,1
29924,6
29925,0
29926,0
29927,0
29928,3
29929,3
29930,1
29931,1
29932,2
29933,0
29934,6
29935,5
29936,1
29937,6
29938,1
29939,1
29940,0
29941,1
29942,2
29943,0
29944,5
29945,0
29946,7
29947,3
29948,3
29949,3
29950,2
29951,0
29952,1
29953,6
29954,1
29955,5
29956,7
29957,7
29958,3
29959,1
29960,4
29961,0
29962,1
29963,5
29964,1
29965,7
29966,3
29967,0
29968,3
29969,5
29970,6
29971,4
29972,1
29973,0
29974,1
29975,1
29976,0
29977,8
29978,4
29979,1
29980,7
29981,1
29982,1
29983,0
29984,3
29985,2
29986,0
29987,2
29988,0
29989,1
29990,4
29991,0
29992,3
29993,1
29994,3
29995,0
29996,1
29997,5
29998,1
29999,0
30000,2
30001,6
30002,0
30003,6
30004,1
30005,3
30006,2
30007,1
30008,0
30009,0
30010,7
30011,0
30012,7
30013,1
30014,3
30015,0
30016,0
30017,5
30018,5
30019,0
30020,1
30021,0
30022,3
30023,0
30024,6
30025,1
30026,6
30027,0
30028,4
30029,3
30030,0
30031,3
30032,0
30033,1
30034,7
30035,3
30036,2
30037,3
30038,3
30039,6
30040,1
30041,1
30042,2
30043,0
30044,0
30045,0
30046,1
30047,0
30048,1
30049,6
30050,3
30051,2
30052,1
30053,3
30054,0
30055,0
30056,6
30057,1
30058,2
30059,2
30060,1
30061,3
30062,1
30063,2
30064,3
30065,0
30066,4
30067,0
30068,1
30069,1
30070,0
30071,3
30072,0
30073,3
30074,0
30075,0
30076,1
30077,4
30078,3
30079,0
30080,0
30081,6
30082,1
30083,6
30084,8
30085,3
30086,1
30087,2
30088,2
30089,6
30090,1
30091,6
30092,1
30093,0
30094,1
30095,6
30096,2
30097,2
30098,7
30099,6
30100,2
30101,5
30102,0
30103,5
30104,1
30105,0
30106,1
30107,0
30108,0
30109,1
30110,1
30111,2
30112,4
30113,0
30114,2
30115,3
30116,0
30117,0
30118,0
30119,1
30120,2
30121,0
30122,6
30123,6
30124,5
30125,8
30126,2
30127,2
30128,5
30129,0
30130,0
30131,0
30132,0
30133,6
30134,5
30135,3
30136,1
30137,3
30138,7
30139,0
30140,6
30141,2
30142,0
30143,0
30144,6
30145,1
30146,5
30147,3
30148,0
30149,3
30150,0
30151,1
30152,5
30153,5
30154,7
30155,0
30156,1
30157,8
30158,4
30159,0
30160,4
30161,1
30162,1
30163,0
30164,0
30165,8
30166,0
30167,1
30168,0
30169,0
30170,0
30171,3
30172,0
30173,0
30174,0
30175,3
30176,3
30177,0
30178,0
30179,7
30180,8
30181,1
30182,0
30183,1
30184,1
30185,3
30186,0
30187,1
30188,0
30189,0
30190,3
30191,1
30192,0
30193,6
30194,0
30195,0
30196,1
30197,3
30198,0
30199,0
30200,1
30201,0
30202,2
30203,0
30204,7
30205,2
30206,1
30207,1
30208,1
30209,1
30210,0
30211,0
30212,0
30213,0
30214,1
30215,0
30216,1
30217,1
30218,5
30219,0
30220,0
30221,1
30222,3
30223,2
30224,1
30225,3
30226,2
30227,2
30228,0
30229,4
30230,3
30231,3
30232,2
30233,1
30234,0
30235,2
30236,7
30237,0
30238,1
30239,7
30240,0
30241,7
30242,7
30243,0
30244,0
30245,0
30246,4
30247,0
30248,1
30249,0
30250,6
30251,2
30252,0
30253,0
30254,0
30255,2
30256,5
30257,6
30258,3
30259,7
30260,7
30261,6
30262,1
30263,7
30264,3
30265,2
30266,0
30267,3
30268,0
30269,6
30270,2
30271,0
30272,5
30273,1
30274,0
30275,6
30276,1
30277,1
30278,7
30279,2
30280,0
30281,0
30282,2
30283,4
30284,2
30285,0
30286,0
30287,1
30288,0
30289,1
30290,7
30291,0
30292,5
30293,3
30294,5
30295,1
30296,0
30297,1
30298,1
30299,0
30300,1
30301,0
30302,3
30303,1
30304,3
30305,8
30306,1
30307,5
30308,0
30309,1
30310,1
30311,1
30312,1
30313,0
30314,2
30315,1
30316,0
30317,7
30318,1
30319,1
30320,1
30321,1
30322,2
30323,2
30324,1
30325,0
30326,0
30327,0
30328,1
30329,1
30330,3
30331,2
30332,1
30333,7
30334,0
30335,3
30336,7
30337,6
30338,1
30339,2
30340,2
30341,1
30342,2
30343,3
30344,5
30345,3
30346,1
30347,6
30348,3
30349,1
30350,0
30351,0
30352,3
30353,2
30354,0
30355,0
30356,2
30357,2
30358,0
30359,5
30360,0
30361,1
30362,1
30363,7
30364,2
30365,3
30366,5
30367,0
30368,0
30369,1
30370,1
30371,2
30372,0
30373,1
30374,0
30375,1
30376,0
30377,6
30378,1
30379,0
30380,0
30381,1
30382,4
30383,1
30384,5
30385,1
30386,6
30387,2
30388,6
30389,5
30390,2
30391,1
30392,2
30393,5
30394,1
30395,0
30396,1
30397,0
30398,1
30399,0
30400,2
30401,1
30402,4
30403,6
30404,4
30405,0
30406,2
30407,6
30408,7
30409,3
30410,3
30411,1
30412,1
30413,0
30414,3
30415,3
30416,2
30417,2
30418,6
30419,6
30420,1
30421,7
30422,0
30423,4
30424,7
30425,2
30426,0
30427,0
30428,2
30429,1
30430,7
30431,0
30432,1
30433,0
30434,0
30435,1
30436,0
30437,5
30438,1
30439,0
30440,4
30441,6
30442,0
30443,0
30444,0
30445,2
30446,0
30447,5
30448,7
30449,1
30450,3
30451,3
30452,1
30453,0
30454,1
30455,3
30456,3
30457,6
30458,1
30459,5
30460,3
30461,5
30462,6
30463,7
30464,6
30465,3
30466,1
30467,2
30468,1
30469,4
30470,0
30471,1
30472,0
30473,1
30474,0
30475,1
30476,7
30477,7
30478,3
30479,1
30480,6
30481,3
30482,6
30483,3
30484,6
30485,5
30486,2
30487,1
30488,0
30489,6
30490,5
30491,6
30492,1
30493,4
30494,1
30495,4
30496,3
30497,0
30498,0
30499,3
30500,2
30501,0
30502,5
30503,3
30504,3
30505,2
30506,3
30507,0
30508,2
30509,5
30510,1
30511,3
30512,1
30513,0
30514,0
30515,4
30516,7
30517,0
30518,0
30519,3
30520,2
30521,3
30522,5
30523,0
30524,3
30525,1
30526,4
30527,2
30528,0
30529,1
30530,3
30531,1
30532,1
30533,0
30534,3
30535,1
30536,3
30537,3
30538,2
30539,6
30540,1
30541,0
30542,4
30543,0
30544,0
30545,0
30546,3
30547,1
30548,0
30549,2
30550,0
30551,6
30552,4
30553,1
30554,2
30555,1
30556,1
30557,1
30558,0
30559,0
30560,0
30561,0
30562,0
30563,2
30564,0
30565,0
30566,9
30567,4
30568,3
30569,5
30570,1
30571,2
30572,0
30573,3
30574,2
30575,7
30576,1
30577,0
30578,0
30579,0
30580,0
30581,7
30582,1
30583,5
30584,2
30585,1
30586,0
30587,2
30588,0
30589,1
30590,0
30591,0
30592,0
30593,4
30594,0
30595,0
30596,6
30597,0
30598,1
30599,1
30600,0
30601,1
30602,2
30603,2
30604,0
30605,0
30606,2
30607,1
30608,1
30609,1
30610,0
30611,3
30612,1
30613,1
30614,1
30615,7
30616,0
30617,0
30618,2
30619,0
30620,0
30621,1
30622,5
30623,0
30624,2
30625,5
30626,6
30627,6
30628,0
30629,2
30630,0
30631,1
30632,1
30633,4
30634,6
30635,3
30636,1
30637,0
30638,4
30639,0
30640,4
30641,0
30642,7
30643,1
30644,3
30645,1
30646,0
30647,0
30648,1
30649,1
30650,0
30651,2
30652,0
30653,0
30654,4
30655,3
30656,3
30657,0
30658,1
30659,5
30660,2
30661,1
30662,1
30663,4
30664,1
30665,0
30666,4
30667,0
30668,2
30669,6
30670,0
30671,2
30672,0
30673,0
30674,0
30675,1
30676,0
30677,0
30678,0
30679,0
30680,0
30681,0
30682,5
30683,3
30684,1
30685,0
30686,7
30687,3
30688,5
30689,3
30690,6
30691,1
30692,0
30693,3
30694,1
30695,1
30696,0
30697,2
30698,1
30699,1
30700,0
30701,0
30702,0
30703,2
30704,7
30705,1
30706,1
30707,6
30708,2
30709,0
30710,0
30711,2
30712,2
30713,0
30714,1
30715,2
30716,0
30717,3
30718,0
30719,4
30720,0
30721,1
30722,1
30723,6
30724,0
30725,0
30726,5
30727,7
30728,4
30729,7
30730,1
30731,2
30732,2
30733,1
30734,7
30735,1
30736,1
30737,3
30738,0
30739,6
30740,2
30741,3
30742,4
30743,7
30744,6
30745,3
30746,1
30747,3
30748,0
30749,3
30750,1
30751,4
30752,0
30753,1
30754,2
30755,0
30756,8
30757,0
30758,2
30759,3
30760,4
30761,8
30762,6
30763,3
30764,7
30765,0
30766,3
30767,4
30768,2
30769,1
30770,3
30771,0
30772,0
30773,3
30774,2
30775,1
30776,1
30777,1
30778,1
30779,0
30780,3
30781,0
30782,3
30783,0
30784,0
30785,0
30786,0
30787,3
30788,0
30789,3
30790,1
30791,2
30792,3
30793,6
30794,1
30795,2
30796,1
30797,1
30798,5
30799,1
30800,0
30801,3
30802,0
30803,0
30804,1
30805,1
30806,4
30807,2
30808,0
30809,0
30810,1
30811,0
30812,1
30813,1
30814,5
30815,0
30816,2
30817,2
30818,4
30819,3
30820,1
30821,4
30822,0
30823,1
30824,0
30825,2
30826,3
30827,0
30828,3
30829,1
30830,0
30831,0
30832,0
30833,3
30834,0
30835,0
30836,0
30837,6
30838,1
30839,5
30840,6
30841,0
30842,4
30843,0
30844,0
30845,0
30846,4
30847,1
30848,3
30849,0
30850,0
30851,0
30852,0
30853,6
30854,1
30855,6
30856,1
30857,0
30858,0
30859,6
30860,7
30861,2
30862,2
30863,2
30864,2
30865,6
30866,1
30867,7
30868,4
30869,7
30870,7
30871,1
30872,5
30873,7
30874,1
30875,6
30876,1
30877,0
30878,1
30879,0
30880,4
30881,5
30882,1
30883,1
30884,6
30885,6
30886,1
30887,2
30888,2
30889,2
30890,0
30891,0
30892,0
30893,2
30894,0
30895,7
30896,0
30897,0
30898,7
30899,7
30900,0
30901,0
30902,3
30903,3
30904,7
30905,2
30906,0
30907,2
30908,1
30909,1
30910,5
30911,6
30912,2
30913,3
30914,6
30915,4
30916,5
30917,0
30918,5
30919,0
30920,7
30921,1
30922,2
30923,0
30924,3
30925,0
30926,0
30927,1
30928,3
30929,1
30930,2
30931,2
30932,7
30933,1
30934,7
30935,4
30936,7
30937,6
30938,2
30939,1
30940,7
30941,0
30942,7
30943,3
30944,1
30945,8
30946,6
30947,6
30948,0
30949,0
30950,2
30951,1
30952,0
30953,0
30954,0
30955,0
30956,0
30957,3
30958,1
30959,6
30960,3
30961,0
30962,3
30963,1
30964,6
30965,6
30966,7
30967,6
30968,0
30969,1
30970,5
30971,3
30972,3
30973,1
30974,0
30975,3
30976,0
30977,3
30978,1
30979,1
30980,2
30981,1
30982,2
30983,0
30984,0
30985,0
30986,3
30987,0
30988,7
30989,0
30990,2
30991,0
30992,2
30993,0
30994,4
30995,0
30996,3
30997,0
30998,1
30999,0
31000,0
31001,3
31002,3
31003,1
31004,1
31005,0
31006,0
31007,1
31008,0
31009,1
31010,8
31011,1
31012,2
31013,5
31014,2
31015,1
31016,0
31017,2
31018,1
31019,7
31020,3
31021,3
31022,0
31023,5
31024,3
31025,2
31026,0
31027,0
31028,0
31029,1
31030,3
31031,5
31032,0
31033,3
31034,3
31035,0
31036,8
31037,1
31038,2
31039,0
31040,0
31041,5
31042,6
31043,0
31044,2
31045,1
31046,0
31047,1
31048,1
31049,0
31050,0
31051,0
31052,0
31053,6
31054,0
31055,3
31056,1
31057,0
31058,1
31059,3
31060,6
31061,6
31062,1
31063,1
31064,1
31065,1
31066,1
31067,2
31068,0
31069,2
31070,0
31071,2
31072,3
31073,1
31074,5
31075,6
31076,4
31077,7
31078,0
31079,3
31080,1
31081,0
31082,3
31083,2
31084,1
31085,7
31086,0
31087,1
31088,6
31089,2
31090,7
31091,1
31092,1
31093,6
31094,2
31095,2
31096,1
31097,2
31098,0
31099,2
31100,3
31101,1
31102,1
31103,0
31104,1
31105,0
31106,1
31107,0
31108,1
31109,0
31110,0
31111,0
31112,1
31113,7
31114,0
31115,2
31116,2
31117,5
31118,2
31119,3
31120,0
31121,3
31122,1
31123,1
31124,7
31125,2
31126,6
31127,5
31128,0
31129,2
31130,0
31131,0
31132,2
31133,2
31134,5
31135,3
31136,0
31137,0
31138,1
31139,7
31140,3
31141,0
31142,1
31143,6
31144,0
31145,0
31146,7
31147,2
31148,3
31149,1
31150,7
31151,7
31152,1
31153,6
31154,1
31155,3
31156,0
31157,6
31158,1
31159,3
31160,0
31161,6
31162,1
31163,1
31164,1
31165,1
31166,0
31167,1
31168,1
31169,6
31170,1
31171,1
31172,0
31173,1
31174,1
31175,7
31176,5
31177,0
31178,1
31179,6
31180,3
31181,1
31182,6
31183,3
31184,3
31185,5
31186,1
31187,3
31188,0
31189,4
31190,1
31191,3
31192,0
31193,6
31194,0
31195,3
31196,0
31197,0
31198,0
31199,6
31200,7
31201,0
31202,0
31203,6
31204,0
31205,0
31206,0
31207,0
31208,2
31209,6
31210,1
31211,1
31212,1
31213,0
31214,3
31215,4
31216,6
31217,1
31218,1
31219,7
31220,1
31221,1
31222,1
31223,7
31224,0
31225,0
31226,1
31227,0
31228,1
31229,3
31230,0
31231,7
31232,6
31233,0
31234,2
31235,0
31236,0
31237,1
31238,3
31239,4
31240,0
31241,0
31242,1
31243,7
31244,6
31245,0
31246,0
31247,4
31248,7
31249,2
31250,1
31251,0
31252,4
31253,0
31254,1
31255,0
31256,1
31257,4
31258,0
31259,6
31260,0
31261,0
31262,8
31263,0
31264,0
31265,3
31266,1
31267,2
31268,1
31269,1
31270,5
31271,2
31272,1
31273,0
31274,1
31275,0
31276,1
31277,3
31278,0
31279,0
31280,1
31281,2
31282,0
31283,1
31284,1
31285,1
31286,6
31287,1
31288,0
31289,5
31290,1
31291,3
31292,1
31293,3
31294,0
31295,0
31296,3
31297,3
31298,3
31299,4
31300,1
31301,7
31302,1
31303,6
31304,1
31305,3
31306,6
31307,1
31308,4
31309,7
31310,0
31311,3
31312,3
31313,0
31314,2
31315,0
31316,3
31317,0
31318,8
31319,0
31320,1
31321,2
31322,1
31323,0
31324,1
31325,0
31326,0
31327,1
31328,6
31329,3
31330,3
31331,1
31332,1
31333,3
31334,5
31335,0
31336,1
31337,3
31338,6
31339,2
31340,0
31341,0
31342,0
31343,0
31344,2
31345,2
31346,0
31347,3
31348,3
31349,1
31350,0
31351,4
31352,0
31353,7
31354,0
31355,7
31356,0
31357,3
31358,1
31359,3
31360,1
31361,4
31362,4
31363,3
31364,3
31365,0
31366,5
31367,5
31368,6
31369,6
31370,3
31371,0
31372,0
31373,0
31374,2
31375,2
31376,2
31377,0
31378,4
31379,1
31380,6
31381,1
31382,1
31383,1
31384,1
31385,1
31386,7
31387,2
31388,0
31389,7
31390,0
31391,2
31392,1
31393,0
31394,7
31395,3
31396,0
31397,0
31398,0
31399,1
31400,2
31401,6
31402,3
31403,3
31404,0
31405,1
31406,1
31407,1
31408,0
31409,2
31410,1
31411,3
31412,0
31413,2
31414,3
31415,0
31416,2
31417,0
31418,6
31419,1
31420,3
31421,3
31422,0
31423,1
31424,6
31425,1
31426,0
31427,7
31428,3
31429,1
31430,0
31431,0
31432,0
31433,0
31434,0
31435,6
31436,3
31437,0
31438,3
31439,0
31440,2
31441,0
31442,4
31443,4
31444,1
31445,2
31446,7
31447,0
31448,1
31449,1
31450,3
31451,3
31452,1
31453,6
31454,0
31455,1
31456,3
31457,1
31458,0
31459,1
31460,0
31461,0
31462,6
31463,1
31464,1
31465,3
31466,6
31467,0
31468,3
31469,0
31470,0
31471,6
31472,2
31473,1
31474,4
31475,1
31476,0
31477,0
31478,0
31479,1
31480,0
31481,5
31482,2
31483,6
31484,0
31485,1
31486,1
31487,3
31488,1
31489,1
31490,0
31491,5
31492,1
31493,0
31494,6
31495,1
31496,3
31497,3
31498,1
31499,1
31500,0
31501,0
31502,2
31503,0
31504,0
31505,1
31506,6
31507,7
31508,0
31509,1
31510,1
31511,0
31512,1
31513,5
31514,0
31515,1
31516,0
31517,3
31518,0
31519,0
31520,0
31521,0
31522,2
31523,0
31524,7
31525,0
31526,6
31527,4
31528,6
31529,0
31530,0
31531,3
31532,3
31533,2
31534,7
31535,1
31536,4
31537,2
31538,5
31539,1
31540,3
31541,0
31542,1
31543,1
31544,3
31545,3
31546,1
31547,3
31548,6
31549,3
31550,1
31551,1
31552,0
31553,4
31554,0
31555,0
31556,7
31557,0
31558,3
31559,3
31560,0
31561,7
31562,1
31563,0
31564,5
31565,0
31566,8
31567,6
31568,5
31569,3
31570,0
31571,1
31572,0
31573,1
31574,1
31575,1
31576,0
31577,4
31578,0
31579,5
31580,6
31581,7
31582,3
31583,1
31584,2
31585,1
31586,1
31587,5
31588,2
31589,3
31590,1
31591,6
31592,1
31593,1
31594,2
31595,3
31596,3
31597,1
31598,3
31599,2
31600,2
31601,2
31602,5
31603,2
31604,0
31605,1
31606,0
31607,2
31608,1
31609,6
31610,5
31611,7
31612,4
31613,7
31614,5
31615,0
31616,3
31617,7
31618,1
31619,0
31620,5
31621,0
31622,6
31623,1
31624,2
31625,0
31626,6
31627,0
31628,3
31629,1
31630,7
31631,1
31632,2
31633,1
31634,0
31635,2
31636,8
31637,2
31638,1
31639,6
31640,0
31641,1
31642,7
31643,6
31644,1
31645,0
31646,0
31647,1
31648,0
31649,6
31650,2
31651,3
31652,0
31653,1
31654,1
31655,4
31656,3
31657,0
31658,1
31659,8
31660,1
31661,7
31662,1
31663,0
31664,1
31665,0
31666,1
31667,0
31668,5
31669,2
31670,0
31671,4
31672,1
31673,1
31674,0
31675,6
31676,2
31677,6
31678,2
31679,3
31680,1
31681,1
31682,0
31683,1
31684,6
31685,7
31686,5
31687,0
31688,3
31689,0
31690,6
31691,1
31692,2
31693,4
31694,1
31695,5
31696,2
31697,7
31698,6
31699,5
31700,7
31701,0
31702,0
31703,0
31704,0
31705,3
31706,3
31707,1
31708,1
31709,0
31710,3
31711,0
31712,6
31713,1
31714,0
31715,1
31716,0
31717,0
31718,1
31719,0
31720,0
31721,3
31722,0
31723,2
31724,3
31725,0
31726,0
31727,1
31728,5
31729,4
31730,3
31731,1
31732,3
31733,0
31734,1
31735,1
31736,2
31737,2
31738,3
31739,0
31740,1
31741,0
31742,1
31743,5
31744,0
31745,6
31746,4
31747,1
31748,2
31749,2
31750,6
31751,3
31752,1
31753,1
31754,0
31755,0
31756,7
31757,1
31758,3
31759,0
31760,4
31761,0
31762,7
31763,1
31764,0
31765,1
31766,3
31767,0
31768,6
31769,7
31770,1
31771,6
31772,1
31773,1
31774,1
31775,0
31776,1
31777,1
31778,2
31779,0
31780,0
31781,0
31782,1
31783,6
31784,0
31785,0
31786,0
31787,7
31788,1
31789,4
31790,7
31791,1
31792,3
31793,2
31794,1
31795,6
31796,1
31797,3
31798,3
31799,0
31800,1
31801,1
31802,1
31803,2
31804,1
31805,2
31806,0
31807,2
31808,2
31809,0
31810,2
31811,1
31812,3
31813,2
31814,1
31815,1
31816,5
31817,5
31818,0
31819,7
31820,0
31821,1
31822,2
31823,0
31824,0
31825,0
31826,2
31827,1
31828,0
31829,0
31830,0
31831,1
31832,2
31833,1
31834,6
31835,2
31836,0
31837,3
31838,1
31839,3
31840,0
31841,2
31842,0
31843,3
31844,5
31845,0
31846,0
31847,0
31848,7
31849,0
31850,1
31851,5
31852,5
31853,4
31854,0
31855,0
31856,4
31857,4
31858,3
31859,3
31860,7
31861,7
31862,1
31863,0
31864,1
31865,0
31866,0
31867,0
31868,1
31869,0
31870,6
31871,0
31872,2
31873,2
31874,0
31875,4
31876,5
31877,2
31878,7
31879,3
31880,8
31881,5
31882,1
31883,1
31884,1
31885,6
31886,0
31887,0
31888,0
31889,0
31890,2
31891,0
31892,0
31893,1
31894,6
31895,1
31896,1
31897,1
31898,0
31899,4
31900,1
31901,2
31902,0
31903,1
31904,0
31905,1
31906,1
31907,0
31908,1
31909,5
31910,0
31911,1
31912,2
31913,1
31914,0
31915,6
31916,3
31917,1
31918,7
31919,1
31920,6
31921,3
31922,0
31923,2
31924,3
31925,0
31926,2
31927,1
31928,3
31929,3
31930,0
31931,0
31932,0
31933,5
31934,0
31935,1
31936,0
31937,0
31938,1
31939,1
31940,0
31941,0
31942,3
31943,4
31944,2
31945,7
31946,3
31947,2
31948,7
31949,3
31950,1
31951,2
31952,3
31953,0
31954,3
31955,3
31956,1
31957,0
31958,1
31959,3
31960,0
31961,1
31962,1
31963,7
31964,6
31965,1
31966,8
31967,1
31968,5
31969,0
31970,1
31971,5
31972,6
31973,1
31974,1
31975,0
31976,4
31977,6
31978,2
31979,1
31980,5
31981,1
31982,0
31983,9
31984,1
31985,6
31986,3
31987,1
31988,0
31989,2
31990,1
31991,5
31992,0
31993,0
31994,3
31995,1
31996,1
31997,1
31998,6
31999,0
32000,1
32001,1
32002,1
32003,3
32004,2
32005,3
32006,0
32007,2
32008,1
32009,1
32010,0
32011,3
32012,0
32013,3
32014,0
32015,3
32016,3
32017,0
32018,1
32019,0
32020,6
32021,2
32022,3
32023,0
32024,0
32025,7
32026,3
32027,2
32028,8
32029,3
32030,3
32031,1
32032,0
32033,2
32034,1
32035,1
32036,3
32037,1
32038,0
32039,3
32040,0
32041,3
32042,0
32043,1
32044,0
32045,0
32046,1
32047,1
32048,1
32049,7
32050,1
32051,0
32052,0
32053,1
32054,6
32055,7
32056,7
32057,1
32058,0
32059,1
32060,0
32061,6
32062,6
32063,6
32064,1
32065,6
32066,7
32067,6
32068,3
32069,0
32070,7
32071,4
32072,1
32073,1
32074,7
32075,0
32076,0
32077,0
32078,0
32079,0
32080,6
32081,0
32082,2
32083,2
32084,1
32085,2
32086,1
32087,1
32088,0
32089,1
32090,7
32091,1
32092,0
32093,0
32094,3
32095,0
32096,1
32097,3
32098,1
32099,0
32100,3
32101,0
32102,0
32103,3
32104,0
32105,1
32106,1
32107,0
32108,3
32109,0
32110,1
32111,7
32112,0
32113,0
32114,0
32115,2
32116,3
32117,1
32118,1
32119,0
32120,7
32121,4
32122,6
32123,3
32124,1
32125,4
32126,9
32127,0
32128,0
32129,6
32130,5
32131,7
32132,0
32133,6
32134,0
32135,0
32136,2
32137,0
32138,0
32139,2
32140,1
32141,0
32142,0
32143,3
32144,1
32145,0
32146,1
32147,9
32148,1
32149,0
32150,3
32151,1
32152,0
32153,7
32154,7
32155,7
32156,5
32157,1
32158,1
32159,1
32160,3
32161,5
32162,3
32163,6
32164,0
32165,4
32166,7
32167,1
32168,3
32169,1
32170,1
32171,3
32172,1
32173,3
32174,7
32175,4
32176,1
32177,6
32178,7
32179,3
32180,1
32181,6
32182,7
32183,0
32184,6
32185,3
32186,1
32187,3
32188,7
32189,3
32190,1
32191,2
32192,0
32193,1
32194,1
32195,3
32196,0
32197,0
32198,2
32199,0
32200,0
32201,3
32202,5
32203,1
32204,8
32205,0
32206,1
32207,0
32208,1
32209,0
32210,1
32211,0
32212,1
32213,6
32214,6
32215,0
32216,1
32217,0
32218,0
32219,2
32220,3
32221,0
32222,0
32223,0
32224,6
32225,0
32226,0
32227,7
32228,3
32229,6
32230,2
32231,5
32232,0
32233,1
32234,1
32235,3
32236,0
32237,0
32238,0
32239,0
32240,1
32241,0
32242,0
32243,1
32244,1
32245,3
32246,3
32247,0
32248,2
32249,0
32250,0
32251,1
32252,2
32253,1
32254,0
32255,2
32256,1
32257,1
32258,3
32259,3
32260,0
32261,0
32262,0
32263,1
32264,0
32265,3
32266,0
32267,2
32268,1
32269,1
32270,6
32271,0
32272,1
32273,7
32274,2
32275,4
32276,0
32277,2
32278,2
32279,0
32280,1
32281,3
32282,0
32283,0
32284,0
32285,0
32286,0
32287,0
32288,0
32289,7
32290,4
32291,1
32292,2
32293,0
32294,0
32295,0
32296,1
32297,5
32298,1
32299,1
32300,0
32301,6
32302,5
32303,1
32304,2
32305,0
32306,0
32307,7
32308,1
32309,6
32310,6
32311,2
32312,0
32313,1
32314,1
32315,7
32316,0
32317,1
32318,1
32319,1
32320,2
32321,7
32322,0
32323,0
32324,2
32325,5
32326,1
32327,1
32328,4
32329,1
32330,1
32331,0
32332,1
32333,0
32334,3
32335,3
32336,1
32337,5
32338,0
32339,2
32340,3
32341,0
32342,0
32343,0
32344,2
32345,3
32346,3
32347,6
32348,1
32349,6
32350,1
32351,3
32352,3
32353,7
32354,2
32355,7
32356,1
32357,6
32358,3
32359,2
32360,0
32361,0
32362,6
32363,5
32364,1
32365,0
32366,1
32367,3
32368,3
32369,7
32370,5
32371,4
32372,7
32373,0
32374,0
32375,0
32376,6
32377,1
32378,5
32379,3
32380,6
32381,2
32382,6
32383,2
32384,2
32385,1
32386,5
32387,3
32388,0
32389,3
32390,3
32391,4
32392,5
32393,2
32394,0
32395,1
32396,0
32397,0
32398,7
32399,3
32400,0
32401,3
32402,1
32403,0
32404,6
32405,6
32406,2
32407,2
32408,1
32409,7
32410,0
32411,0
32412,0
32413,6
32414,3
32415,3
32416,0
32417,1
32418,1
32419,3
32420,0
32421,2
32422,1
32423,0
32424,3
32425,0
32426,0
32427,1
32428,2
32429,5
32430,3
32431,6
32432,1
32433,1
32434,0
32435,0
32436,5
32437,0
32438,1
32439,1
32440,0
32441,1
32442,1
32443,2
32444,7
32445,2
32446,6
32447,2
32448,0
32449,2
32450,0
32451,0
32452,6
32453,0
32454,0
32455,7
32456,7
32457,0
32458,0
32459,4
32460,0
32461,4
32462,1
32463,0
32464,0
32465,6
32466,1
32467,2
32468,1
32469,0
32470,1
32471,5
32472,1
32473,6
32474,4
32475,2
32476,2
32477,3
32478,7
32479,2
32480,2
32481,3
32482,0
32483,0
32484,5
32485,1
32486,0
32487,5
32488,2
32489,5
32490,0
32491,0
32492,1
32493,7
32494,1
32495,0
32496,0
32497,0
32498,0
32499,3
32500,7
32501,3
32502,6
32503,6
32504,5
32505,0
32506,1
32507,0
32508,0
32509,1
32510,2
32511,0
32512,0
32513,1
32514,4
32515,3
32516,3
32517,6
32518,1
32519,5
32520,3
32521,1
32522,0
32523,0
32524,0
32525,7
32526,5
32527,7
32528,1
32529,1
32530,4
32531,1
32532,0
32533,0
32534,7
32535,8
32536,0
32537,1
32538,0
32539,2
32540,0
32541,6
32542,6
32543,2
32544,6
32545,0
32546,3
32547,4
32548,0
32549,0
32550,0
32551,0
32552,4
32553,5
32554,0
32555,0
32556,0
32557,5
32558,0
32559,1
32560,2
32561,1
32562,2
32563,2
32564,8
32565,3
32566,0
32567,0
32568,7
32569,1
32570,0
32571,5
32572,7
32573,5
32574,1
32575,1
32576,2
32577,5
32578,3
32579,5
32580,6
32581,1
32582,7
32583,5
32584,1
32585,1
32586,6
32587,2
32588,2
32589,2
32590,1
32591,0
32592,3
32593,1
32594,0
32595,3
32596,1
32597,3
32598,0
32599,7
32600,5
32601,0
32602,1
32603,0
32604,4
32605,2
32606,3
32607,4
32608,7
32609,0
32610,0
32611,3
32612,0
32613,0
32614,0
32615,1
32616,6
32617,0
32618,3
32619,0
32620,5
32621,5
32622,2
32623,8
32624,0
32625,1
32626,6
32627,2
32628,7
32629,1
32630,2
32631,2
32632,2
32633,0
32634,2
32635,0
32636,0
32637,2
32638,1
32639,3
32640,6
32641,1
32642,4
32643,7
32644,1
32645,1
32646,4
32647,2
32648,1
32649,1
32650,1
32651,0
32652,2
32653,3
32654,4
32655,2
32656,0
32657,2
32658,4
32659,0
32660,1
32661,1
32662,5
32663,1
32664,0
32665,7
32666,1
32667,1
32668,0
32669,0
32670,3
32671,3
32672,2
32673,0
32674,3
32675,0
32676,6
32677,4
32678,2
32679,0
32680,1
32681,3
32682,0
32683,2
32684,0
32685,0
32686,0
32687,1
32688,1
32689,7
32690,7
32691,6
32692,1
32693,0
32694,7
32695,0
32696,3
32697,0
32698,1
32699,0
32700,2
32701,2
32702,1
32703,1
32704,3
32705,0
32706,0
32707,1
32708,0
32709,1
32710,1
32711,3
32712,0
32713,4
32714,6
32715,5
32716,0
32717,0
32718,5
32719,0
32720,2
32721,7
32722,3
32723,2
32724,0
32725,2
32726,4
32727,8
32728,3
32729,1
32730,0
32731,1
32732,6
32733,3
32734,0
32735,0
32736,0
32737,1
32738,0
32739,1
32740,2
32741,3
32742,6
32743,1
32744,0
32745,2
32746,2
32747,5
32748,2
32749,0
32750,2
32751,0
32752,0
32753,2
32754,1
32755,1
32756,0
32757,3
32758,3
32759,0
32760,2
32761,0
32762,0
32763,8
32764,0
32765,3
32766,0
32767,3
32768,0
32769,1
32770,4
32771,1
32772,3
32773,8
32774,3
32775,0
32776,0
32777,1
32778,2
32779,6
32780,1
32781,0
32782,0
32783,2
32784,0
32785,0
32786,0
32787,1
32788,0
32789,1
32790,1
32791,0
32792,1
32793,1
32794,2
32795,1
32796,4
32797,0
32798,0
32799,6
32800,0
32801,7
32802,0
32803,0
32804,0
32805,1
32806,0
32807,3
32808,3
32809,1
32810,6
32811,2
32812,7
32813,4
32814,1
32815,0
32816,3
32817,0
32818,0
32819,0
32820,8
32821,3
32822,7
32823,1
32824,4
32825,2
32826,0
32827,0
32828,7
32829,0
32830,0
32831,2
32832,1
32833,6
32834,0
32835,0
32836,0
32837,2
32838,3
32839,0
32840,5
32841,3
32842,1
32843,8
32844,1
32845,3
32846,1
32847,1
32848,3
32849,0
32850,7
32851,5
32852,5
32853,1
32854,1
32855,0
32856,1
32857,1
32858,4
32859,1
32860,2
32861,1
32862,0
32863,6
32864,2
32865,1
32866,3
32867,2
32868,0
32869,2
32870,2
32871,1
32872,0
32873,7
32874,1
32875,5
32876,3
32877,0
32878,7
32879,2
32880,6
32881,2
32882,0
32883,1
32884,0
32885,0
32886,1
32887,7
32888,6
32889,0
32890,1
32891,2
32892,2
32893,3
32894,0
32895,1
32896,6
32897,1
32898,0
32899,4
32900,5
32901,1
32902,5
32903,1
32904,1
32905,2
32906,2
32907,0
32908,0
32909,3
32910,0
32911,5
32912,1
32913,0
32914,0
32915,0
32916,0
32917,5
32918,1
32919,0
32920,0
32921,0
32922,3
32923,6
32924,3
32925,3
32926,0
32927,1
32928,6
32929,0
32930,1
32931,4
32932,1
32933,0
32934,2
32935,6
32936,2
32937,3
32938,7
32939,0
32940,0
32941,1
32942,0
32943,0
32944,0
32945,0
32946,5
32947,0
32948,5
32949,0
32950,1
32951,0
32952,2
32953,6
32954,7
32955,0
32956,3
32957,6
32958,0
32959,2
32960,0
32961,7
32962,0
32963,2
32964,1
32965,1
32966,2
32967,1
32968,1
32969,0
32970,0
32971,0
32972,0
32973,1
32974,0
32975,0
32976,1
32977,1
32978,1
32979,7
32980,8
32981,3
32982,6
32983,1
32984,7
32985,7
32986,6
32987,0
32988,0
32989,0
32990,7
32991,5
32992,0
32993,1
32994,2
32995,0
32996,3
32997,7
32998,0
32999,2
33000,5
33001,1
33002,8
33003,0
33004,3
33005,3
33006,1
33007,3
33008,6
33009,1
33010,0
33011,2
33012,1
33013,1
33014,1
33015,0
33016,2
33017,3
33018,0
33019,0
33020,2
33021,0
33022,1
33023,4
33024,0
33025,2
33026,3
33027,0
33028,1
33029,3
33030,2
33031,2
33032,2
33033,0
33034,1
33035,0
33036,0
33037,4
33038,0
33039,0
33040,0
33041,4
33042,6
33043,6
33044,3
33045,5
33046,0
33047,1
33048,1
33049,0
33050,3
33051,0
33052,0
33053,1
33054,1
33055,0
33056,0
33057,0
33058,1
33059,0
33060,0
33061,4
33062,1
33063,0
33064,0
33065,0
33066,5
33067,0
33068,4
33069,3
33070,1
33071,1
33072,0
33073,2
33074,2
33075,0
33076,6
33077,3
33078,0
33079,3
33080,0
33081,6
33082,0
33083,2
33084,2
33085,0
33086,1
33087,0
33088,3
33089,6
33090,3
33091,0
33092,0
33093,5
33094,3
33095,3
33096,4
33097,1
33098,1
33099,0
33100,8
33101,0
33102,1
33103,0
33104,1
33105,7
33106,5
33107,0
33108,3
33109,7
33110,0
33111,1
33112,0
33113,0
33114,0
33115,3
33116,1
33117,1
33118,1
33119,0
33120,3
33121,1
33122,0
33123,6
33124,1
33125,2
33126,0
33127,0
33128,0
33129,0
33130,1
33131,1
33132,7
33133,0
33134,2
33135,2
33136,1
33137,3
33138,2
33139,3
33140,1
33141,2
33142,6
33143,6
33144,1
33145,0
33146,5
33147,2
33148,0
33149,0
33150,5
33151,0
33152,0
33153,3
33154,1
33155,1
33156,0
33157,0
33158,1
33159,0
33160,1
33161,2
33162,3
33163,0
33164,0
33165,1
33166,0
33167,0
33168,0
33169,0
33170,6
33171,6
33172,1
33173,4
33174,1
33175,3
33176,4
33177,0
33178,1
33179,0
33180,1
33181,6
33182,3
33183,6
33184,3
33185,3
33186,1
33187,4
33188,0
33189,0
33190,3
33191,1
33192,0
33193,0
33194,2
33195,7
33196,0
33197,1
33198,3
33199,0
33200,3
33201,3
33202,0
33203,5
33204,3
33205,1
33206,1
33207,3
33208,7
33209,1
33210,1
33211,1
33212,1
33213,0
33214,0
33215,1
33216,0
33217,4
33218,0
33219,1
33220,1
33221,4
33222,3
33223,1
33224,5
33225,3
33226,6
33227,2
33228,1
33229,2
33230,0
33231,2
33232,6
33233,4
33234,3
33235,0
33236,3
33237,1
33238,8
33239,1
33240,5
33241,3
33242,4
33243,7
33244,6
33245,0
33246,6
33247,1
33248,5
33249,4
33250,0
33251,0
33252,0
33253,1
33254,0
33255,6
33256,6
33257,0
33258,2
33259,4
33260,2
33261,0
33262,3
33263,3
33264,5
33265,1
33266,0
33267,1
33268,4
33269,0
33270,2
33271,1
33272,6
33273,6
33274,3
33275,0
33276,1
33277,0
33278,0
33279,2
33280,2
33281,2
33282,7
33283,4
33284,1
33285,0
33286,2
33287,0
33288,1
33289,0
33290,0
33291,1
33292,1
33293,2
33294,1
33295,2
33296,0
33297,1
33298,0
33299,0
33300,2
33301,3
33302,0
33303,2
33304,2
33305,0
33306,7
33307,3
33308,7
33309,2
33310,1
33311,0
33312,7
33313,6
33314,6
33315,0
33316,4
33317,0
33318,5
33319,4
33320,4
33321,2
33322,4
33323,2
33324,1
33325,0
33326,5
33327,3
33328,6
33329,4
33330,6
33331,2
33332,0
33333,1
33334,0
33335,0
33336,5
33337,0
33338,0
33339,1
33340,3
33341,4
33342,7
33343,1
33344,0
33345,1
33346,0
33347,7
33348,1
33349,6
33350,0
33351,2
33352,1
33353,0
33354,0
33355,4
33356,7
33357,0
33358,0
33359,3
33360,2
33361,6
33362,2
33363,2
33364,3
33365,6
33366,6
33367,6
33368,0
33369,1
33370,1
33371,7
33372,1
33373,2
33374,1
33375,0
33376,3
33377,6
33378,4
33379,1
33380,1
33381,7
33382,1
33383,0
33384,4
33385,2
33386,0
33387,1
33388,1
33389,4
33390,0
33391,0
33392,4
33393,3
33394,1
33395,6
33396,0
33397,2
33398,4
33399,0
33400,8
33401,0
33402,0
33403,3
33404,4
33405,0
33406,3
33407,3
33408,0
33409,2
33410,0
33411,0
33412,1
33413,1
33414,0
33415,0
33416,1
33417,0
33418,3
33419,3
33420,0
33421,2
33422,2
33423,0
33424,5
33425,3
33426,2
33427,0
33428,2
33429,1
33430,0
33431,5
33432,2
33433,5
33434,2
33435,7
33436,0
33437,1
33438,3
33439,6
33440,1
33441,2
33442,6
33443,0
33444,7
33445,0
33446,3
33447,1
33448,1
33449,0
33450,0
33451,0
33452,0
33453,2
33454,0
33455,6
33456,3
33457,3
33458,0
33459,3
33460,3
33461,3
33462,0
33463,0
33464,1
33465,2
33466,1
33467,3
33468,0
33469,0
33470,2
33471,0
33472,3
33473,0
33474,1
33475,0
33476,2
33477,0
33478,1
33479,0
33480,1
33481,0
33482,5
33483,0
33484,1
33485,1
33486,0
33487,3
33488,0
33489,2
33490,7
33491,5
33492,0
33493,3
33494,3
33495,1
33496,1
33497,0
33498,1
33499,0
33500,5
33501,6
33502,1
33503,7
33504,3
33505,5
33506,7
33507,0
33508,0
33509,2
33510,1
33511,6
33512,3
33513,0
33514,0
33515,3
33516,0
33517,1
33518,0
33519,0
33520,0
33521,0
33522,0
33523,0
33524,1
33525,2
33526,2
33527,0
33528,0
33529,0
33530,0
33531,0
33532,0
33533,1
33534,0
33535,0
33536,1
33537,1
33538,0
33539,3
33540,3
33541,0
33542,6
33543,0
33544,0
33545,3
33546,5
33547,1
33548,6
33549,0
33550,4
33551,6
33552,1
33553,3
33554,1
33555,0
33556,7
33557,3
33558,0
33559,1
33560,3
33561,0
33562,6
33563,1
33564,1
33565,0
33566,1
33567,4
33568,1
33569,4
33570,1
33571,3
33572,0
33573,0
33574,4
33575,5
33576,0
33577,1
33578,1
33579,3
33580,1
33581,0
33582,3
33583,0
33584,0
33585,0
33586,2
33587,0
33588,5
33589,0
33590,5
33591,1
33592,3
33593,0
33594,2
33595,7
33596,0
33597,1
33598,4
33599,3
33600,0
33601,1
33602,1
33603,6
33604,4
33605,4
33606,2
33607,1
33608,7
33609,6
33610,1
33611,6
33612,1
33613,2
33614,1
33615,6
33616,3
33617,2
33618,0
33619,0
33620,2
33621,0
33622,1
33623,6
33624,3
33625,0
33626,1
33627,0
33628,1
33629,7
33630,3
33631,3
33632,0
33633,1
33634,3
33635,4
33636,2
33637,3
33638,0
33639,0
33640,3
33641,2
33642,0
33643,1
33644,1
33645,1
33646,3
33647,0
33648,2
33649,1
33650,3
33651,6
33652,1
33653,0
33654,1
33655,8
33656,0
33657,8
33658,3
33659,7
33660,1
33661,0
33662,2
33663,0
33664,8
33665,6
33666,3
33667,6
33668,0
33669,0
33670,1
33671,2
33672,0
33673,1
33674,2
33675,1
33676,7
33677,1
33678,0
33679,5
33680,5
33681,2
33682,1
33683,6
33684,1
33685,2
33686,1
33687,4
33688,6
33689,1
33690,1
33691,3
33692,2
33693,0
33694,0
33695,7
33696,4
33697,8
33698,3
33699,1
33700,3
33701,3
33702,0
33703,7
33704,8
33705,0
33706,0
33707,1
33708,0
33709,1
33710,0
33711,1
33712,0
33713,0
33714,0
33715,5
33716,8
33717,3
33718,0
33719,1
33720,0
33721,1
33722,2
33723,5
33724,1
33725,1
33726,0
33727,2
33728,3
33729,2
33730,1
33731,0
33732,2
33733,0
33734,0
33735,0
33736,2
33737,6
33738,0
33739,0
33740,1
33741,0
33742,3
33743,3
33744,1
33745,0
33746,0
33747,6
33748,3
33749,0
33750,1
33751,7
33752,3
33753,8
33754,0
33755,3
33756,1
33757,0
33758,6
33759,7
33760,4
33761,3
33762,2
33763,2
33764,6
33765,0
33766,1
33767,5
33768,1
33769,1
33770,1
33771,0
33772,6
33773,2
33774,5
33775,5
33776,5
33777,1
33778,1
33779,3
33780,5
33781,2
33782,0
33783,1
33784,0
33785,7
33786,0
33787,3
33788,1
33789,2
33790,1
33791,2
33792,0
33793,3
33794,3
33795,0
33796,0
33797,1
33798,1
33799,6
33800,5
33801,0
33802,0
33803,0
33804,2
33805,1
33806,0
33807,1
33808,6
33809,0
33810,1
33811,1
33812,0
33813,1
33814,1
33815,3
33816,0
33817,5
33818,2
33819,0
33820,6
33821,0
33822,1
33823,0
33824,4
33825,1
33826,0
33827,0
33828,3
33829,2
33830,1
33831,7
33832,6
33833,3
33834,0
33835,2
33836,6
33837,1
33838,0
33839,2
33840,1
33841,1
33842,2
33843,0
33844,5
33845,1
33846,5
33847,4
33848,2
33849,0
33850,0
33851,6
33852,0
33853,3
33854,6
33855,0
33856,3
33857,7
33858,3
33859,7
33860,1
33861,6
33862,0
33863,6
33864,7
33865,4
33866,3
33867,1
33868,1
33869,0
33870,1
33871,0
33872,1
33873,2
33874,0
33875,0
33876,3
33877,1
33878,2
33879,1
33880,1
33881,0
33882,0
33883,0
33884,5
33885,0
33886,2
33887,4
33888,1
33889,0
33890,1
33891,1
33892,5
33893,0
33894,1
33895,1
33896,1
33897,6
33898,1
33899,2
33900,0
33901,3
33902,6
33903,6
33904,0
33905,5
33906,3
33907,5
33908,0
33909,6
33910,0
33911,3
33912,1
33913,3
33914,0
33915,1
33916,0
33917,1
33918,6
33919,0
33920,5
33921,0
33922,5
33923,1
33924,0
33925,3
33926,6
33927,0
33928,6
33929,0
33930,2
33931,1
33932,1
33933,1
33934,5
33935,1
33936,0
33937,0
33938,3
33939,0
33940,0
33941,1
33942,1
33943,1
33944,0
33945,0
33946,1
33947,1
33948,6
33949,6
33950,0
33951,1
33952,7
33953,8
33954,3
33955,5
33956,6
33957,5
33958,4
33959,3
33960,0
33961,7
33962,1
33963,1
33964,5
33965,1
33966,6
33967,2
33968,7
33969,3
33970,3
33971,0
33972,3
33973,0
33974,1
33975,2
33976,1
33977,1
33978,3
33979,1
33980,7
33981,3
33982,8
33983,5
33984,1
33985,0
33986,3
33987,2
33988,3
33989,7
33990,0
33991,7
33992,1
33993,1
33994,0
33995,2
33996,1
33997,5
33998,2
33999,7
34000,3
34001,1
34002,0
34003,3
34004,1
34005,0
34006,1
34007,3
34008,3
34009,0
34010,1
34011,0
34012,1
34013,2
34014,7
34015,0
34016,4
34017,1
34018,0
34019,3
34020,6
34021,4
34022,0
34023,0
34024,0
34025,7
34026,1
34027,0
34028,1
34029,3
34030,2
34031,0
34032,2
34033,1
34034,5
34035,2
34036,2
34037,2
34038,7
34039,2
34040,0
34041,0
34042,7
34043,0
34044,1
34045,0
34046,3
34047,0
34048,5
34049,0
34050,3
34051,1
34052,3
34053,0
34054,1
34055,1
34056,6
34057,0
34058,0
34059,1
34060,0
34061,2
34062,7
34063,0
34064,0
34065,3
34066,0
34067,1
34068,0
34069,0
34070,1
34071,1
34072,0
34073,1
34074,2
34075,2
34076,6
34077,7
34078,5
34079,1
34080,1
34081,3
34082,1
34083,7
34084,3
34085,6
34086,0
34087,3
34088,7
34089,0
34090,7
34091,0
34092,3
34093,1
34094,4
34095,3
34096,0
34097,3
34098,3
34099,3
34100,5
34101,7
34102,5
34103,0
34104,1
34105,0
34106,5
34107,1
34108,0
34109,1
34110,6
34111,7
34112,1
34113,0
34114,1
34115,2
34116,3
34117,3
34118,7
34119,6
34120,1
34121,1
34122,7
34123,0
34124,5
34125,6
34126,0
34127,3
34128,3
34129,4
34130,0
34131,3
34132,1
34133,1
34134,6
34135,1
34136,1
34137,1
34138,3
34139,5
34140,1
34141,3
34142,0
34143,3
34144,6
34145,0
34146,1
34147,2
34148,0
34149,0
34150,3
34151,1
34152,0
34153,6
34154,3
34155,0
34156,0
34157,0
34158,1
34159,3
34160,3
34161,1
34162,5
34163,7
34164,3
34165,0
34166,3
34167,7
34168,0
34169,3
34170,3
34171,3
34172,0
34173,1
34174,1
34175,1
34176,1
34177,0
34178,0
34179,0
34180,1
34181,0
34182,1
34183,3
34184,0
34185,4
34186,7
34187,5
34188,1
34189,3
34190,1
34191,6
34192,6
34193,7
34194,2
34195,7
34196,6
34197,0
34198,1
34199,0
34200,2
34201,7
34202,2
34203,0
34204,5
34205,0
34206,1
34207,1
34208,3
34209,3
34210,0
34211,3
34212,1
34213,3
34214,2
34215,7
34216,0
34217,5
34218,3
34219,1
34220,2
34221,2
34222,0
34223,3
34224,0
34225,1
34226,0
34227,1
34228,1
34229,6
34230,0
34231,6
34232,4
34233,7
34234,3
34235,1
34236,0
34237,2
34238,5
34239,0
34240,2
34241,1
34242,0
34243,1
34244,4
34245,2
34246,3
34247,3
34248,0
34249,3
34250,2
34251,6
34252,0
34253,0
34254,2
34255,0
34256,3
34257,7
34258,1
34259,6
34260,4
34261,1
34262,3
34263,7
34264,1
34265,6
34266,0
34267,0
34268,5
34269,0
34270,0
34271,2
34272,1
34273,0
34274,0
34275,0
34276,0
34277,4
34278,0
34279,2
34280,6
34281,0
34282,2
34283,3
34284,0
34285,0
34286,2
34287,0
34288,0
34289,0
34290,1
34291,3
34292,1
34293,1
34294,5
34295,1
34296,0
34297,0
34298,0
34299,2
34300,8
34301,1
34302,5
34303,2
34304,5
34305,0
34306,0
34307,0
34308,3
34309,0
34310,7
34311,5
34312,6
34313,0
34314,2
34315,1
34316,1
34317,8
34318,1
34319,0
34320,1
34321,6
34322,0
34323,0
34324,7
34325,0
34326,0
34327,2
34328,0
34329,0
34330,0
34331,0
34332,0
34333,1
34334,0
34335,1
34336,2
34337,3
34338,0
34339,0
34340,3
34341,1
34342,3
34343,0
34344,0
34345,0
34346,0
34347,0
34348,2
34349,0
34350,0
34351,4
34352,5
34353,6
34354,0
34355,6
34356,3
34357,1
34358,3
34359,1
34360,0
34361,2
34362,7
34363,0
34364,2
34365,3
34366,0
34367,5
34368,1
34369,3
34370,6
34371,1
34372,5
34373,1
34374,5
34375,0
34376,3
34377,3
34378,5
34379,3
34380,0
34381,2
34382,1
34383,1
34384,1
34385,0
34386,0
34387,7
34388,1
34389,0
34390,7
34391,0
34392,7
34393,0
34394,3
34395,3
34396,3
34397,0
34398,2
34399,1
34400,0
34401,6
34402,3
34403,6
34404,3
34405,0
34406,6
34407,6
34408,7
34409,0
34410,1
34411,1
34412,7
34413,0
34414,3
34415,0
34416,2
34417,1
34418,0
34419,6
34420,3
34421,0
34422,3
34423,1
34424,1
34425,0
34426,8
34427,3
34428,2
34429,0
34430,1
34431,0
34432,2
34433,0
34434,1
34435,3
34436,0
34437,6
34438,0
34439,3
34440,1
34441,1
34442,0
34443,0
34444,0
34445,7
34446,0
34447,0
34448,0
34449,1
34450,2
34451,0
34452,0
34453,0
34454,7
34455,3
34456,0
34457,3
34458,1
34459,1
34460,6
34461,0
34462,7
34463,3
34464,3
34465,0
34466,4
34467,3
34468,6
34469,1
34470,0
34471,0
34472,7
34473,4
34474,1
34475,0
34476,0
34477,0
34478,3
34479,0
34480,0
34481,1
34482,0
34483,6
34484,0
34485,2
34486,2
34487,0
34488,0
34489,6
34490,1
34491,5
34492,2
34493,4
34494,1
34495,6
34496,3
34497,7
34498,7
34499,3
34500,0
34501,1
34502,0
34503,1
34504,3
34505,0
34506,3
34507,3
34508,7
34509,0
34510,0
34511,1
34512,0
34513,1
34514,3
34515,3
34516,1
34517,3
34518,1
34519,1
34520,1
34521,1
34522,0
34523,0
34524,0
34525,1
34526,7
34527,1
34528,3
34529,2
34530,2
34531,2
34532,0
34533,2
34534,0
34535,1
34536,0
34537,0
34538,0
34539,3
34540,0
34541,7
34542,3
34543,0
34544,1
34545,0
34546,0
34547,7
34548,0
34549,6
34550,0
34551,2
34552,2
34553,1
34554,0
34555,7
34556,0
34557,5
34558,0
34559,0
34560,6
34561,1
34562,2
34563,3
34564,1
34565,8
34566,2
34567,0
34568,0
34569,2
34570,1
34571,0
34572,1
34573,4
34574,4
34575,0
34576,7
34577,1
34578,0
34579,1
34580,0
34581,1
34582,0
34583,7
34584,0
34585,1
34586,0
34587,2
34588,1
34589,0
34590,1
34591,0
34592,0
34593,0
34594,2
34595,7
34596,7
34597,0
34598,1
34599,0
34600,1
34601,2
34602,0
34603,1
34604,1
34605,2
34606,3
34607,0
34608,8
34609,7
34610,1
34611,0
34612,1
34613,0
34614,1
34615,2
34616,5
34617,1
34618,3
34619,0
34620,3
34621,1
34622,1
34623,7
34624,1
34625,0
34626,0
34627,3
34628,7
34629,7
34630,0
34631,0
34632,0
34633,3
34634,5
34635,1
34636,0
34637,1
34638,0
34639,4
34640,3
34641,1
34642,0
34643,0
34644,5
34645,0
34646,5
34647,1
34648,1
34649,1
34650,3
34651,1
34652,1
34653,0
34654,6
34655,1
34656,1
34657,0
34658,1
34659,3
34660,1
34661,1
34662,0
34663,0
34664,6
34665,0
34666,1
34667,3
34668,0
34669,3
34670,2
34671,1
34672,1
34673,1
34674,0
34675,6
34676,7
34677,0
34678,1
34679,6
34680,0
34681,0
34682,0
34683,2
34684,1
34685,0
34686,4
34687,3
34688,4
34689,2
34690,0
34691,1
34692,5
34693,0
34694,0
34695,3
34696,0
34697,1
34698,0
34699,1
34700,1
34701,1
34702,3
34703,3
34704,1
34705,0
34706,0
34707,0
34708,1
34709,5
34710,7
34711,0
34712,0
34713,1
34714,7
34715,2
34716,7
34717,2
34718,3
34719,7
34720,0
34721,2
34722,2
34723,0
34724,3
34725,0
34726,2
34727,6
34728,0
34729,3
34730,4
34731,5
34732,1
34733,6
34734,0
34735,0
34736,2
34737,7
34738,3
34739,0
34740,0
34741,1
34742,1
34743,4
34744,6
34745,0
34746,6
34747,3
34748,0
34749,0
34750,0
34751,1
34752,0
34753,1
34754,3
34755,0
34756,5
34757,3
34758,1
34759,4
34760,1
34761,0
34762,6
34763,6
34764,4
34765,0
34766,3
34767,0
34768,0
34769,1
34770,1
34771,1
34772,6
34773,1
34774,2
34775,0
34776,7
34777,6
34778,1
34779,1
34780,0
34781,2
34782,0
34783,3
34784,6
34785,1
34786,1
34787,0
34788,0
34789,5
34790,0
34791,1
34792,2
34793,1
34794,3
34795,1
34796,2
34797,2
34798,3
34799,0
34800,0
34801,0
34802,0
34803,1
34804,1
34805,0
34806,6
34807,2
34808,2
34809,0
34810,0
34811,3
34812,1
34813,7
34814,4
34815,3
34816,6
34817,3
34818,0
34819,0
34820,5
34821,7
34822,5
34823,2
34824,6
34825,1
34826,2
34827,0
34828,0
34829,0
34830,2
34831,3
34832,0
34833,7
34834,0
34835,0
34836,0
34837,0
34838,7
34839,7
34840,3
34841,0
34842,7
34843,5
34844,1
34845,7
34846,0
34847,0
34848,3
34849,7
34850,0
34851,3
34852,8
34853,0
34854,1
34855,8
34856,3
34857,1
34858,0
34859,2
34860,2
34861,1
34862,2
34863,1
34864,2
34865,3
34866,4
34867,1
34868,5
34869,2
34870,1
34871,7
34872,0
34873,3
34874,0
34875,1
34876,1
34877,0
34878,2
34879,1
34880,1
34881,5
34882,0
34883,0
34884,3
34885,0
34886,2
34887,1
34888,0
34889,0
34890,0
34891,0
34892,1
34893,0
34894,7
34895,0
34896,1
34897,0
34898,3
34899,0
34900,4
34901,0
34902,7
34903,1
34904,0
34905,7
34906,5
34907,2
34908,0
34909,0
34910,7
34911,1
34912,7
34913,1
34914,2
34915,0
34916,0
34917,1
34918,1
34919,2
34920,2
34921,0
34922,4
34923,2
34924,0
34925,3
34926,1
34927,6
34928,0
34929,5
34930,3
34931,5
34932,0
34933,5
34934,1
34935,3
34936,1
34937,5
34938,6
34939,2
34940,4
34941,5
34942,7
34943,2
34944,3
34945,0
34946,6
34947,2
34948,6
34949,1
34950,1
34951,3
34952,0
34953,1
34954,0
34955,0
34956,0
34957,0
34958,2
34959,3
34960,1
34961,0
34962,0
34963,0
34964,1
34965,0
34966,3
34967,4
34968,0
34969,1
34970,2
34971,3
34972,2
34973,0
34974,0
34975,1
34976,1
34977,6
34978,0
34979,1
34980,1
34981,3
34982,3
34983,2
34984,1
34985,0
34986,0
34987,1
34988,3
34989,2
34990,3
34991,2
34992,0
34993,6
34994,0
34995,6
34996,3
34997,0
34998,0
34999,4
35000,2
35001,0
35002,0
35003,3
35004,0
35005,7
35006,0
35007,1
35008,3
35009,0
35010,0
35011,0
35012,3
35013,4
35014,1
35015,1
35016,6
35017,0
35018,6
35019,1
35020,1
35021,0
35022,1
35023,5
35024,0
35025,3
35026,2
35027,0
35028,7
35029,7
35030,6
35031,4
35032,0
35033,0
35034,2
35035,0
35036,0
35037,1
35038,0
35039,0
35040,2
35041,2
35042,7
35043,0
35044,0
35045,2
35046,0
35047,1
35048,6
35049,1
35050,2
35051,7
35052,2
35053,2
35054,1
35055,1
35056,1
35057,0
35058,1
35059,1
35060,0
35061,3
35062,0
35063,0
35064,0
35065,0
35066,3
35067,1
35068,3
35069,3
35070,7
35071,0
35072,6
35073,3
35074,1
35075,1
35076,0
35077,1
35078,6
35079,2
35080,1
35081,8
35082,2
35083,2
35084,6
35085,4
35086,1
35087,0
35088,6
35089,5
35090,6
35091,0
35092,1
35093,0
35094,7
35095,1
35096,3
35097,0
35098,1
35099,1
35100,1
35101,1
35102,1
35103,2
35104,2
35105,3
35106,3
35107,2
35108,0
35109,0
35110,4
35111,6
35112,5
35113,1
35114,0
35115,1
35116,1
35117,3
35118,3
35119,3
35120,3
35121,2
35122,3
35123,4
35124,3
35125,0
35126,2
35127,4
35128,0
35129,7
35130,0
35131,3
35132,5
35133,4
35134,4
35135,0
35136,0
35137,1
35138,0
35139,0
35140,0
35141,2
35142,0
35143,6
35144,3
35145,2
35146,5
35147,0
35148,1
35149,1
35150,3
35151,3
35152,0
35153,1
35154,0
35155,0
35156,3
35157,3
35158,0
35159,2
35160,0
35161,2
35162,2
35163,0
35164,0
35165,7
35166,0
35167,0
35168,0
35169,1
35170,0
35171,0
35172,3
35173,0
35174,0
35175,2
35176,0
35177,0
35178,1
35179,2
35180,2
35181,7
35182,4
35183,1
35184,0
35185,0
35186,0
35187,7
35188,1
35189,0
35190,0
35191,6
35192,0
35193,1
35194,0
35195,3
35196,5
35197,7
35198,3
35199,1
35200,0
35201,7
35202,2
35203,0
35204,1
35205,2
35206,1
35207,0
35208,3
35209,1
35210,6
35211,0
35212,0
35213,3
35214,1
35215,1
35216,4
35217,1
35218,0
35219,1
35220,2
35221,1
35222,6
35223,2
35224,1
35225,0
35226,0
35227,1
35228,0
35229,3
35230,7
35231,1
35232,0
35233,1
35234,1
35235,1
35236,1
35237,2
35238,6
35239,2
35240,1
35241,3
35242,1
35243,0
35244,1
35245,7
35246,0
35247,3
35248,1
35249,3
35250,1
35251,6
35252,1
35253,7
35254,1
35255,4
35256,0
35257,0
35258,0
35259,2
35260,5
35261,1
35262,1
35263,0
35264,0
35265,7
35266,3
35267,3
35268,1
35269,0
35270,5
35271,0
35272,1
35273,2
35274,3
35275,2
35276,6
35277,2
35278,1
35279,3
35280,1
35281,0
35282,6
35283,1
35284,2
35285,0
35286,0
35287,4
35288,3
35289,2
35290,7
35291,3
35292,6
35293,1
35294,1
35295,0
35296,0
35297,2
35298,3
35299,0
35300,1
35301,1
35302,5
35303,6
35304,8
35305,1
35306,3
35307,1
35308,0
35309,6
35310,1
35311,0
35312,0
35313,2
35314,1
35315,2
35316,5
35317,7
35318,1
35319,3
35320,1
35321,2
35322,3
35323,2
35324,4
35325,0
35326,3
35327,0
35328,0
35329,8
35330,0
35331,6
35332,0
35333,1
35334,3
35335,0
35336,0
35337,2
35338,0
35339,1
35340,2
35341,6
35342,1
35343,0
35344,3
35345,5
35346,0
35347,2
35348,0
35349,0
35350,3
35351,5
35352,0
35353,0
35354,3
35355,0
35356,1
35357,1
35358,5
35359,0
35360,0
35361,0
35362,1
35363,1
35364,1
35365,0
35366,3
35367,0
35368,1
35369,2
35370,0
35371,5
35372,0
35373,8
35374,1
35375,3
35376,3
35377,0
35378,3
35379,3
35380,1
35381,0
35382,1
35383,5
35384,0
35385,0
35386,1
35387,0
35388,1
35389,0
35390,2
35391,1
35392,4
35393,2
35394,0
35395,1
35396,5
35397,0
35398,0
35399,1
35400,0
35401,1
35402,0
35403,5
35404,3
35405,0
35406,1
35407,0
35408,5
35409,1
35410,3
35411,0
35412,0
35413,0
35414,0
35415,6
35416,3
35417,0
35418,3
35419,0
35420,0
35421,7
35422,1
35423,0
35424,6
35425,3
35426,2
35427,0
35428,0
35429,0
35430,2
35431,1
35432,0
35433,0
35434,7
35435,0
35436,0
35437,2
35438,0
35439,6
35440,2
35441,2
35442,0
35443,0
35444,3
35445,3
35446,0
35447,6
35448,0
35449,3
35450,1
35451,1
35452,3
35453,1
35454,0
35455,3
35456,3
35457,7
35458,0
35459,0
35460,4
35461,1
35462,6
35463,4
35464,7
35465,4
35466,3
35467,1
35468,1
35469,3
35470,1
35471,4
35472,0
35473,3
35474,5
35475,0
35476,2
35477,6
35478,3
35479,0
35480,0
35481,1
35482,1
35483,0
35484,1
35485,0
35486,0
35487,2
35488,1
35489,2
35490,2
35491,7
35492,2
35493,0
35494,3
35495,5
35496,0
35497,9
35498,1
35499,6
35500,3
35501,1
35502,3
35503,3
35504,2
35505,7
35506,4
35507,1
35508,1
35509,2
35510,1
35511,6
35512,2
35513,0
35514,0
35515,0
35516,0
35517,0
35518,0
35519,6
35520,2
35521,6
35522,1
35523,0
35524,2
35525,1
35526,1
35527,7
35528,1
35529,1
35530,5
35531,1
35532,0
35533,5
35534,0
35535,0
35536,0
35537,0
35538,1
35539,0
35540,1
35541,4
35542,2
35543,0
35544,3
35545,3
35546,3
35547,2
35548,2
35549,0
35550,7
35551,2
35552,2
35553,3
35554,2
35555,7
35556,0
35557,6
35558,1
35559,1
35560,6
35561,0
35562,0
35563,3
35564,0
35565,0
35566,1
35567,0
35568,6
35569,3
35570,1
35571,0
35572,3
35573,0
35574,0
35575,3
35576,3
35577,6
35578,2
35579,1
35580,0
35581,1
35582,4
35583,6
35584,3
35585,0
35586,1
35587,6
35588,3
35589,2
35590,2
35591,3
35592,2
35593,0
35594,1
35595,1
35596,3
35597,5
35598,6
35599,1
35600,0
35601,3
35602,3
35603,6
35604,1
35605,7
35606,2
35607,0
35608,0
35609,0
35610,4
35611,5
35612,1
35613,1
35614,6
35615,1
35616,1
35617,0
35618,5
35619,1
35620,0
35621,3
35622,1
35623,2
35624,1
35625,4
35626,3
35627,0
35628,6
35629,5
35630,0
35631,3
35632,2
35633,1
35634,3
35635,2
35636,0
35637,2
35638,1
35639,7
35640,1
35641,0
35642,0
35643,2
35644,6
35645,1
35646,2
35647,1
35648,5
35649,1
35650,0
35651,0
35652,1
35653,4
35654,3
35655,1
35656,7
35657,1
35658,4
35659,3
35660,6
35661,5
35662,6
35663,2
35664,3
35665,0
35666,0
35667,0
35668,0
35669,0
35670,0
35671,0
35672,1
35673,0
35674,2
35675,5
35676,3
35677,4
35678,1
35679,0
35680,5
35681,6
35682,1
35683,7
35684,2
35685,2
35686,0
35687,1
35688,0
35689,1
35690,2
35691,1
35692,0
35693,0
35694,0
35695,0
35696,3
35697,0
35698,1
35699,3
35700,3
35701,1
35702,1
35703,3
35704,6
35705,7
35706,0
35707,1
35708,3
35709,0
35710,4
35711,1
35712,6
35713,1
35714,0
35715,0
35716,0
35717,1
35718,3
35719,6
35720,7
35721,0
35722,3
35723,0
35724,0
35725,4
35726,2
35727,0
35728,1
35729,4
35730,4
35731,0
35732,0
35733,1
35734,2
35735,7
35736,7
35737,6
35738,7
35739,2
35740,0
35741,0
35742,3
35743,2
35744,1
35745,0
35746,0
35747,1
35748,1
35749,1
35750,2
35751,1
35752,2
35753,7
35754,0
35755,6
35756,6
35757,2
35758,0
35759,6
35760,1
35761,1
35762,0
35763,6
35764,3
35765,0
35766,1
35767,2
35768,7
35769,0
35770,1
35771,1
35772,0
35773,0
35774,0
35775,7
35776,1
35777,0
35778,3
35779,6
35780,0
35781,5
35782,1
35783,7
35784,0
35785,0
35786,0
35787,2
35788,0
35789,7
35790,7
35791,3
35792,3
35793,0
35794,0
35795,0
35796,3
35797,1
35798,0
35799,0
35800,0
35801,1
35802,0
35803,1
35804,6
35805,3
35806,5
35807,3
35808,3
35809,3
35810,6
35811,1
35812,2
35813,1
35814,4
35815,0
35816,1
35817,3
35818,7
35819,6
35820,0
35821,1
35822,7
35823,1
35824,1
35825,5
35826,2
35827,3
35828,5
35829,0
35830,1
35831,0
35832,2
35833,1
35834,0
35835,0
35836,0
35837,3
35838,8
35839,7
35840,5
35841,0
35842,1
35843,3
35844,2
35845,0
35846,1
35847,2
35848,1
35849,0
35850,0
35851,0
35852,0
35853,1
35854,6
35855,1
35856,0
35857,0
35858,7
35859,0
35860,3
35861,0
35862,7
35863,6
35864,3
35865,7
35866,1
35867,0
35868,6
35869,0
35870,0
35871,5
35872,1
35873,0
35874,1
35875,5
35876,2
35877,4
35878,2
35879,7
35880,1
35881,2
35882,7
35883,2
35884,0
35885,0
35886,2
35887,0
35888,0
35889,0
35890,0
35891,5
35892,0
35893,3
35894,1
35895,3
35896,0
35897,3
35898,0
35899,3
35900,5
35901,3
35902,6
35903,7
35904,7
35905,4
35906,3
35907,5
35908,6
35909,3
35910,0
35911,3
35912,0
35913,0
35914,3
35915,1
35916,3
35917,5
35918,2
35919,0
35920,3
35921,0
35922,2
35923,0
35924,7
35925,1
35926,6
35927,3
35928,0
35929,1
35930,3
35931,1
35932,0
35933,5
35934,5
35935,1
35936,1
35937,0
35938,5
35939,0
35940,4
35941,3
35942,5
35943,0
35944,3
35945,2
35946,1
35947,8
35948,1
35949,0
35950,6
35951,6
35952,2
35953,1
35954,0
35955,1
35956,0
35957,2
35958,1
35959,3
35960,0
35961,0
35962,5
35963,3
35964,5
35965,1
35966,2
35967,0
35968,6
35969,6
35970,0
35971,1
35972,0
35973,1
35974,2
35975,0
35976,1
35977,6
35978,0
35979,1
35980,0
35981,0
35982,6
35983,0
35984,0
35985,0
35986,0
35987,6
35988,5
35989,5
35990,1
35991,3
35992,1
35993,0
35994,0
35995,3
35996,0
35997,3
35998,0
35999,0
36000,1
36001,0
36002,0
36003,0
36004,0
36005,0
36006,5
36007,2
36008,3
36009,2
36010,7
36011,3
36012,3
36013,1
36014,3
36015,1
36016,0
36017,1
36018,4
36019,2
36020,0
36021,0
36022,1
36023,0
36024,5
36025,0
36026,1
36027,0
36028,0
36029,0
36030,3
36031,3
36032,0
36033,0
36034,7
36035,0
36036,0
36037,6
36038,3
36039,4
36040,1
36041,0
36042,0
36043,5
36044,2
36045,0
36046,3
36047,6
36048,0
36049,0
36050,7
36051,3
36052,1
36053,3
36054,0
36055,2
36056,5
36057,5
36058,4
36059,0
36060,0
36061,5
36062,1
36063,0
36064,2
36065,0
36066,3
36067,0
36068,7
36069,0
36070,0
36071,0
36072,0
36073,2
36074,0
36075,2
36076,1
36077,0
36078,7
36079,3
36080,1
36081,3
36082,4
36083,0
36084,2
36085,3
36086,7
36087,8
36088,0
36089,1
36090,7
36091,3
36092,0
36093,0
36094,0
36095,5
36096,0
36097,0
36098,0
36099,1
36100,0
36101,1
36102,4
36103,0
36104,4
36105,2
36106,1
36107,7
36108,6
36109,1
36110,1
36111,0
36112,0
36113,5
36114,2
36115,1
36116,1
36117,1
36118,0
36119,0
36120,1
36121,0
36122,3
36123,5
36124,0
36125,5
36126,2
36127,0
36128,1
36129,3
36130,0
36131,0
36132,1
36133,8
36134,0
36135,1
36136,1
36137,0
36138,1
36139,4
36140,1
36141,6
36142,0
36143,7
36144,6
36145,2
36146,0
36147,4
36148,4
36149,7
36150,2
36151,1
36152,0
36153,6
36154,3
36155,0
36156,3
36157,6
36158,4
36159,0
36160,0
36161,0
36162,1
36163,3
36164,5
36165,0
36166,3
36167,2
36168,0
36169,6
36170,2
36171,5
36172,0
36173,5
36174,3
36175,1
36176,0
36177,0
36178,1
36179,7
36180,0
36181,0
36182,0
36183,0
36184,0
36185,1
36186,7
36187,0
36188,0
36189,0
36190,0
36191,1
36192,0
36193,6
36194,6
36195,3
36196,0
36197,7
36198,3
36199,2
36200,0
36201,3
36202,1
36203,3
36204,1
36205,0
36206,1
36207,0
36208,2
36209,4
36210,2
36211,3
36212,6
36213,1
36214,0
36215,0
36216,7
36217,4
36218,3
36219,0
36220,6
36221,0
36222,2
36223,0
36224,2
36225,8
36226,3
36227,0
36228,0
36229,1
36230,0
36231,3
36232,0
36233,1
36234,5
36235,7
36236,0
36237,1
36238,3
36239,1
36240,1
36241,1
36242,2
36243,0
36244,0
36245,0
36246,0
36247,1
36248,1
36249,0
36250,2
36251,0
36252,7
36253,0
36254,4
36255,5
36256,0
36257,0
36258,1
36259,2
36260,2
36261,1
36262,2
36263,0
36264,3
36265,6
36266,3
36267,1
36268,0
36269,0
36270,5
36271,5
36272,1
36273,2
36274,5
36275,0
36276,0
36277,3
36278,3
36279,0
36280,1
36281,1
36282,3
36283,1
36284,3
36285,0
36286,0
36287,8
36288,3
36289,1
36290,0
36291,1
36292,3
36293,1
36294,7
36295,8
36296,0
36297,1
36298,2
36299,0
36300,0
36301,1
36302,0
36303,0
36304,3
36305,2
36306,0
36307,1
36308,5
36309,0
36310,1
36311,0
36312,2
36313,4
36314,1
36315,0
36316,3
36317,1
36318,3
36319,6
36320,3
36321,7
36322,7
36323,6
36324,2
36325,3
36326,0
36327,4
36328,0
36329,0
36330,0
36331,1
36332,0
36333,3
36334,1
36335,2
36336,1
36337,7
36338,4
36339,0
36340,1
36341,3
36342,3
36343,1
36344,0
36345,1
36346,3
36347,2
36348,0
36349,7
36350,1
36351,0
36352,1
36353,1
36354,2
36355,2
36356,2
36357,5
36358,0
36359,1
36360,1
36361,3
36362,4
36363,1
36364,1
36365,0
36366,1
36367,0
36368,3
36369,2
36370,0
36371,6
36372,3
36373,2
36374,3
36375,1
36376,0
36377,5
36378,1
36379,0
36380,2
36381,2
36382,1
36383,6
36384,0
36385,1
36386,2
36387,7
36388,0
36389,3
36390,1
36391,0
36392,1
36393,2
36394,1
36395,0
36396,1
36397,0
36398,4
36399,0
36400,0
36401,1
36402,0
36403,4
36404,1
36405,3
36406,0
36407,0
36408,1
36409,3
36410,0
36411,3
36412,1
36413,1
36414,0
36415,2
36416,1
36417,1
36418,0
36419,3
36420,2
36421,5
36422,7
36423,6
36424,3
36425,2
36426,1
36427,1
36428,3
36429,4
36430,3
36431,6
36432,0
36433,0
36434,2
36435,0
36436,1
36437,1
36438,8
36439,1
36440,3
36441,3
36442,0
36443,0
36444,0
36445,1
36446,6
36447,1
36448,0
36449,0
36450,8
36451,1
36452,0
36453,1
36454,2
36455,6
36456,1
36457,1
36458,2
36459,1
36460,0
36461,1
36462,8
36463,5
36464,5
36465,5
36466,1
36467,0
36468,5
36469,0
36470,8
36471,6
36472,0
36473,6
36474,0
36475,3
36476,4
36477,3
36478,0
36479,3
36480,3
36481,0
36482,7
36483,0
36484,0
36485,2
36486,0
36487,0
36488,2
36489,1
36490,1
36491,0
36492,0
36493,3
36494,5
36495,1
36496,0
36497,5
36498,0
36499,3
36500,0
36501,3
36502,3
36503,7
36504,1
36505,3
36506,7
36507,0
36508,7
36509,0
36510,6
36511,0
36512,3
36513,7
36514,0
36515,0
36516,0
36517,0
36518,0
36519,0
36520,0
36521,0
36522,1
36523,3
36524,1
36525,0
36526,7
36527,1
36528,0
36529,2
36530,0
36531,2
36532,1
36533,1
36534,1
36535,6
36536,6
36537,0
36538,3
36539,3
36540,0
36541,3
36542,2
36543,4
36544,2
36545,2
36546,2
36547,2
36548,6
36549,0
36550,3
36551,6
36552,1
36553,2
36554,3
36555,0
36556,2
36557,2
36558,1
36559,1
36560,3
36561,0
36562,1
36563,2
36564,7
36565,1
36566,2
36567,1
36568,0
36569,6
36570,1
36571,1
36572,0
36573,0
36574,0
36575,1
36576,6
36577,4
36578,2
36579,1
36580,0
36581,8
36582,0
36583,0
36584,7
36585,2
36586,1
36587,0
36588,1
36589,5
36590,6
36591,7
36592,3
36593,7
36594,7
36595,0
36596,0
36597,0
36598,0
36599,0
36600,1
36601,1
36602,3
36603,3
36604,0
36605,0
36606,0
36607,2
36608,3
36609,4
36610,5
36611,2
36612,2
36613,0
36614,0
36615,0
36616,1
36617,3
36618,3
36619,1
36620,0
36621,0
36622,1
36623,0
36624,1
36625,1
36626,2
36627,1
36628,0
36629,2
36630,2
36631,5
36632,1
36633,1
36634,3
36635,3
36636,2
36637,3
36638,2
36639,1
36640,4
36641,1
36642,2
36643,5
36644,1
36645,0
36646,3
36647,1
36648,1
36649,1
36650,6
36651,0
36652,3
36653,6
36654,1
36655,1
36656,0
36657,1
36658,2
36659,1
36660,1
36661,6
36662,5
36663,0
36664,1
36665,0
36666,0
36667,1
36668,5
36669,2
36670,7
36671,1
36672,0
36673,0
36674,2
36675,1
36676,3
36677,1
36678,3
36679,0
36680,2
36681,0
36682,7
36683,1
36684,1
36685,2
36686,0
36687,0
36688,0
36689,8
36690,4
36691,0
36692,2
36693,6
36694,5
36695,3
36696,1
36697,7
36698,0
36699,6
36700,1
36701,1
36702,0
36703,3
36704,3
36705,7
36706,0
36707,0
36708,0
36709,0
36710,0
36711,3
36712,3
36713,6
36714,6
36715,1
36716,1
36717,1
36718,5
36719,3
36720,1
36721,4
36722,1
36723,0
36724,3
36725,0
36726,3
36727,6
36728,2
36729,0
36730,1
36731,3
36732,3
36733,0
36734,0
36735,3
36736,0
36737,1
36738,1
36739,8
36740,1
36741,3
36742,0
36743,1
36744,0
36745,1
36746,0
36747,0
36748,3
36749,0
36750,0
36751,6
36752,0
36753,7
36754,0
36755,2
36756,1
36757,6
36758,0
36759,1
36760,1
36761,2
36762,0
36763,6
36764,1
36765,1
36766,0
36767,1
36768,5
36769,7
36770,5
36771,2
36772,1
36773,5
36774,6
36775,3
36776,0
36777,0
36778,0
36779,2
36780,0
36781,3
36782,6
36783,8
36784,0
36785,1
36786,0
36787,2
36788,3
36789,7
36790,1
36791,0
36792,0
36793,6
36794,4
36795,0
36796,4
36797,1
36798,8
36799,1
36800,3
36801,1
36802,1
36803,1
36804,2
36805,2
36806,0
36807,0
36808,0
36809,3
36810,2
36811,1
36812,7
36813,5
36814,1
36815,1
36816,2
36817,0
36818,6
36819,7
36820,1
36821,1
36822,1
36823,0
36824,0
36825,1
36826,0
36827,1
36828,8
36829,1
36830,0
36831,0
36832,1
36833,1
36834,8
36835,0
36836,0
36837,0
36838,6
36839,3
36840,1
36841,0
36842,6
36843,3
36844,0
36845,6
36846,1
36847,1
36848,0
36849,1
36850,1
36851,2
36852,5
36853,0
36854,7
36855,0
36856,0
36857,0
36858,1
36859,0
36860,0
36861,0
36862,6
36863,0
36864,4
36865,6
36866,0
36867,2
36868,1
36869,1
36870,3
36871,6
36872,0
36873,2
36874,1
36875,3
36876,5
36877,6
36878,7
36879,0
36880,3
36881,3
36882,0
36883,5
36884,1
36885,2
36886,0
36887,4
36888,6
36889,7
36890,3
36891,5
36892,1
36893,0
36894,0
36895,1
36896,0
36897,2
36898,2
36899,2
36900,0
36901,1
36902,5
36903,0
36904,3
36905,6
36906,1
36907,5
36908,3
36909,3
36910,1
36911,2
36912,0
36913,5
36914,0
36915,3
36916,0
36917,1
36918,3
36919,1
36920,3
36921,0
36922,0
36923,3
36924,1
36925,0
36926,2
36927,7
36928,2
36929,6
36930,2
36931,5
36932,1
36933,0
36934,2
36935,0
36936,0
36937,0
36938,0
36939,7
36940,0
36941,1
36942,1
36943,5
36944,0
36945,3
36946,1
36947,0
36948,3
36949,7
36950,7
36951,0
36952,2
36953,0
36954,5
36955,3
36956,2
36957,2
36958,1
36959,1
36960,1
36961,7
36962,0
36963,0
36964,1
36965,0
36966,0
36967,3
36968,0
36969,1
36970,1
36971,3
36972,1
36973,6
36974,1
36975,3
36976,0
36977,0
36978,1
36979,2
36980,0
36981,0
36982,0
36983,7
36984,1
36985,0
36986,1
36987,1
36988,5
36989,6
36990,5
36991,7
36992,0
36993,9
36994,1
36995,1
36996,1
36997,3
36998,0
36999,1
37000,6
37001,1
37002,0
37003,0
37004,5
37005,0
37006,0
37007,3
37008,0
37009,8
37010,4
37011,4
37012,1
37013,3
37014,7
37015,0
37016,0
37017,6
37018,0
37019,0
37020,1
37021,6
37022,0
37023,0
37024,6
37025,3
37026,3
37027,7
37028,0
37029,0
37030,5
37031,0
37032,1
37033,2
37034,3
37035,0
37036,7
37037,2
37038,2
37039,0
37040,2
37041,0
37042,5
37043,2
37044,5
37045,1
37046,1
37047,1
37048,1
37049,0
37050,1
37051,2
37052,1
37053,6
37054,0
37055,4
37056,0
37057,3
37058,0
37059,2
37060,1
37061,0
37062,0
37063,0
37064,0
37065,1
37066,0
37067,1
37068,1
37069,1
37070,6
37071,2
37072,0
37073,0
37074,3
37075,3
37076,1
37077,7
37078,4
37079,1
37080,3
37081,3
37082,5
37083,0
37084,0
37085,2
37086,1
37087,5
37088,3
37089,0
37090,0
37091,0
37092,5
37093,6
37094,7
37095,2
37096,6
37097,1
37098,1
37099,1
37100,4
37101,0
37102,6
37103,1
37104,0
37105,1
37106,1
37107,0
37108,1
37109,0
37110,6
37111,5
37112,0
37113,1
37114,0
37115,0
37116,7
37117,0
37118,5
37119,0
37120,2
37121,3
37122,7
37123,0
37124,1
37125,0
37126,0
37127,0
37128,0
37129,3
37130,1
37131,1
37132,7
37133,2
37134,3
37135,5
37136,2
37137,0
37138,8
37139,1
37140,3
37141,3
37142,2
37143,6
37144,2
37145,5
37146,0
37147,1
37148,4
37149,3
37150,2
37151,0
37152,0
37153,0
37154,1
37155,0
37156,0
37157,2
37158,0
37159,0
37160,0
37161,6
37162,3
37163,2
37164,4
37165,1
37166,3
37167,0
37168,0
37169,0
37170,1
37171,0
37172,5
37173,6
37174,3
37175,0
37176,6
37177,3
37178,2
37179,0
37180,1
37181,1
37182,0
37183,0
37184,0
37185,2
37186,3
37187,0
37188,1
37189,2
37190,0
37191,5
37192,0
37193,3
37194,5
37195,1
37196,5
37197,6
37198,0
37199,7
37200,1
37201,0
37202,0
37203,0
37204,3
37205,7
37206,6
37207,1
37208,2
37209,1
37210,6
37211,0
37212,3
37213,2
37214,1
37215,1
37216,1
37217,1
37218,7
37219,2
37220,0
37221,1
37222,3
37223,4
37224,3
37225,2
37226,0
37227,2
37228,6
37229,3
37230,0
37231,3
37232,2
37233,0
37234,0
37235,0
37236,1
37237,0
37238,1
37239,0
37240,0
37241,0
37242,6
37243,0
37244,7
37245,0
37246,0
37247,1
37248,7
37249,5
37250,7
37251,2
37252,4
37253,7
37254,0
37255,1
37256,3
37257,0
37258,3
37259,7
37260,7
37261,0
37262,0
37263,0
37264,2
37265,6
37266,3
37267,6
37268,0
37269,0
37270,1
37271,0
37272,0
37273,3
37274,3
37275,0
37276,2
37277,3
37278,0
37279,3
37280,0
37281,3
37282,1
37283,0
37284,7
37285,0
37286,1
37287,5
37288,6
37289,0
37290,1
37291,5
37292,5
37293,2
37294,7
37295,2
37296,0
37297,1
37298,1
37299,5
37300,3
37301,1
37302,6
37303,2
37304,0
37305,0
37306,3
37307,0
37308,0
37309,0
37310,1
37311,0
37312,3
37313,2
37314,4
37315,0
37316,1
37317,8
37318,0
37319,7
37320,1
37321,2
37322,1
37323,3
37324,3
37325,4
37326,7
37327,0
37328,5
37329,6
37330,3
37331,1
37332,7
37333,7
37334,3
37335,0
37336,7
37337,7
37338,1
37339,7
37340,7
37341,6
37342,3
37343,0
37344,0
37345,2
37346,6
37347,7
37348,2
37349,1
37350,2
37351,3
37352,3
37353,7
37354,2
37355,7
37356,3
37357,2
37358,1
37359,4
37360,3
37361,0
37362,1
37363,3
37364,6
37365,2
37366,2
37367,0
37368,0
37369,7
37370,0
37371,1
37372,3
37373,2
37374,0
37375,0
37376,7
37377,0
37378,2
37379,0
37380,2
37381,0
37382,3
37383,0
37384,1
37385,0
37386,0
37387,1
37388,1
37389,0
37390,1
37391,3
37392,6
37393,1
37394,7
37395,3
37396,2
37397,1
37398,0
37399,1
37400,5
37401,0
37402,6
37403,2
37404,1
37405,0
37406,0
37407,1
37408,1
37409,2
37410,0
37411,3
37412,6
37413,1
37414,1
37415,3
37416,1
37417,2
37418,3
37419,6
37420,1
37421,7
37422,1
37423,5
37424,0
37425,3
37426,1
37427,1
37428,1
37429,1
37430,1
37431,2
37432,7
37433,7
37434,2
37435,0
37436,7
37437,1
37438,0
37439,0
37440,4
37441,0
37442,0
37443,0
37444,0
37445,5
37446,1
37447,4
37448,0
37449,3
37450,1
37451,0
37452,4
37453,1
37454,0
37455,1
37456,1
37457,0
37458,5
37459,6
37460,1
37461,1
37462,1
37463,1
37464,3
37465,4
37466,0
37467,3
37468,3
37469,0
37470,3
37471,1
37472,0
37473,3
37474,8
37475,7
37476,0
37477,1
37478,1
37479,1
37480,0
37481,0
37482,3
37483,7
37484,5
37485,2
37486,1
37487,0
37488,8
37489,3
37490,0
37491,1
37492,0
37493,4
37494,4
37495,1
37496,3
37497,1
37498,7
37499,1
37500,6
37501,6
37502,2
37503,0
37504,2
37505,0
37506,7
37507,1
37508,2
37509,1
37510,0
37511,6
37512,0
37513,4
37514,3
37515,2
37516,0
37517,1
37518,1
37519,1
37520,0
37521,0
37522,0
37523,1
37524,3
37525,5
37526,0
37527,1
37528,2
37529,3
37530,5
37531,0
37532,7
37533,0
37534,0
37535,1
37536,0
37537,3
37538,5
37539,7
37540,1
37541,2
37542,1
37543,5
37544,3
37545,0
37546,5
37547,0
37548,1
37549,0
37550,7
37551,2
37552,5
37553,0
37554,3
37555,3
37556,4
37557,3
37558,0
37559,0
37560,3
37561,2
37562,0
37563,6
37564,1
37565,2
37566,0
37567,6
37568,1
37569,1
37570,3
37571,0
37572,1
37573,3
37574,3
37575,0
37576,0
37577,0
37578,3
37579,5
37580,1
37581,0
37582,7
37583,1
37584,0
37585,1
37586,1
37587,0
37588,6
37589,2
37590,1
37591,6
37592,0
37593,2
37594,1
37595,7
37596,1
37597,3
37598,1
37599,1
37600,1
37601,1
37602,5
37603,0
37604,5
37605,3
37606,1
37607,1
37608,1
37609,2
37610,2
37611,0
37612,1
37613,1
37614,7
37615,0
37616,2
37617,3
37618,6
37619,3
37620,0
37621,0
37622,3
37623,7
37624,5
37625,0
37626,3
37627,8
37628,0
37629,2
37630,1
37631,1
37632,7
37633,3
37634,1
37635,5
37636,1
37637,0
37638,6
37639,7
37640,6
37641,0
37642,0
37643,0
37644,4
37645,0
37646,3
37647,6
37648,6
37649,3
37650,3
37651,5
37652,1
37653,3
37654,6
37655,1
37656,0
37657,1
37658,3
37659,5
37660,3
37661,6
37662,0
37663,0
37664,1
37665,1
37666,0
37667,1
37668,2
37669,0
37670,0
37671,1
37672,0
37673,6
37674,7
37675,0
37676,1
37677,1
37678,3
37679,0
37680,0
37681,0
37682,0
37683,1
37684,4
37685,6
37686,7
37687,5
37688,5
37689,0
37690,1
37691,4
37692,4
37693,2
37694,1
37695,0
37696,0
37697,0
37698,5
37699,3
37700,4
37701,3
37702,2
37703,6
37704,0
37705,1
37706,0
37707,7
37708,6
37709,2
37710,7
37711,1
37712,0
37713,1
37714,2
37715,1
37716,1
37717,6
37718,3
37719,1
37720,0
37721,0
37722,2
37723,7
37724,2
37725,1
37726,5
37727,2
37728,0
37729,6
37730,1
37731,0
37732,0
37733,5
37734,0
37735,0
37736,0
37737,0
37738,7
37739,0
37740,7
37741,7
37742,1
37743,0
37744,0
37745,1
37746,1
37747,4
37748,3
37749,1
37750,2
37751,0
37752,3
37753,1
37754,0
37755,1
37756,0
37757,1
37758,0
37759,0
37760,1
37761,0
37762,5
37763,6
37764,1
37765,1
37766,7
37767,7
37768,1
37769,0
37770,0
37771,1
37772,0
37773,5
37774,1
37775,1
37776,4
37777,2
37778,0
37779,4
37780,0
37781,3
37782,1
37783,0
37784,0
37785,0
37786,3
37787,1
37788,0
37789,2
37790,3
37791,0
37792,6
37793,0
37794,2
37795,1
37796,7
37797,0
37798,3
37799,1
37800,2
37801,3
37802,2
37803,8
37804,0
37805,0
37806,6
37807,6
37808,0
37809,1
37810,1
37811,0
37812,7
37813,7
37814,2
37815,2
37816,1
37817,1
37818,6
37819,0
37820,2
37821,2
37822,3
37823,3
37824,5
37825,1
37826,1
37827,0
37828,1
37829,2
37830,1
37831,6
37832,2
37833,0
37834,3
37835,8
37836,7
37837,5
37838,4
37839,0
37840,1
37841,2
37842,0
37843,0
37844,1
37845,0
37846,0
37847,2
37848,3
37849,2
37850,3
37851,1
37852,0
37853,3
37854,2
37855,5
37856,0
37857,2
37858,0
37859,0
37860,0
37861,0
37862,0
37863,4
37864,0
37865,1
37866,0
37867,0
37868,3
37869,0
37870,6
37871,0
37872,0
37873,1
37874,3
37875,1
37876,5
37877,0
37878,2
37879,0
37880,5
37881,3
37882,3
37883,3
37884,1
37885,0
37886,1
37887,5
37888,0
37889,0
37890,1
37891,1
37892,6
37893,5
37894,0
37895,0
37896,0
37897,5
37898,1
37899,0
37900,3
37901,2
37902,2
37903,0
37904,0
37905,5
37906,5
37907,0
37908,2
37909,7
37910,1
37911,0
37912,2
37913,0
37914,3
37915,6
37916,2
37917,0
37918,6
37919,1
37920,0
37921,0
37922,7
37923,0
37924,5
37925,1
37926,0
37927,1
37928,0
37929,0
37930,0
37931,0
37932,0
37933,0
37934,1
37935,2
37936,3
37937,2
37938,3
37939,6
37940,4
37941,0
37942,0
37943,1
37944,5
37945,1
37946,1
37947,7
37948,0
37949,0
37950,0
37951,6
37952,1
37953,0
37954,3
37955,0
37956,2
37957,1
37958,3
37959,1
37960,0
37961,0
37962,4
37963,0
37964,4
37965,3
37966,3
37967,3
37968,0
37969,1
37970,0
37971,0
37972,4
37973,0
37974,0
37975,7
37976,7
37977,0
37978,0
37979,0
37980,7
37981,5
37982,0
37983,0
37984,0
37985,2
37986,2
37987,2
37988,2
37989,1
37990,1
37991,3
37992,6
37993,7
37994,3
37995,0
37996,1
37997,6
37998,3
37999,1
38000,0
38001,3
38002,0
38003,1
38004,1
38005,1
38006,3
38007,3
38008,7
38009,0
38010,0
38011,4
38012,1
38013,2
38014,1
38015,0
38016,0
38017,0
38018,1
38019,1
38020,1
38021,2
38022,1
38023,0
38024,7
38025,0
38026,0
38027,2
38028,3
38029,1
38030,3
38031,1
38032,0
38033,0
38034,0
38035,1
38036,0
38037,0
38038,0
38039,0
38040,5
38041,2
38042,1
38043,3
38044,3
38045,0
38046,1
38047,2
38048,3
38049,1
38050,3
38051,3
38052,0
38053,0
38054,1
38055,1
38056,0
38057,7
38058,3
38059,2
38060,7
38061,2
38062,6
38063,7
38064,0
38065,0
38066,2
38067,1
38068,4
38069,2
38070,1
38071,6
38072,0
38073,7
38074,0
38075,7
38076,6
38077,0
38078,3
38079,1
38080,0
38081,3
38082,0
38083,0
38084,1
38085,0
38086,3
38087,2
38088,0
38089,1
38090,1
38091,1
38092,2
38093,1
38094,4
38095,0
38096,3
38097,1
38098,2
38099,3
38100,5
38101,3
38102,6
38103,2
38104,2
38105,2
38106,2
38107,0
38108,0
38109,1
38110,6
38111,0
38112,0
38113,1
38114,0
38115,0
38116,5
38117,1
38118,0
38119,1
38120,1
38121,2
38122,2
38123,0
38124,2
38125,4
38126,1
38127,6
38128,6
38129,1
38130,2
38131,1
38132,1
38133,3
38134,4
38135,0
38136,1
38137,3
38138,1
38139,2
38140,5
38141,0
38142,4
38143,3
38144,0
38145,1
38146,0
38147,0
38148,0
38149,0
38150,2
38151,2
38152,2
38153,1
38154,3
38155,0
38156,0
38157,7
38158,6
38159,0
38160,0
38161,6
38162,6
38163,0
38164,1
38165,2
38166,0
38167,0
38168,6
38169,2
38170,0
38171,0
38172,5
38173,0
38174,0
38175,4
38176,0
38177,0
38178,1
38179,0
38180,1
38181,1
38182,5
38183,7
38184,1
38185,1
38186,3
38187,1
38188,0
38189,7
38190,1
38191,3
38192,3
38193,6
38194,1
38195,1
38196,0
38197,1
38198,4
38199,2
38200,0
38201,3
38202,6
38203,1
38204,0
38205,0
38206,0
38207,0
38208,1
38209,2
38210,0
38211,1
38212,0
38213,4
38214,0
38215,0
38216,0
38217,0
38218,3
38219,1
38220,3
38221,0
38222,2
38223,0
38224,0
38225,0
38226,3
38227,1
38228,0
38229,0
38230,2
38231,2
38232,7
38233,0
38234,3
38235,0
38236,7
38237,6
38238,5
38239,2
38240,0
38241,1
38242,1
38243,0
38244,0
38245,0
38246,0
38247,5
38248,1
38249,2
38250,3
38251,3
38252,6
38253,0
38254,4
38255,4
38256,0
38257,1
38258,0
38259,1
38260,0
38261,6
38262,0
38263,5
38264,0
38265,1
38266,5
38267,5
38268,1
38269,0
38270,5
38271,3
38272,1
38273,5
38274,5
38275,2
38276,1
38277,1
38278,1
38279,0
38280,3
38281,0
38282,1
38283,3
38284,2
38285,0
38286,1
38287,0
38288,0
38289,2
38290,7
38291,2
38292,0
38293,1
38294,4
38295,0
38296,6
38297,0
38298,7
38299,1
38300,1
38301,1
38302,5
38303,4
38304,1
38305,0
38306,4
38307,0
38308,0
38309,4
38310,3
38311,1
38312,7
38313,1
38314,6
38315,2
38316,0
38317,6
38318,7
38319,0
38320,3
38321,1
38322,1
38323,5
38324,0
38325,0
38326,3
38327,0
38328,3
38329,0
38330,3
38331,0
38332,0
38333,1
38334,2
38335,7
38336,2
38337,3
38338,7
38339,1
38340,3
38341,3
38342,6
38343,1
38344,6
38345,2
38346,5
38347,0
38348,1
38349,0
38350,2
38351,3
38352,0
38353,3
38354,0
38355,5
38356,3
38357,7
38358,7
38359,0
38360,1
38361,1
38362,6
38363,0
38364,1
38365,6
38366,2
38367,6
38368,0
38369,0
38370,0
38371,3
38372,0
38373,3
38374,4
38375,2
38376,0
38377,1
38378,2
38379,2
38380,7
38381,1
38382,7
38383,1
38384,0
38385,7
38386,1
38387,7
38388,1
38389,2
38390,1
38391,0
38392,1
38393,3
38394,1
38395,5
38396,7
38397,2
38398,7
38399,3
38400,0
38401,3
38402,0
38403,6
38404,2
38405,3
38406,0
38407,1
38408,0
38409,0
38410,0
38411,0
38412,1
38413,1
38414,2
38415,0
38416,2
38417,3
38418,0
38419,2
38420,0
38421,3
38422,3
38423,5
38424,4
38425,2
38426,4
38427,1
38428,2
38429,0
38430,6
38431,3
38432,5
38433,0
38434,3
38435,0
38436,0
38437,1
38438,1
38439,2
38440,3
38441,6
38442,0
38443,2
38444,3
38445,0
38446,1
38447,0
38448,2
38449,1
38450,0
38451,3
38452,0
38453,7
38454,2
38455,2
38456,0
38457,6
38458,2
38459,0
38460,1
38461,6
38462,2
38463,2
38464,7
38465,2
38466,1
38467,1
38468,1
38469,0
38470,2
38471,3
38472,2
38473,0
38474,3
38475,3
38476,6
38477,1
38478,8
38479,7
38480,0
38481,0
38482,0
38483,0
38484,0
38485,6
38486,1
38487,0
38488,0
38489,0
38490,5
38491,1
38492,0
38493,2
38494,3
38495,1
38496,0
38497,1
38498,6
38499,2
38500,0
38501,2
38502,7
38503,4
38504,7
38505,7
38506,0
38507,1
38508,6
38509,3
38510,1
38511,1
38512,1
38513,3
38514,8
38515,1
38516,2
38517,0
38518,2
38519,6
38520,3
38521,1
38522,1
38523,0
38524,5
38525,1
38526,0
38527,1
38528,0
38529,0
38530,3
38531,1
38532,6
38533,3
38534,3
38535,3
38536,0
38537,5
38538,3
38539,8
38540,2
38541,0
38542,0
38543,0
38544,5
38545,1
38546,6
38547,2
38548,6
38549,0
38550,6
38551,5
38552,0
38553,0
38554,0
38555,0
38556,1
38557,0
38558,2
38559,6
38560,0
38561,0
38562,4
38563,7
38564,3
38565,0
38566,0
38567,7
38568,1
38569,6
38570,2
38571,0
38572,7
38573,0
38574,1
38575,1
38576,0
38577,0
38578,7
38579,0
38580,1
38581,1
38582,0
38583,6
38584,1
38585,2
38586,3
38587,1
38588,5
38589,3
38590,0
38591,1
38592,0
38593,2
38594,0
38595,1
38596,0
38597,1
38598,1
38599,1
38600,6
38601,0
38602,2
38603,1
38604,1
38605,0
38606,7
38607,1
38608,1
38609,1
38610,0
38611,7
38612,6
38613,4
38614,1
38615,0
38616,2
38617,1
38618,0
38619,1
38620,1
38621,0
38622,6
38623,0
38624,2
38625,1
38626,6
38627,6
38628,3
38629,1
38630,1
38631,2
38632,3
38633,1
38634,0
38635,6
38636,3
38637,0
38638,2
38639,1
38640,7
38641,0
38642,2
38643,3
38644,6
38645,3
38646,5
38647,3
38648,2
38649,0
38650,1
